-- phpMyAdmin SQL Dump
-- version 5.2.1
-- https://www.phpmyadmin.net/
--
-- Servidor: localhost:3306
-- Tiempo de generación: 06-05-2024 a las 22:44:15
-- Versión del servidor: 10.6.16-MariaDB-cll-lve
-- Versión de PHP: 8.1.25

SET SQL_MODE = "NO_AUTO_VALUE_ON_ZERO";
START TRANSACTION;
SET time_zone = "+00:00";


/*!40101 SET @OLD_CHARACTER_SET_CLIENT=@@CHARACTER_SET_CLIENT */;
/*!40101 SET @OLD_CHARACTER_SET_RESULTS=@@CHARACTER_SET_RESULTS */;
/*!40101 SET @OLD_COLLATION_CONNECTION=@@COLLATION_CONNECTION */;
/*!40101 SET NAMES utf8mb4 */;

--
-- Base de datos: `mxcaionl_spivet_boletera_dash`
--

-- --------------------------------------------------------

--
-- Estructura de tabla para la tabla `catalogo_categorias_programas`
--

CREATE TABLE `catalogo_categorias_programas` (
  `idsystemcatproon` int(11) NOT NULL,
  `categorias_programas_nombre` varchar(50) NOT NULL
) ENGINE=InnoDB DEFAULT CHARSET=latin1 COLLATE=latin1_swedish_ci ROW_FORMAT=DYNAMIC;

--
-- Volcado de datos para la tabla `catalogo_categorias_programas`
--

INSERT INTO `catalogo_categorias_programas` (`idsystemcatproon`, `categorias_programas_nombre`) VALUES
(1, 'Webinar'),
(2, 'Curso'),
(3, 'Taller'),
(4, 'Diplomado');

-- --------------------------------------------------------

--
-- Estructura de tabla para la tabla `catalogo_clientes`
--

CREATE TABLE `catalogo_clientes` (
  `idsystemcli` int(11) NOT NULL,
  `clientes_idsolicitud` int(11) DEFAULT NULL,
  `clientes_nombre` varchar(50) NOT NULL,
  `clientes_apellido1` varchar(40) NOT NULL,
  `clientes_apellido2` varchar(40) DEFAULT NULL,
  `clientes_email` varchar(70) NOT NULL,
  `clientes_telefono` varchar(20) NOT NULL,
  `clientes_pais` varchar(100) DEFAULT NULL,
  `clientes_codigopostal` varchar(6) NOT NULL,
  `id_municipio` int(11) NOT NULL,
  `id_country` int(10) NOT NULL,
  `id_state` int(10) NOT NULL,
  `clientes_photo` varchar(120) NOT NULL DEFAULT '-',
  `clientes_status` int(11) NOT NULL DEFAULT 1,
  `clientes_matricula` varchar(30) DEFAULT NULL,
  `clientes_password` varchar(16) DEFAULT NULL,
  `clientes_fechacreacion` datetime NOT NULL
) ENGINE=InnoDB DEFAULT CHARSET=latin1 COLLATE=latin1_swedish_ci ROW_FORMAT=DYNAMIC;

--
-- Volcado de datos para la tabla `catalogo_clientes`
--

INSERT INTO `catalogo_clientes` (`idsystemcli`, `clientes_idsolicitud`, `clientes_nombre`, `clientes_apellido1`, `clientes_apellido2`, `clientes_email`, `clientes_telefono`, `clientes_pais`, `clientes_codigopostal`, `id_municipio`, `id_country`, `id_state`, `clientes_photo`, `clientes_status`, `clientes_matricula`, `clientes_password`, `clientes_fechacreacion`) VALUES
(1, 1, 'Cesar Osgual', 'Velazquez', 'Alvarez', 'vcesarosgu@gmail.com', '52 3132132132', NULL, '31564', 0, 42, 1753, '-', 1, NULL, NULL, '2024-03-06 14:23:34'),
(2, 2, 'Yolanda', 'Hernandez', 'Hernandez', 'vcesarosgu@gmail.com', '52 3216554875', NULL, '74180', 0, 42, 1745, '-', 1, NULL, NULL, '2024-03-06 16:01:27'),
(3, 3, 'America', 'Ibañes', 'Blanca', 'vcesarosgu@gmail.com', '52 3221545698', NULL, '21549', 0, 42, 1753, '-', 1, NULL, NULL, '2024-03-06 16:16:33'),
(4, 4, 'moro', 'prez', 'Mendez', 'moro@mail.com', '+52 2223783989', NULL, '76000', 0, 42, 1753, '-', 1, NULL, NULL, '2024-03-22 09:57:37'),
(5, 5, 'fsdaf', 'fdsa', 'fdasf', 'moro@mqil.com', '+52 2234234234', NULL, '54354', 0, 42, 1753, '-', 1, NULL, NULL, '2024-03-22 13:41:54'),
(6, 6, 'Moro3', 'Perez3', 'MEndez3', 'moro3@mail.com', '+52 2234323333', NULL, '78678', 0, 42, 1753, 'fotoperfil_166.jpg', 1, NULL, NULL, '2024-03-22 14:59:35'),
(7, 7, 'Moro4', 'Perez4', 'Mendez4', 'moro4@mail.com', '+52 2234233444', NULL, '44090', 0, 42, 1753, 'fotoperfil_MOP1711146447.jpg', 1, NULL, NULL, '2024-03-22 16:27:27'),
(8, 8, 'Moro4', 'Perez4', 'Mendez4', 'moro4@mail.com', '+52 2234233444', NULL, '44090', 0, 42, 1753, 'fotoperfil_MOP1711146540.jpg', 1, NULL, NULL, '2024-03-22 16:29:00'),
(9, 9, 'Moro4', 'Perez4', 'Mendez4', 'moro4@mail.com', '+52 2234233444', NULL, '44090', 0, 42, 1753, 'fotoperfil_MOP1711146608.jpg', 1, NULL, NULL, '2024-03-22 16:30:08'),
(10, 10, 'Moroni', 'Perez', 'Mendez', 'moroniperez@mail.com', '+52 2234454645', NULL, '76000', 0, 42, 1753, 'fotoperfil_MOP1711217459.jpg', 1, NULL, NULL, '2024-03-23 12:10:59'),
(11, 11, 'Erneto', 'Contreras', 'Juarez', 'ernestocj@mail.com', '+52 2234234432', NULL, '44435', 0, 42, 1753, 'fotoperfil_ERC1711233855.jpg', 1, NULL, NULL, '2024-03-23 16:44:15'),
(12, 12, 'Ermerejildo', 'Contreras', 'Borrego', 'ermerejildo@mail.com', '+52 2224341121', NULL, '23423', 0, 42, 1753, 'fotoperfil_ERC1711234068.jpg', 1, NULL, NULL, '2024-03-23 16:47:48');

-- --------------------------------------------------------

--
-- Estructura de tabla para la tabla `catalogo_cobros`
--

CREATE TABLE `catalogo_cobros` (
  `idsystemcobrocat` int(11) NOT NULL,
  `cobroscata_idregcobro` int(11) NOT NULL,
  `cobroscata_idtransaccion` varchar(50) NOT NULL,
  `cobroscata_idtransaccion_secondary` varchar(50) DEFAULT NULL,
  `cobroscata_moneda` varchar(10) NOT NULL,
  `cobroscata_intercambiomoneda` float DEFAULT NULL,
  `cobroscata_ivaformapago` float NOT NULL,
  `cobroscata_preciobase` decimal(9,2) NOT NULL,
  `cobroscata_montotransaccion` decimal(9,2) NOT NULL,
  `iva` decimal(16,2) NOT NULL DEFAULT 0.00,
  `iva_amount` decimal(16,2) NOT NULL DEFAULT 0.00,
  `cobroscata_comisionporcentaje` float NOT NULL,
  `cobroscata_comisionporcentajeinicial` float NOT NULL,
  `cobroscata_comisiondinero` float NOT NULL,
  `comision_total` decimal(16,2) NOT NULL DEFAULT 0.00,
  `cobroscata_descuento` decimal(9,2) NOT NULL,
  `descuentos_idsystemdescuento` int(11) DEFAULT NULL,
  `descuento_code` varchar(5) DEFAULT NULL,
  `cobroscata_fechapago` datetime NOT NULL,
  `cobroscata_status` int(11) NOT NULL DEFAULT 0,
  `clientes_idsystemcli` int(11) NOT NULL,
  `forma_depago_IDsystemapades` int(11) NOT NULL,
  `tablausd_idsystemusd` int(11) DEFAULT NULL,
  `facturar` tinyint(1) NOT NULL DEFAULT 0,
  `facturacion_constancia` varchar(60) DEFAULT NULL,
  `cobroscata_terminosycondiciones` tinyint(1) NOT NULL DEFAULT 0,
  `cobroscata_pdf` varchar(60) DEFAULT NULL,
  `cobroscata_adjunto` varchar(150) DEFAULT NULL,
  `cobroscata_notas` text NOT NULL
) ENGINE=InnoDB DEFAULT CHARSET=latin1 COLLATE=latin1_swedish_ci ROW_FORMAT=DYNAMIC;

--
-- Volcado de datos para la tabla `catalogo_cobros`
--

INSERT INTO `catalogo_cobros` (`idsystemcobrocat`, `cobroscata_idregcobro`, `cobroscata_idtransaccion`, `cobroscata_idtransaccion_secondary`, `cobroscata_moneda`, `cobroscata_intercambiomoneda`, `cobroscata_ivaformapago`, `cobroscata_preciobase`, `cobroscata_montotransaccion`, `iva`, `iva_amount`, `cobroscata_comisionporcentaje`, `cobroscata_comisionporcentajeinicial`, `cobroscata_comisiondinero`, `comision_total`, `cobroscata_descuento`, `descuentos_idsystemdescuento`, `descuento_code`, `cobroscata_fechapago`, `cobroscata_status`, `clientes_idsystemcli`, `forma_depago_IDsystemapades`, `tablausd_idsystemusd`, `facturar`, `facturacion_constancia`, `cobroscata_terminosycondiciones`, `cobroscata_pdf`, `cobroscata_adjunto`, `cobroscata_notas`) VALUES
(1, 100, '1100', '', 'MXN', NULL, 0, 6500.00, 6500.00, 0.00, 0.00, 0, 0, 0, 0.00, 0.00, NULL, NULL, '2024-03-06 15:46:29', 1, 1, 6, NULL, 0, NULL, 1, '1100.pdf', NULL, ''),
(2, 101, '2101', '', 'MXN', NULL, 0, 6500.00, 6500.00, 0.00, 0.00, 0, 0, 0, 0.00, 0.00, NULL, NULL, '2024-03-06 16:08:29', 1, 2, 5, NULL, 0, NULL, 1, '2101.pdf', 'Adjunto_101.pdf', ''),
(3, 102, '3102', '', 'MXN', NULL, 0, 6500.00, 6500.00, 0.00, 0.00, 0, 0, 0, 0.00, 0.00, NULL, NULL, '2024-03-06 16:19:23', 1, 3, 6, NULL, 0, NULL, 1, '3102.pdf', NULL, ''),
(4, 103, '123451711123057', '123451711123057TDD', 'MXN', NULL, 0, 6500.00, 6730.85, 0.00, 0.00, 3.49, 3.49, 4, 230.85, 0.00, NULL, NULL, '2024-03-22 09:57:37', 1, 4, 4, NULL, 0, NULL, 1, '123451711123057.pdf', NULL, ''),
(5, 104, '123451711136514', '123451711136514TDD', 'MXN', NULL, 0, 6500.00, 6730.85, 0.00, 0.00, 3.49, 3.49, 4, 230.85, 0.00, NULL, NULL, '2024-03-22 13:41:54', 1, 5, 4, NULL, 0, NULL, 1, '123451711136514.pdf', NULL, ''),
(6, 105, '123451711141175', '123451711141175TDD', 'MXN', NULL, 0, 6500.00, 6730.85, 0.00, 0.00, 3.49, 3.49, 4, 230.85, 0.00, NULL, NULL, '2024-03-22 14:59:35', 1, 6, 4, NULL, 0, NULL, 1, '123451711141175.pdf', NULL, ''),
(7, 106, '123451711146447', '123451711146447TDD', 'MXN', NULL, 0, 6500.00, 6730.85, 0.00, 0.00, 3.49, 3.49, 4, 230.85, 0.00, NULL, NULL, '2024-03-22 16:27:27', 1, 7, 4, NULL, 0, NULL, 1, '123451711146447.pdf', NULL, ''),
(8, 107, '123451711146540', '123451711146540TDD', 'MXN', NULL, 0, 6500.00, 6730.85, 0.00, 0.00, 3.49, 3.49, 4, 230.85, 0.00, NULL, NULL, '2024-03-22 16:29:00', 1, 8, 4, NULL, 0, NULL, 1, '123451711146540.pdf', NULL, ''),
(9, 108, '123451711146608', '123451711146608TDD', 'MXN', NULL, 0, 6500.00, 6730.85, 0.00, 0.00, 3.49, 3.49, 4, 230.85, 0.00, NULL, NULL, '2024-03-22 16:30:08', 1, 9, 4, NULL, 0, NULL, 1, '123451711146608.pdf', NULL, ''),
(10, 109, '123451711217459', '123451711217459TDD', 'MXN', NULL, 0, 4200.00, 4350.58, 0.00, 0.00, 3.49, 3.49, 4, 150.58, 0.00, NULL, NULL, '2024-03-23 12:10:59', 1, 10, 4, NULL, 0, NULL, 1, '123451711217459.pdf', NULL, ''),
(11, 110, '123451711233855', '123451711233855TDD', 'MXN', NULL, 0, 4200.00, 4350.58, 0.00, 0.00, 3.49, 3.49, 4, 150.58, 0.00, NULL, NULL, '2024-03-23 16:44:15', 1, 11, 4, NULL, 0, NULL, 1, '123451711233855.pdf', NULL, ''),
(12, 111, '123451711234068', '123451711234068TDD', 'MXN', NULL, 0, 4200.00, 4350.58, 0.00, 0.00, 3.49, 3.49, 4, 150.58, 0.00, NULL, NULL, '2024-03-23 16:47:48', 1, 12, 4, NULL, 0, NULL, 1, '123451711234068.pdf', NULL, '');

-- --------------------------------------------------------

--
-- Estructura de tabla para la tabla `catalogo_cobros_items`
--

CREATE TABLE `catalogo_cobros_items` (
  `idsystemcobrocataitem` int(11) NOT NULL,
  `cobroscata_idsystemcobrocat` int(11) NOT NULL,
  `catalogo_productos_idsystemcatpro` int(11) NOT NULL,
  `clientes_idsystemcli` int(11) NOT NULL,
  `cobroscata_items_skupaquete` varchar(15) DEFAULT NULL,
  `paquetes_idsystempaquete` int(11) DEFAULT NULL,
  `cobroscata_items_moneda` varchar(10) NOT NULL,
  `cobroscata_items_preciobase` decimal(9,2) NOT NULL,
  `cobroscata_items_preciodescuento` decimal(9,2) NOT NULL,
  `cobroscata_items_preciodescuentopaquete` decimal(9,2) NOT NULL,
  `cobroscata_items_preciounitario` decimal(9,2) NOT NULL,
  `cobroscata_items_subtotal` decimal(9,2) NOT NULL,
  `cobroscata_items_descuentoproducto` decimal(9,2) NOT NULL,
  `cobroscata_items_descuentocompra` decimal(9,2) NOT NULL,
  `cobroscata_items_ivaporcentaje` float NOT NULL,
  `cobroscata_items_ivadinero` decimal(9,2) NOT NULL,
  `cobroscata_items_preciofinal` decimal(9,2) NOT NULL,
  `file_boleto` varchar(80) DEFAULT NULL,
  `modality` enum('Presencial','Virtual') NOT NULL,
  `id_deliverable` int(11) DEFAULT 0
) ENGINE=InnoDB DEFAULT CHARSET=latin1 COLLATE=latin1_swedish_ci ROW_FORMAT=DYNAMIC;

--
-- Volcado de datos para la tabla `catalogo_cobros_items`
--

INSERT INTO `catalogo_cobros_items` (`idsystemcobrocataitem`, `cobroscata_idsystemcobrocat`, `catalogo_productos_idsystemcatpro`, `clientes_idsystemcli`, `cobroscata_items_skupaquete`, `paquetes_idsystempaquete`, `cobroscata_items_moneda`, `cobroscata_items_preciobase`, `cobroscata_items_preciodescuento`, `cobroscata_items_preciodescuentopaquete`, `cobroscata_items_preciounitario`, `cobroscata_items_subtotal`, `cobroscata_items_descuentoproducto`, `cobroscata_items_descuentocompra`, `cobroscata_items_ivaporcentaje`, `cobroscata_items_ivadinero`, `cobroscata_items_preciofinal`, `file_boleto`, `modality`, `id_deliverable`) VALUES
(1, 1, 8, 1, NULL, NULL, 'MXN', 6500.00, 6500.00, 6500.00, 6500.00, 6500.00, 0.00, 0.00, 0, 0.00, 6500.00, '1100_DCT108.pdf', 'Virtual', 0),
(2, 2, 8, 2, NULL, NULL, 'MXN', 6500.00, 6500.00, 6500.00, 6500.00, 6500.00, 0.00, 0.00, 0, 0.00, 6500.00, '2101_DCT108.pdf', 'Virtual', 0),
(3, 3, 8, 3, NULL, NULL, 'MXN', 6500.00, 6500.00, 6500.00, 6500.00, 6500.00, 0.00, 0.00, 0, 0.00, 6500.00, '3102_DCT108.pdf', 'Virtual', 0),
(4, 4, 8, 4, NULL, NULL, 'MXN', 6500.00, 6500.00, 6500.00, 6500.00, 6500.00, 0.00, 0.00, 0, 0.00, 6500.00, '123451711123057_DCT108.pdf', 'Virtual', 0),
(5, 5, 8, 5, NULL, NULL, 'MXN', 6500.00, 6500.00, 6500.00, 6500.00, 6500.00, 0.00, 0.00, 0, 0.00, 6500.00, '123451711136514_DCT108.pdf', 'Virtual', 0),
(6, 6, 8, 6, NULL, NULL, 'MXN', 6500.00, 6500.00, 6500.00, 6500.00, 6500.00, 0.00, 0.00, 0, 0.00, 6500.00, '123451711141175_DCT108.pdf', 'Virtual', 0),
(7, 9, 8, 9, NULL, NULL, 'MXN', 6500.00, 6500.00, 6500.00, 6500.00, 6500.00, 0.00, 0.00, 0, 0.00, 6500.00, '123451711146608_DCT108.pdf', 'Virtual', 173),
(8, 10, 3, 10, NULL, NULL, 'MXN', 4200.00, 4200.00, 4200.00, 4200.00, 4200.00, 0.00, 0.00, 0, 0.00, 4200.00, '123451711217459_DCT103.pdf', 'Presencial', 174),
(9, 11, 3, 11, NULL, NULL, 'MXN', 4200.00, 4200.00, 4200.00, 4200.00, 4200.00, 0.00, 0.00, 0, 0.00, 4200.00, '123451711233855_DCT103.pdf', 'Presencial', 175),
(10, 12, 3, 12, NULL, NULL, 'MXN', 4200.00, 4200.00, 4200.00, 4200.00, 4200.00, 0.00, 0.00, 0, 0.00, 4200.00, '123451711234068_DCT103.pdf', 'Presencial', 176);

-- --------------------------------------------------------

--
-- Estructura de tabla para la tabla `catalogo_descuentos`
--

CREATE TABLE `catalogo_descuentos` (
  `idsystemdescuento` int(11) NOT NULL,
  `descuento_tipo` int(11) NOT NULL COMMENT '1=Producto,2=Compra',
  `descuento_formato` varchar(20) NOT NULL DEFAULT '',
  `descuento_cantidad` float NOT NULL DEFAULT 0,
  `descuento_cantidad2` float DEFAULT 0,
  `descuento_existencia` int(11) DEFAULT 0,
  `descuento_valido_desde` datetime NOT NULL,
  `descuento_valido_hasta` datetime NOT NULL,
  `descuento_codigo` varchar(5) DEFAULT '',
  `descuento_estatus` tinyint(1) NOT NULL DEFAULT 1,
  `descuento_notas` varchar(150) DEFAULT ''
) ENGINE=InnoDB DEFAULT CHARSET=latin1 COLLATE=latin1_swedish_ci ROW_FORMAT=DYNAMIC;

--
-- Volcado de datos para la tabla `catalogo_descuentos`
--

INSERT INTO `catalogo_descuentos` (`idsystemdescuento`, `descuento_tipo`, `descuento_formato`, `descuento_cantidad`, `descuento_cantidad2`, `descuento_existencia`, `descuento_valido_desde`, `descuento_valido_hasta`, `descuento_codigo`, `descuento_estatus`, `descuento_notas`) VALUES
(1, 2, 'Porcentaje', 100, 0, 19, '2024-01-01 00:00:00', '2024-03-31 23:59:00', 'ABCDE', 1, 'cupon gratis'),
(2, 2, 'Porcentaje', 10, 0, 29, '2024-01-01 00:00:00', '2024-03-31 17:14:00', 'AAAAA', 1, '10% de descuento');

-- --------------------------------------------------------

--
-- Estructura de tabla para la tabla `catalogo_forma_depago`
--

CREATE TABLE `catalogo_forma_depago` (
  `IDsystemapades` int(11) NOT NULL,
  `plataforma` varchar(20) NOT NULL,
  `Nombrepago` varchar(60) NOT NULL,
  `comision_porcentajeinicial` float NOT NULL,
  `comision_pesos` float NOT NULL,
  `comision_dolares` float NOT NULL,
  `iva` float NOT NULL,
  `disponible` tinyint(1) NOT NULL DEFAULT 1
) ENGINE=InnoDB DEFAULT CHARSET=latin1 COLLATE=latin1_swedish_ci ROW_FORMAT=DYNAMIC;

--
-- Volcado de datos para la tabla `catalogo_forma_depago`
--

INSERT INTO `catalogo_forma_depago` (`IDsystemapades`, `plataforma`, `Nombrepago`, `comision_porcentajeinicial`, `comision_pesos`, `comision_dolares`, `iva`, `disponible`) VALUES
(0, 'Ninguna', 'Ninguna', 0, 0, 0, 0, 0),
(1, 'Openpay', 'TDC/TDD', 0, 0, 0, 0, 0),
(2, 'Openpay', 'SPEI - Transferencia', 0, 0, 0, 0, 0),
(3, 'Openpay', 'Pago en establecimiento', 0, 0, 0, 0, 0),
(4, 'MercadoPago', 'TDC/TDD', 3.49, 4, 0, 0, 1),
(5, 'Ninguna', 'SPEI', 0, 0, 0, 0, 1),
(6, 'Ninguna', 'Efectivo', 0, 0, 0, 0, 1);

-- --------------------------------------------------------

--
-- Estructura de tabla para la tabla `catalogo_productos`
--

CREATE TABLE `catalogo_productos` (
  `idsystemcatpro` int(11) NOT NULL,
  `catalogo_productos_sku` varchar(30) NOT NULL,
  `catalogo_tipoproductos_idsystemtipopro` int(11) NOT NULL,
  `empresa_idsystemEmpresa` int(11) DEFAULT NULL,
  `categorias_programasonline_idsystemcatproon` int(11) NOT NULL,
  `producto_modalidad_idsystemprodmod` int(11) NOT NULL,
  `catalogo_productos_idMdl` int(11) DEFAULT 0,
  `catalogo_productos_idprospectus` int(11) DEFAULT 0,
  `catalogo_productos_nombre` varchar(120) NOT NULL DEFAULT '',
  `catalogo_productos_duracion` varchar(40) NOT NULL DEFAULT '',
  `catalogo_productos_descripcioncorta` varchar(600) NOT NULL DEFAULT '',
  `catalogo_productos_descripcionlarga` text NOT NULL,
  `catalogo_productos_esquemacursos` text DEFAULT NULL,
  `catalogo_productos_incluye` text DEFAULT NULL,
  `catalogo_productos_link` varchar(300) DEFAULT '',
  `catalogo_productos_thumbfacilitador` varchar(120) DEFAULT '',
  `catalogo_productos_namefacilitador` varchar(70) DEFAULT '',
  `catalogo_productos_positionfacilitador` varchar(120) DEFAULT '',
  `catalogo_productos_nameBlogNote` varchar(70) DEFAULT '',
  `catalogo_productos_dateBlogNote` varchar(70) DEFAULT '',
  `catalogo_productos_nameFailitadorBlogNote` varchar(70) DEFAULT '',
  `catalogo_productos_linkBlogNote` varchar(120) DEFAULT '',
  `catalogo_productos_fechainicio` date DEFAULT NULL,
  `catalogo_productos_fechafin` date DEFAULT NULL,
  `presencial_direccion` varchar(120) DEFAULT NULL,
  `presencial_linklocation` varchar(300) DEFAULT NULL,
  `virtual_notas` varchar(120) DEFAULT NULL,
  `virtual_link` varchar(300) DEFAULT NULL,
  `catalogo_productos_iva` float NOT NULL DEFAULT 0,
  `catalogo_productos_preciomx` float NOT NULL DEFAULT 0,
  `catalogo_productos_preciousd` float DEFAULT 0,
  `catalogo_productos_preciomx_descuento` float DEFAULT 0,
  `catalogo_productos_preciousd_descuento` float DEFAULT 0,
  `descuentos_idsystemdescuento` int(11) DEFAULT NULL,
  `catalogo_productos_file_folleto` varchar(70) DEFAULT '',
  `catalogo_productos_file_thumb` varchar(255) DEFAULT '',
  `catalogo_productos_thumb_encabezado` varchar(250) DEFAULT '',
  `catalogo_productos_file_promocion` varchar(255) DEFAULT '',
  `catalogo_productos_publicado` tinyint(1) NOT NULL DEFAULT 0,
  `catalogo_productos_stock` int(11) NOT NULL DEFAULT 0,
  `catalogo_productos_fechacreacion` datetime NOT NULL DEFAULT current_timestamp(),
  `contacto` varchar(250) NOT NULL
) ENGINE=InnoDB DEFAULT CHARSET=latin1 COLLATE=latin1_swedish_ci ROW_FORMAT=DYNAMIC;

--
-- Volcado de datos para la tabla `catalogo_productos`
--

INSERT INTO `catalogo_productos` (`idsystemcatpro`, `catalogo_productos_sku`, `catalogo_tipoproductos_idsystemtipopro`, `empresa_idsystemEmpresa`, `categorias_programasonline_idsystemcatproon`, `producto_modalidad_idsystemprodmod`, `catalogo_productos_idMdl`, `catalogo_productos_idprospectus`, `catalogo_productos_nombre`, `catalogo_productos_duracion`, `catalogo_productos_descripcioncorta`, `catalogo_productos_descripcionlarga`, `catalogo_productos_esquemacursos`, `catalogo_productos_incluye`, `catalogo_productos_link`, `catalogo_productos_thumbfacilitador`, `catalogo_productos_namefacilitador`, `catalogo_productos_positionfacilitador`, `catalogo_productos_nameBlogNote`, `catalogo_productos_dateBlogNote`, `catalogo_productos_nameFailitadorBlogNote`, `catalogo_productos_linkBlogNote`, `catalogo_productos_fechainicio`, `catalogo_productos_fechafin`, `presencial_direccion`, `presencial_linklocation`, `virtual_notas`, `virtual_link`, `catalogo_productos_iva`, `catalogo_productos_preciomx`, `catalogo_productos_preciousd`, `catalogo_productos_preciomx_descuento`, `catalogo_productos_preciousd_descuento`, `descuentos_idsystemdescuento`, `catalogo_productos_file_folleto`, `catalogo_productos_file_thumb`, `catalogo_productos_thumb_encabezado`, `catalogo_productos_file_promocion`, `catalogo_productos_publicado`, `catalogo_productos_stock`, `catalogo_productos_fechacreacion`, `contacto`) VALUES
(1, 'DCT101', 1, 1, 1, 2, 0, 0, 'Entrenamiento mental para deportistas: Autoconfianza', '6 horas', '<div>¿Alguna vez te dijeron que tenes que tener más confianza? ¿Alguna vez, te dijeron cómo? En este curso veremos múltiples ejercicios para mejorar la AUTOCONFIANZA.</div>', '<div style=\"-webkit-text-stroke-width:0px;background-color:rgb(255, 255, 255);color:rgb(0, 0, 0);font-family:Verdana, Arial, Helvetica, sans-serif;font-size:13.3333px;font-style:normal;font-variant-caps:normal;font-variant-ligatures:normal;font-weight:400;letter-spacing:normal;orphans:2;text-align:start;text-decoration-color:initial;text-decoration-style:initial;text-decoration-thickness:initial;text-indent:0px;text-transform:none;white-space:normal;widows:2;word-spacing:0px;\">La práctica de la “atención plena”, la meditación, cada vez es más practicada por los deportistas porque permite desarrollar mayor control sobre uno mismo así como mejorar la concentración y el estar presente en el momento preciso. Tarea realmente necesaria cuando queremos rendir en nuestro deporte y tener éxito.<br>&nbsp;</div><div style=\"-webkit-text-stroke-width:0px;background-color:rgb(255, 255, 255);color:rgb(0, 0, 0);font-family:Verdana, Arial, Helvetica, sans-serif;font-size:13.3333px;font-style:normal;font-variant-caps:normal;font-variant-ligatures:normal;font-weight:400;letter-spacing:normal;orphans:2;text-align:start;text-decoration-color:initial;text-decoration-style:initial;text-decoration-thickness:initial;text-indent:0px;text-transform:none;white-space:normal;widows:2;word-spacing:0px;\"><strong>Temario:</strong></div><div style=\"-webkit-text-stroke-width:0px;background-color:rgb(255, 255, 255);color:rgb(0, 0, 0);font-family:Verdana, Arial, Helvetica, sans-serif;font-size:13.3333px;font-style:normal;font-variant-caps:normal;font-variant-ligatures:normal;font-weight:400;letter-spacing:normal;orphans:2;text-align:start;text-decoration-color:initial;text-decoration-style:initial;text-decoration-thickness:initial;text-indent:0px;text-transform:none;white-space:normal;widows:2;word-spacing:0px;\">&nbsp;</div><div style=\"-webkit-text-stroke-width:0px;background-color:rgb(255, 255, 255);color:rgb(0, 0, 0);font-family:Verdana, Arial, Helvetica, sans-serif;font-size:13.3333px;font-style:normal;font-variant-caps:normal;font-variant-ligatures:normal;font-weight:400;letter-spacing:normal;orphans:2;text-align:start;text-decoration-color:initial;text-decoration-style:initial;text-decoration-thickness:initial;text-indent:0px;text-transform:none;white-space:normal;widows:2;word-spacing:0px;\">A. La mente.</div><div style=\"-webkit-text-stroke-width:0px;background-color:rgb(255, 255, 255);color:rgb(0, 0, 0);font-family:Verdana, Arial, Helvetica, sans-serif;font-size:13.3333px;font-style:normal;font-variant-caps:normal;font-variant-ligatures:normal;font-weight:400;letter-spacing:normal;orphans:2;text-align:start;text-decoration-color:initial;text-decoration-style:initial;text-decoration-thickness:initial;text-indent:0px;text-transform:none;white-space:normal;widows:2;word-spacing:0px;\">B. Autoconfianza.</div><div style=\"-webkit-text-stroke-width:0px;background-color:rgb(255, 255, 255);color:rgb(0, 0, 0);font-family:Verdana, Arial, Helvetica, sans-serif;font-size:13.3333px;font-style:normal;font-variant-caps:normal;font-variant-ligatures:normal;font-weight:400;letter-spacing:normal;orphans:2;text-align:start;text-decoration-color:initial;text-decoration-style:initial;text-decoration-thickness:initial;text-indent:0px;text-transform:none;white-space:normal;widows:2;word-spacing:0px;\">C. Respiración y relajación.</div><div style=\"-webkit-text-stroke-width:0px;background-color:rgb(255, 255, 255);color:rgb(0, 0, 0);font-family:Verdana, Arial, Helvetica, sans-serif;font-size:13.3333px;font-style:normal;font-variant-caps:normal;font-variant-ligatures:normal;font-weight:400;letter-spacing:normal;orphans:2;text-align:start;text-decoration-color:initial;text-decoration-style:initial;text-decoration-thickness:initial;text-indent:0px;text-transform:none;white-space:normal;widows:2;word-spacing:0px;\">D. Ejercicios: evidencia del pasado.</div><div style=\"-webkit-text-stroke-width:0px;background-color:rgb(255, 255, 255);color:rgb(0, 0, 0);font-family:Verdana, Arial, Helvetica, sans-serif;font-size:13.3333px;font-style:normal;font-variant-caps:normal;font-variant-ligatures:normal;font-weight:400;letter-spacing:normal;orphans:2;text-align:start;text-decoration-color:initial;text-decoration-style:initial;text-decoration-thickness:initial;text-indent:0px;text-transform:none;white-space:normal;widows:2;word-spacing:0px;\">E. Ejercicios: la mente en el presente.</div><div style=\"-webkit-text-stroke-width:0px;background-color:rgb(255, 255, 255);color:rgb(0, 0, 0);font-family:Verdana, Arial, Helvetica, sans-serif;font-size:13.3333px;font-style:normal;font-variant-caps:normal;font-variant-ligatures:normal;font-weight:400;letter-spacing:normal;orphans:2;text-align:start;text-decoration-color:initial;text-decoration-style:initial;text-decoration-thickness:initial;text-indent:0px;text-transform:none;white-space:normal;widows:2;word-spacing:0px;\">F. Ejercicios: la mente en el futuro.</div><div style=\"-webkit-text-stroke-width:0px;background-color:rgb(255, 255, 255);color:rgb(0, 0, 0);font-family:Verdana, Arial, Helvetica, sans-serif;font-size:13.3333px;font-style:normal;font-variant-caps:normal;font-variant-ligatures:normal;font-weight:400;letter-spacing:normal;orphans:2;text-align:start;text-decoration-color:initial;text-decoration-style:initial;text-decoration-thickness:initial;text-indent:0px;text-transform:none;white-space:normal;widows:2;word-spacing:0px;\">G. LLegando al final: la meta.<br>&nbsp;</div><div style=\"-webkit-text-stroke-width:0px;background-color:rgb(255, 255, 255);color:rgb(0, 0, 0);font-family:Verdana, Arial, Helvetica, sans-serif;font-size:13.3333px;font-style:normal;font-variant-caps:normal;font-variant-ligatures:normal;font-weight:400;letter-spacing:normal;orphans:2;text-align:start;text-decoration-color:initial;text-decoration-style:initial;text-decoration-thickness:initial;text-indent:0px;text-transform:none;white-space:normal;widows:2;word-spacing:0px;\"><strong>Incluye además materiales digitales y mentoria uno a uno.</strong><br>&nbsp;</div><div style=\"-webkit-text-stroke-width:0px;background-color:rgb(255, 255, 255);color:rgb(0, 0, 0);font-family:Verdana, Arial, Helvetica, sans-serif;font-size:13.3333px;font-style:normal;font-variant-caps:normal;font-variant-ligatures:normal;font-weight:400;letter-spacing:normal;orphans:2;text-align:start;text-decoration-color:initial;text-decoration-style:initial;text-decoration-thickness:initial;text-indent:0px;text-transform:none;white-space:normal;widows:2;word-spacing:0px;\">Link video: <a href=\"https://youtu.be/M0kZenkfoV4\" target=\"_blank\">https://youtu.be/M0kZenkfoV4</a></div>', '<p><span style=\"background-color:rgb(255,255,255);color:rgb(0,0,0);font-family:&quot;Open Sans&quot;, Arial, sans-serif;font-size:14px;\"><span style=\"-webkit-text-stroke-width:0px;display:inline !important;float:none;font-style:normal;font-variant-caps:normal;font-variant-ligatures:normal;font-weight:400;letter-spacing:normal;orphans:2;text-align:justify;text-decoration-color:initial;text-decoration-style:initial;text-decoration-thickness:initial;text-indent:0px;text-transform:none;white-space:normal;widows:2;word-spacing:0px;\">Lorem Ipsum\" va a dar por resultado</span></span></p>', '<p><span style=\"background-color:rgb(255,255,255);color:rgb(0,0,0);font-family:Verdana, Arial, Helvetica, sans-serif;font-size:13.3333px;\"><span style=\"-webkit-text-stroke-width:0px;display:inline !important;float:none;font-style:normal;font-variant-caps:normal;font-variant-ligatures:normal;font-weight:400;letter-spacing:normal;orphans:2;text-align:start;text-decoration-color:initial;text-decoration-style:initial;text-decoration-thickness:initial;text-indent:0px;text-transform:none;white-space:normal;widows:2;word-spacing:0px;\">Desarrollar una rutina personal (o varias) de entrenamiento mental que te permitirá mejorar la confianza en vos mismo y RENDIR A TU MÁXIMO NIVEL. Orientada a Deportista, Entrenadores, Psicólogos o cualquier interesado en la temática.</span></span></p>', 'hhhhahahahahahahah', '/archivos/cursos_talleres/profile/DCT101_profile.png,', 'Hugo Perales Boss - Lic. en Psicología con especialidad en Deportes', 'Director', '', '', '', '', '2024-04-04', '2024-04-04', '', '', '131232132', '#', 0.16, 980, 0, 0, 0, NULL, '', '/archivos/cursos_talleres/thumbs/DCT101_thumbs01.,', '/archivos/cursos_talleres/banners/DCT101_banner01.png,', '/archivos/cursos_talleres/banners/DCT101_blog.png,', 0, 17, '2023-08-30 05:37:42', '{\"whats\":\"2221145556\",\"tel\":\"2221145556\",\"email\":\"atencion@piquero.com.mx\"}'),
(2, 'DCT102', 1, 1, 4, 2, 0, 0, 'Finanzas Personales', '25 Horas', '<p>Ejemplo de descripcion corta ejemplo</p>', '<p><span style=\"background-color:rgb(255,255,255);color:rgb(0,0,0);font-family:&quot;Open Sans&quot;, Arial, sans-serif;font-size:14px;\"><span style=\"-webkit-text-stroke-width:0px;display:inline !important;float:none;font-style:normal;font-variant-caps:normal;font-variant-ligatures:normal;font-weight:400;letter-spacing:normal;orphans:2;text-align:justify;text-decoration-color:initial;text-decoration-style:initial;text-decoration-thickness:initial;text-indent:0px;text-transform:none;white-space:normal;widows:2;word-spacing:0px;\">Donec luctus accumsan imperdiet. Ut gravida ipsum non diam elementum, non fermentum nisl imperdiet. Mauris semper pulvinar turpis ac aliquet. Pellentesque habitant morbi tristique senectus et netus et malesuada fames ac turpis egestas. In pretium nisi tortor, eget malesuada ipsum aliquet sed.</span></span></p>', '', '<p><span style=\"background-color:rgb(255,255,255);color:rgb(0,0,0);font-family:&quot;Open Sans&quot;, Arial, sans-serif;font-size:14px;\"><span style=\"-webkit-text-stroke-width:0px;display:inline !important;float:none;font-style:normal;font-variant-caps:normal;font-variant-ligatures:normal;font-weight:400;letter-spacing:normal;orphans:2;text-align:justify;text-decoration-color:initial;text-decoration-style:initial;text-decoration-thickness:initial;text-indent:0px;text-transform:none;white-space:normal;widows:2;word-spacing:0px;\">non fermentum nisl imperdiet. Mauris semper pulvinar turpis ac aliquet. Pellentesque habitant morbi tristique senectus et netus&nbsp;</span></span></p>', '', '/archivos/cursos_talleres/profile/DCT102_profile.png,', 'Lorem Input Soin', '', '', '', '', '', '2024-09-08', '2024-09-11', '', '', 'Notas de curso virual', 'https://zoom.com', 0.16, 1800, 0, 0, 0, NULL, '', '/archivos/cursos_talleres/thumbs/DCT102_thumbs01.png,', '/archivos/cursos_talleres/banners/DCT102_banner01.png,', '/archivos/cursos_talleres/banners/DCT102_blog.png,', 0, 10, '2023-08-30 18:21:06', '{\"whats\":\"0101001010\",\"tel\":\"0101001010\",\"email\":\"correogeneric@gmail.com\"}'),
(3, 'DCT103', 1, 1, 2, 1, 0, 0, 'Retiro del Guerrero Permacultor | 30% descuento pronto pago', '40 Horas', '<p>Entre otros temas en este retiro, compartimos: sistema curativo por dieta amucosa, permacultura y chamanismo, emprender desde el servicio, disciplinas toltecas, prácticas de: pases mágicos, breathworking, ensueño y recapitulación Temazcal.</p>', '<p>Entre otros temas en este retiro, compartimos: sistema curativo por dieta amucosa, permacultura y chamanismo, emprender desde el servicio, disciplinas toltecas, prácticas de: pases mágicos, breathworking, ensueño y recapitulación Temazcal.</p><p><strong>Nuestras premisas en este retiro:</strong></p><p>Yo soy mi propia Guerra.<br>Yo soy mi propia Medicina.</p><p>También te recolectarás con tu camino con corazón. Comenzarás a vaciarte, para poder llenarte de una vida plena. Ofrecemos las herramientas necesarias para que recuperes el poder que tienes para crear tu propia realidad.</p><p>Las circunstancias parecen dominar nuestra vida, pero realmente somos nosotros los que coreamos el mundo. Te empoderamos para que logres crear realidad propia, lograr el máximo de salud, paz, equilibrio, abundancia. Practicamos lo que enseñamos, Granja Tequio es el medio perfecto para subir tu nivel de consciencia.</p><p><strong>Temario:</strong></p><p>- Sistema Curativo por Dieta Amucosa, para cambiar nuestra vida primero debemos vaciarnos.Deja de alimentar a tus parásitos para limpiar tu cuerpo y que logre todo su potencial.</p><p>- Conceptos del Guerrero Permacultor, nuestra vida se plasma desde lo sutil, trabajaremos internamente (zona 00 de Permacultura) para llegar a niveles altos de consciencia.</p><p>- Camino con Corazón, Tener una vida significativa implica que tu camino tenga corazón,emprender desde el servicio. levantarte todos los días para disfrutar lo que haces</p><p>- Breathworking, conectando conscientemente con el subconsciente y el supraconsciente.La respiración es la herramienta más poderosa para aumentar nuestro nivel de consciencia y conectar con nuestra poderosa naturaleza.</p><p>- Herramientas Iniciáticas, un Guerrero es la suma de su poder personal: ejercicios de Disciplinas Toltecas, acecho, recapitulación, pases mágicos, ensueño. La energía se mueve a partir de mi intención.</p><p>- Sueño consciente, compartimos varias herramientas para jugar en el mundo cuántico: lo sútil es más poderoso que lo denso. con menos energía y tiempo podemos conectar con nuestro mejor futuro posible.</p><p><strong>Calendario del retiro:</strong></p><p><strong>.:: Primera sesión (Miercoles) de 11 a 20 hrs. ::.&nbsp;</strong><br>Comida SCDA<br>Intro SCDA<br>Conceptos guerrero permacultor<br>Breathworking<br>Comida SCDA<br>Recapitulación</p><p><strong>.:: Segunda sesión (Jueves) de 9 a 20 hrs ::.</strong><br>Breathworking<br>Dialogo apreciativo<br>Camino con corazón<br>Breathworking<br>Recapitulación<br>Comida SCDA<br>Ensueño</p><p><strong>.:: Tercera sesión (Viernes) de 10 a 20 hrs::.</strong><br>Día de Ayuno<br>Breathworking<br>Pases Mágicos<br>Ensueño<br>Caminata de poder.<br>Breathworking<br>Pases Mágicos<br>Shankaprakshalana</p><p><strong>.:: Cuarta sesión (Sábado) de 9 a 19 hrs ::.</strong><br>Breathworking<br>Pases Mágicos<br>Comida SCDA<br>Herramientas iniciáticas<br>Temazcal<br>Comida SCDA</p><p><strong>.:: Quinta sesión (Domingo) de 9 a 15 hrs ::.</strong><br>Breathworking<br>Pases Mágicos<br>Comida SCDA<br>Cierre del Guerrero Permacultor</p><p><strong>Incluye:</strong></p><p>- Estadía en habitaciones compartidas hechas de materiales naturales (es posible rentar habitación privada con un costo extra).<br>- 7 comidas de limpieza y transición (No Mocoproductoras) con productos orgánicos de Granja Tequio.<br>- Información sobre los diferentes temas (liga en nubea), así como teoría en nuestra aula de bioconstrucción con vista a nuestro estanque natural y bosque comestible.<br>- Prácticas en los espacios naturales así como otras actividades de: temazcal, breathworking, recapitulación, pases mágicos y ensueño.</p><p>- Sistema Curativo por Dieta Amucosa, para cambiar nuestra vida primero debemos vaciarnos.</p>', '', '<p>También te recolectarás con tu camino corazón. Comenzarás a vaciarte, para poder llenarte de una vida plena. Ofrecemos las herramientas necesarias para que recuperes el poder que tienes para crear tu propia realidad.</p>', '', '/archivos/cursos_talleres/profile/DCT103_profile.png,', 'Ke´ Pani Barceló - Permacultor y Arquitecto', '', '', '', '', '', '2024-04-06', '2024-04-10', 'Direccion Generica', '#', '', '', 0.16, 4200, 0, 0, 0, NULL, '', '/archivos/cursos_talleres/thumbs/DCT103_thumbs01.,', '/archivos/cursos_talleres/banners/DCT103_banner01.png,', '', 1, 20, '2023-08-30 20:22:11', '{\"whats\":\"\",\"tel\":\"\",\"email\":\"\"}'),
(4, 'DCT104', 1, 1, 4, 1, 0, 0, 'Diplomado Diseño en Permacultura | 30% descuento pronto pago', '60 Horas', '<p>La permacultura es un sistema de diseño para la creación de paisajes productivos para satisfacer las necesidades del humano, imitando y regenerando a la naturaleza y regeneradora.&nbsp;</p>', '<p>La permacultura es un sistema de diseño para la creación de paisajes productivos para satisfacer las necesidades del humano, imitando y regenerando a la naturaleza y regeneradora. La permacultura nos permite caminar hacia la reconexión con nuestro ser original, caminar hacia La Naturaleza que reside en nosotros mismos. Este curso está enfocado en los pasos básicos, pero esenciales para tener los cimientos exitosos de tu paraíso: productivo, regenerativo, resiliente y saludable de Permacultura.<br><br>Hemos integrado los conocimientos de tres cursos, para tu proyecto de vida: Diseño de permacultura, Escala de permanencia y Agricultura orgánica. Aprende a diseñar tu espacio de salud, abundancia y belleza. Si quieres transitar de la sociedad de consumo al mundo del productor consiente y sustentable. Si tienes un terreno en el cual te has imaginado cosechando salud.&nbsp;<br>Logra la mayor cantidad de productos útiles: comida, agua, madera, medicina, fibras, etc. Sin la necesidad de depender de insumos externos. Siendo lo más autosuficiente posible, pero incrementando las conexiones beneficiosas con el exterior.<br><br>Este diplomado te mostrará como transformar un terreno: devolverle la fertilidad, volverlo productivo con baja inversión y crear abundancia de productos sanos con un mínimo de insumos externos.<br>&nbsp;</p><p><strong>Temario:</strong></p><p><strong>I. Introducción a la Permacultura (Febrero 16 al 18,2024):</strong></p><p>Recorreremos 3 proyectos exitosos y en pleno funcionamiento de Permacultura, para aprender y vivir lo que es la Permacultura: Historia, principios éticos, principios de diseño, flor de la permacultura, Herramientas de diseño.<br><br><strong>II. Diseño de agua (Abril 5 a 7,2024):</strong></p><p>Lo primero que podemos diseñar es el agua: paramos la erosión, captamos agua de lluvia y la expandimos por todo nuestro terreno, para crear nichos de vida y regeneración.<br><br><strong>III. Regeneración de suelos (Mayo 3 a 5,2024):</strong></p><p>Aprenderas practicando a regenerar un suelo aplicándolas 3 “m” minerales, microorganismos y materia orgánica. Todo lo necesario para que el suelo de tu proyecto sea ideal para la vida.<br><br><strong>IV. Bosques comestibles (Junio 7 a 9, 2024):</strong></p><p>En esos nichos aprenderás a diseñar bosques lineales para obtener un rendimiento de productos necesarios para satisfacer. El bosque comestible es el sistema de menor consumo energético para la mayor productividad.</p><p><strong>V. Estanques naturales (Julio 26 a 28,2024):</strong></p><p>Aprenderemos sobre el movimiento, el ciclo y el almacenamiento del agua para mantener el ciclo natural con el ambiente.<br><br><strong>VI. Plan maestro (Octubre 23 a 25,2024):</strong></p><p>Al final aprenderás a ubicar los elementos de tu diseño de manera que se beneficien entre ellos. Logrando la mayor producción con la menor inversión.&nbsp;</p><p><strong>Lo que incluye:</strong></p><p>- Estadía en habitaciones compartidas (es posible rentar habitación privada con un costo extra).<br>- Comidas ovolactovegetariana con productos orgánicos de Granja Tequio. Preparados en estufa ahorradora de leña.<br>- Información sobre los diferentes módulos (compartiremos liga de internet).<br>- Información teórica en nuestra aula de Bioconstrucción con vista a nuestro bosque comestible.<br>- Vive en un espacio exitoso de Permacultura: Granja Tequio durante una semana.<br>- Disfrutar el espacio de Vida Permacultural de Granja Tequio.</p><p>Preguntas frecuentes, a través de la siguiente liga https://bit.ly/3PUI5sU</p>', '', '<p>Este curso está enfocado en los pasos básicos, pero esenciales para tener los cimientos exitosos de tu paraíso: productivo, regenerativo, resiliente y saludable de Permacultura.&nbsp;</p>', '', '/archivos/cursos_talleres/profile/DCT104_profile.png,', ' Ke´ Pani Barceló - Permacultor y Arquitecto ', '', '', '', '', '', '2024-02-16', '2024-11-24', '#', '#', '', '', 0.16, 13000, 0, 0, 0, NULL, '', '/archivos/cursos_talleres/thumbs/DCT104_thumbs01.png,', '/archivos/cursos_talleres/banners/DCT104_banner01.png,', '', 0, 10, '2023-08-30 22:15:04', '{\"whats\":\"\",\"tel\":\"\",\"email\":\"\"}'),
(5, 'DCT105', 1, 1, 2, 2, 0, 0, 'Aguas Abiertas Bajío', '10:00 - 14:00 Hrs', '<p>Normas de información financiera, &nbsp;Balance general, Estado de resultados, entre otros.</p>', '<p><strong>Temario:</strong></p><p>1. Normas de información financiera: Marco conceptual, Revisión general de las normas particulares</p><p>2. Balance general: Estructura, Corto y largo plazo, Capital de trabajo, Activo, Pasivo y Capital</p><p>3. Estado de resultados</p><p>4. Estructura: Resultado operativo, Resultado integral de financiamiento e Impuesto a la utilidad</p><p>5. Estado de flujo de efectivo, Estructura, Hoja de trabajo e Interpretación.</p><p>6. Análisis de Estados Financieros: Horizontal, Vertical, Dupont y Mapa de Navegación</p>', '', '<p>El objetivo de este programa es proporcionar a los participantes las herramientas necesarias que les permitan comprender los estados financieros básicos.</p>', '', '/archivos/cursos_talleres/profile/DCT105_profile.png,', 'MTRO. CARLOS RAMÍREZ SÁNCHEZ', '', '', '', '', '', '2024-07-21', '2024-07-21', '', '', '#', '#', 0.16, 0, 0, 0, 0, NULL, '', '/archivos/cursos_talleres/thumbs/DCT105_thumbs01.png,', '/archivos/cursos_talleres/banners/DCT105_banner01.png,', '/archivos/cursos_talleres/banners/DCT105_blog.png,', 0, 29, '2023-09-06 16:29:02', '{\"whats\":\"222 444 8598\",\"tel\":\"22 233 5081\",\"email\":\"marketing@carpey.mx\"}'),
(6, 'DCT106', 1, 1, 2, 1, 0, 0, 'Implementacion de Inteligencia Artificial', '5 horas', '<p>Demostrar la forma de implemetar la inteligencia artificial en tu entorno</p>', '<p>hivos de texto. Lorem Ipsum ha sido el texto de relleno estándar de las industrias desde el año 1500, cuando un impresor (N. del T. persona que se dedica a la im</p>', '', '<p>hivos de texto. Lorem Ipsum ha sido el texto de relleno estándar de las industrias desde el año 1500, cuando un impresor (N. del T. persona que se dedica a la im</p>', '', '/archivos/cursos_talleres/profile/DCT106_profile.png,', 'Armando de Leon Juarez', '', '', '', '', '', '2024-03-04', '2024-03-04', 'Puebla Centro Calle 5 de Mayo', 'https://maps.app.goo.gl/foEActeuFt7vL3Aq9', '', '', 0.16, 5, 0, 0, 0, NULL, '', '/archivos/cursos_talleres/thumbs/DCT106_thumbs01.png,', '/archivos/cursos_talleres/banners/DCT106_banner01.png,', '', 0, 25, '2024-02-09 22:18:56', '{\"whats\":\"2154875421\",\"tel\":\"2154875000\",\"email\":\"correogenerico@domain.com\"}'),
(7, 'DCT107', 1, 1, 1, 2, 0, 0, 'Certificado en Nutrición Deportiva', '24 horas', '<p><span style=\"background-color:rgb(255,255,255);color:rgb(0,0,0);font-family:Verdana, Arial, Helvetica, sans-serif;font-size:13.3333px;\"><span style=\"-webkit-text-stroke-width:0px;display:inline !important;float:none;font-style:normal;font-variant-caps:normal;font-variant-ligatures:normal;font-weight:400;letter-spacing:normal;orphans:2;text-align:start;text-decoration-color:initial;text-decoration-style:initial;text-decoration-thickness:initial;text-indent:0px;text-transform:none;white-space:normal;widows:2;word-spacing:0px;\">Estudia nutrición deportiva y logra optimizar la selección de los&', '<div>En este espacio de capacitación aprenderás sobre propiedades de los grupos de alimentos relacionados al deporte, en sus distintas etapas de la preparación física.</div><div>&nbsp;</div><div><strong>Temario:</strong></div><div>&nbsp;</div><div>A. Plato del buen comer.</div><div>B. ¿Qué consume el cuerpo mientras te mueves?</div><div>C. Nutrición aplicada al deporte.</div><div>D. Mediciones calóricas y gasto calórico.</div><div>E. Tips de ajuste para uso personal.<br>&nbsp;</div><div>Incluye además materiales digitales y acceso a plataforma virtual por dos semanas.</div><div>Link video: <a href=\"https://youtu.be/_QKoOeSXm1g\" target=\"_blank\">https://youtu.be/_QKoOeSXm1g</a></div>', '', '<p><span style=\"background-color:rgb(255,255,255);color:rgb(0,0,0);font-family:Verdana, Arial, Helvetica, sans-serif;font-size:13.3333px;\"><span style=\"-webkit-text-stroke-width:0px;display:inline !important;float:none;font-style:normal;font-variant-caps:normal;font-variant-ligatures:normal;font-weight:400;letter-spacing:normal;orphans:2;text-align:start;text-decoration-color:initial;text-decoration-style:initial;text-decoration-thickness:initial;text-indent:0px;text-transform:none;white-space:normal;widows:2;word-spacing:0px;\">Aprender sobre el tipo de alimentos y nutrición que usa un deportista de alto rendimiento según los tiempos de su planeación. Este curso esta orientado a Profesionales de las ciencias de la salud, estudiantes y graduados de programas afines.</span></span></p>', '', '/archivos/cursos_talleres/profile/DCT107_profile.png,', 'Arnulfo Gomez Viera - Médico y nutriólogo de la Selección Nacional', '', '', '', '', '', '2024-08-03', '2024-08-05', '', '', '#', '#', 0.16, 1900, 0, 0, 0, NULL, '', '/archivos/cursos_talleres/thumbs/DCT107_thumbs01.png,', '/archivos/cursos_talleres/banners/DCT107_banner01.png,', '/archivos/cursos_talleres/banners/DCT107_blog.png,', 0, 19, '2024-02-21 23:13:13', '{\"whats\":\"2221145556\",\"tel\":\"2221145556\",\"email\":\"atencion@piquero.com.mx\"}'),
(8, 'DCT108', 1, 1, 1, 2, 0, 0, 'Business Aquatic Webinar 2.0', '3 días', '<p>Conferencias, talleres y mesas redondas. Juntos podremos descubrir todas las áreas de mejora para tu alerca.</p>', '<p><strong>Talleres interactivos:</strong></p><ul><li>Proyecciones financieras</li><li>Análisis fiscales</li><li>Análisis FODA</li><li>Esquemas legales</li><li>&nbsp;Estrategias de marketing</li><li>Análisis de reducción de gastos</li></ul><p><strong>Contenido:</strong></p><ul><li>Legal</li><li>Fiscal</li><li>Financiero</li><li>Mantenimiento</li><li>Marketing</li></ul><p><strong>Qué incluye:</strong></p><ul><li>Material digital</li><li>Mesas redondas</li><li>Intercambio de ideas con expertos</li><li>Un ambiente ideal para revolucionar tu negocio</li></ul><p>&nbsp;</p>', '', '<p>Generar conocimiento sobre diversas áreas: legal, financiero, mantenimiento y marketing.</p>', '', '/archivos/cursos_talleres/profile/DCT108_profile.png,', 'CEFOPREA', '', '', '', '', '', '2024-04-28', '2024-04-30', '', '', '.', '#', 0.16, 6500, 0, 0, 0, NULL, '', '/archivos/cursos_talleres/thumbs/DCT108_thumbs01.,', '/archivos/cursos_talleres/banners/DCT108_banner01.png,', '', 1, 18, '2024-02-27 18:30:35', '{\"whats\":\"\",\"tel\":\"\",\"email\":\"\"}');

-- --------------------------------------------------------

--
-- Estructura de tabla para la tabla `catalogo_producto_modalidad`
--

CREATE TABLE `catalogo_producto_modalidad` (
  `idsystemprodmod` int(11) NOT NULL,
  `modalidad_nombre` varchar(50) NOT NULL
) ENGINE=InnoDB DEFAULT CHARSET=latin1 COLLATE=latin1_swedish_ci ROW_FORMAT=DYNAMIC;

--
-- Volcado de datos para la tabla `catalogo_producto_modalidad`
--

INSERT INTO `catalogo_producto_modalidad` (`idsystemprodmod`, `modalidad_nombre`) VALUES
(1, 'Presencial'),
(2, 'Virtual'),
(3, 'Mixto');

-- --------------------------------------------------------

--
-- Estructura de tabla para la tabla `catalogo_tipoproductos`
--

CREATE TABLE `catalogo_tipoproductos` (
  `idsystemtipopro` int(11) NOT NULL,
  `catalogo_tipoproductos_nombre` varchar(30) NOT NULL
) ENGINE=InnoDB DEFAULT CHARSET=latin1 COLLATE=latin1_swedish_ci ROW_FORMAT=DYNAMIC;

--
-- Volcado de datos para la tabla `catalogo_tipoproductos`
--

INSERT INTO `catalogo_tipoproductos` (`idsystemtipopro`, `catalogo_tipoproductos_nombre`) VALUES
(1, 'Webinar'),
(2, 'WebInt');

-- --------------------------------------------------------

--
-- Estructura de tabla para la tabla `categories_services`
--

CREATE TABLE `categories_services` (
  `id_category` int(11) NOT NULL,
  `category_name` varchar(60) CHARACTER SET armscii8 COLLATE armscii8_bin NOT NULL,
  `category_description` varchar(255) CHARACTER SET armscii8 COLLATE armscii8_bin DEFAULT '',
  `created_at` datetime DEFAULT NULL,
  `updated_at` datetime DEFAULT NULL
) ENGINE=InnoDB DEFAULT CHARSET=utf8mb4 COLLATE=utf8mb4_general_ci ROW_FORMAT=DYNAMIC;

--
-- Volcado de datos para la tabla `categories_services`
--

INSERT INTO `categories_services` (`id_category`, `category_name`, `category_description`, `created_at`, `updated_at`) VALUES
(1, 'Otro', '', '2023-09-22 16:38:17', '2023-09-22 16:38:17');

-- --------------------------------------------------------

--
-- Estructura de tabla para la tabla `comisiones_porcentajes`
--

CREATE TABLE `comisiones_porcentajes` (
  `idsystemcomper` int(11) NOT NULL,
  `mxnlimiteinferior` float NOT NULL,
  `mxnlimitesuperior` float NOT NULL,
  `usdlimiteinferior` float NOT NULL,
  `usdlimitesuperior` float NOT NULL,
  `paypal_porcentaje` float NOT NULL,
  `openpay_porcentaje` float NOT NULL
) ENGINE=InnoDB DEFAULT CHARSET=latin1 COLLATE=latin1_swedish_ci ROW_FORMAT=DYNAMIC;

--
-- Volcado de datos para la tabla `comisiones_porcentajes`
--

INSERT INTO `comisiones_porcentajes` (`idsystemcomper`, `mxnlimiteinferior`, `mxnlimitesuperior`, `usdlimiteinferior`, `usdlimitesuperior`, `paypal_porcentaje`, `openpay_porcentaje`) VALUES
(1, 100, 299.99, 6, 15.99, 0, 0),
(2, 300, 999.99, 16, 51.99, 0, 0),
(3, 1000, 4999.99, 52, 255.99, 0, 0),
(4, 5000, 100000, 256, 5000, 0, 0);

-- --------------------------------------------------------

--
-- Estructura de tabla para la tabla `configuracion`
--

CREATE TABLE `configuracion` (
  `configuracion_id` int(11) NOT NULL,
  `configuracion_nombre` varchar(100) NOT NULL,
  `configuracion_valor` varchar(200) NOT NULL,
  `configuracion_idForm` varchar(50) NOT NULL
) ENGINE=InnoDB DEFAULT CHARSET=latin1 COLLATE=latin1_swedish_ci ROW_FORMAT=DYNAMIC;

--
-- Volcado de datos para la tabla `configuracion`
--

INSERT INTO `configuracion` (`configuracion_id`, `configuracion_nombre`, `configuracion_valor`, `configuracion_idForm`) VALUES
(7, 'iva', '0', 'iva'),
(9, 'Dominio', 'https://boletera.spivet.com.mx/', 'Dominio');

-- --------------------------------------------------------

--
-- Estructura de tabla para la tabla `countries`
--

CREATE TABLE `countries` (
  `id_country` int(3) NOT NULL,
  `country` varchar(70) NOT NULL DEFAULT '',
  `available` tinyint(1) NOT NULL DEFAULT 1,
  `created_by` int(8) NOT NULL DEFAULT 0,
  `updated_by` int(8) NOT NULL DEFAULT 0,
  `created_at` timestamp NOT NULL DEFAULT current_timestamp(),
  `updated_at` timestamp NOT NULL DEFAULT current_timestamp() ON UPDATE current_timestamp()
) ENGINE=InnoDB DEFAULT CHARSET=latin1 COLLATE=latin1_swedish_ci;

--
-- Volcado de datos para la tabla `countries`
--

INSERT INTO `countries` (`id_country`, `country`, `available`, `created_by`, `updated_by`, `created_at`, `updated_at`) VALUES
(1, 'Australia', 1, 0, 0, '2022-11-24 16:04:50', '2022-11-24 16:04:50'),
(2, 'Austria', 1, 0, 0, '2022-11-24 16:04:50', '2022-11-24 16:04:50'),
(3, 'Azerbaiyán', 1, 0, 0, '2022-11-24 16:04:50', '2022-11-24 16:04:50'),
(4, 'Anguilla', 1, 0, 0, '2022-11-24 16:04:50', '2022-11-24 16:04:50'),
(5, 'Argentina', 1, 0, 0, '2022-11-24 16:04:50', '2022-11-24 16:04:50'),
(6, 'Armenia', 1, 0, 0, '2022-11-24 16:04:50', '2022-11-24 16:04:50'),
(7, 'Bielorrusia', 1, 0, 0, '2022-11-24 16:04:50', '2022-11-24 16:04:50'),
(8, 'Belice', 1, 0, 0, '2022-11-24 16:04:50', '2022-11-24 16:04:50'),
(9, 'Bélgica', 1, 0, 0, '2022-11-24 16:04:50', '2022-11-24 16:04:50'),
(10, 'Bermudas', 1, 0, 0, '2022-11-24 16:04:50', '2022-11-24 16:04:50'),
(11, 'Bulgaria', 1, 0, 0, '2022-11-24 16:04:50', '2022-11-24 16:04:50'),
(12, 'Brasil', 1, 0, 0, '2022-11-24 16:04:50', '2022-11-24 16:04:50'),
(13, 'Reino Unido', 1, 0, 0, '2022-11-24 16:04:50', '2022-11-24 16:04:50'),
(14, 'Hungría', 1, 0, 0, '2022-11-24 16:04:50', '2022-11-24 16:04:50'),
(15, 'Vietnam', 1, 0, 0, '2022-11-24 16:04:50', '2022-11-24 16:04:50'),
(16, 'Haiti', 1, 0, 0, '2022-11-24 16:04:50', '2022-11-24 16:04:50'),
(17, 'Guadalupe', 1, 0, 0, '2022-11-24 16:04:50', '2022-11-24 16:04:50'),
(18, 'Alemania', 1, 0, 0, '2022-11-24 16:04:50', '2022-11-24 16:04:50'),
(19, 'Países Bajos, Holanda', 1, 0, 0, '2022-11-24 16:04:50', '2022-11-24 16:04:50'),
(20, 'Grecia', 1, 0, 0, '2022-11-24 16:04:50', '2022-11-24 16:04:50'),
(21, 'Georgia', 1, 0, 0, '2022-11-24 16:04:50', '2022-11-24 16:04:50'),
(22, 'Dinamarca', 1, 0, 0, '2022-11-24 16:04:50', '2022-11-24 16:04:50'),
(23, 'Egipto', 1, 0, 0, '2022-11-24 16:04:50', '2022-11-24 16:04:50'),
(24, 'Israel', 1, 0, 0, '2022-11-24 16:04:50', '2022-11-24 16:04:50'),
(25, 'India', 1, 0, 0, '2022-11-24 16:04:50', '2022-11-24 16:04:50'),
(26, 'Irán', 1, 0, 0, '2022-11-24 16:04:50', '2022-11-24 16:04:50'),
(27, 'Irlanda', 1, 0, 0, '2022-11-24 16:04:50', '2022-11-24 16:04:50'),
(28, 'España', 1, 0, 0, '2022-11-24 16:04:50', '2022-11-24 16:04:50'),
(29, 'Italia', 1, 0, 0, '2022-11-24 16:04:50', '2022-11-24 16:04:50'),
(30, 'Kazajstán', 1, 0, 0, '2022-11-24 16:04:50', '2022-11-24 16:04:50'),
(31, 'Camerún', 1, 0, 0, '2022-11-24 16:04:50', '2022-11-24 16:04:50'),
(32, 'Canadá', 1, 0, 0, '2022-11-24 16:04:50', '2022-11-24 16:04:50'),
(33, 'Chipre', 1, 0, 0, '2022-11-24 16:04:50', '2022-11-24 16:04:50'),
(34, 'Kirguistán', 1, 0, 0, '2022-11-24 16:04:50', '2022-11-24 16:04:50'),
(35, 'China', 1, 0, 0, '2022-11-24 16:04:50', '2022-11-24 16:04:50'),
(36, 'Costa Rica', 1, 0, 0, '2022-11-24 16:04:50', '2022-11-24 16:04:50'),
(37, 'Kuwait', 1, 0, 0, '2022-11-24 16:04:50', '2022-11-24 16:04:50'),
(38, 'Letonia', 1, 0, 0, '2022-11-24 16:04:50', '2022-11-24 16:04:50'),
(39, 'Libia', 1, 0, 0, '2022-11-24 16:04:50', '2022-11-24 16:04:50'),
(40, 'Lituania', 1, 0, 0, '2022-11-24 16:04:50', '2022-11-24 16:04:50'),
(41, 'Luxemburgo', 1, 0, 0, '2022-11-24 16:04:50', '2022-11-24 16:04:50'),
(42, 'México', 1, 0, 0, '2022-11-24 16:04:50', '2022-11-24 16:04:50'),
(43, 'Moldavia', 1, 0, 0, '2022-11-24 16:04:50', '2022-11-24 16:04:50'),
(44, 'Mónaco', 1, 0, 0, '2022-11-24 16:04:50', '2022-11-24 16:04:50'),
(45, 'Nueva Zelanda', 1, 0, 0, '2022-11-24 16:04:50', '2022-11-24 16:04:50'),
(46, 'Noruega', 1, 0, 0, '2022-11-24 16:04:50', '2022-11-24 16:04:50'),
(47, 'Polonia', 1, 0, 0, '2022-11-24 16:04:50', '2022-11-24 16:04:50'),
(48, 'Portugal', 1, 0, 0, '2022-11-24 16:04:50', '2022-11-24 16:04:50'),
(49, 'Reunión', 1, 0, 0, '2022-11-24 16:04:50', '2022-11-24 16:04:50'),
(50, 'Rusia', 1, 0, 0, '2022-11-24 16:04:50', '2022-11-24 16:04:50'),
(51, 'El Salvador', 1, 0, 0, '2022-11-24 16:04:50', '2022-11-24 16:04:50'),
(52, 'Eslovaquia', 1, 0, 0, '2022-11-24 16:04:50', '2022-11-24 16:04:50'),
(53, 'Eslovenia', 1, 0, 0, '2022-11-24 16:04:50', '2022-11-24 16:04:50'),
(54, 'Surinam', 1, 0, 0, '2022-11-24 16:04:50', '2022-11-24 16:04:50'),
(55, 'Estados Unidos', 1, 0, 0, '2022-11-24 16:04:50', '2022-11-24 16:04:50'),
(56, 'Tadjikistan', 1, 0, 0, '2022-11-24 16:04:50', '2022-11-24 16:04:50'),
(57, 'Turkmenistan', 1, 0, 0, '2022-11-24 16:04:50', '2022-11-24 16:04:50'),
(58, 'Islas Turcas y Caicos', 1, 0, 0, '2022-11-24 16:04:50', '2022-11-24 16:04:50'),
(59, 'Turquía', 1, 0, 0, '2022-11-24 16:04:50', '2022-11-24 16:04:50'),
(60, 'Uganda', 1, 0, 0, '2022-11-24 16:04:50', '2022-11-24 16:04:50'),
(61, 'Uzbekistán', 1, 0, 0, '2022-11-24 16:04:50', '2022-11-24 16:04:50'),
(62, 'Ucrania', 1, 0, 0, '2022-11-24 16:04:50', '2022-11-24 16:04:50'),
(63, 'Finlandia', 1, 0, 0, '2022-11-24 16:04:50', '2022-11-24 16:04:50'),
(64, 'Francia', 1, 0, 0, '2022-11-24 16:04:50', '2022-11-24 16:04:50'),
(65, 'República Checa', 1, 0, 0, '2022-11-24 16:04:50', '2022-11-24 16:04:50'),
(66, 'Suiza', 1, 0, 0, '2022-11-24 16:04:50', '2022-11-24 16:04:50'),
(67, 'Suecia', 1, 0, 0, '2022-11-24 16:04:50', '2022-11-24 16:04:50'),
(68, 'Estonia', 1, 0, 0, '2022-11-24 16:04:50', '2022-11-24 16:04:50'),
(69, 'Corea del Sur', 1, 0, 0, '2022-11-24 16:04:50', '2022-11-24 16:04:50'),
(70, 'Japón', 1, 0, 0, '2022-11-24 16:04:50', '2022-11-24 16:04:50'),
(71, 'Croacia', 1, 0, 0, '2022-11-24 16:04:50', '2022-11-24 16:04:50'),
(72, 'Rumanía', 1, 0, 0, '2022-11-24 16:04:50', '2022-11-24 16:04:50'),
(73, 'Hong Kong', 1, 0, 0, '2022-11-24 16:04:50', '2022-11-24 16:04:50'),
(74, 'Indonesia', 1, 0, 0, '2022-11-24 16:04:50', '2022-11-24 16:04:50'),
(75, 'Jordania', 1, 0, 0, '2022-11-24 16:04:50', '2022-11-24 16:04:50'),
(76, 'Malasia', 1, 0, 0, '2022-11-24 16:04:50', '2022-11-24 16:04:50'),
(77, 'Singapur', 1, 0, 0, '2022-11-24 16:04:50', '2022-11-24 16:04:50'),
(78, 'Taiwan', 1, 0, 0, '2022-11-24 16:04:50', '2022-11-24 16:04:50'),
(79, 'Bosnia y Herzegovina', 1, 0, 0, '2022-11-24 16:04:50', '2022-11-24 16:04:50'),
(80, 'Bahamas', 1, 0, 0, '2022-11-24 16:04:50', '2022-11-24 16:04:50'),
(81, 'Chile', 1, 0, 0, '2022-11-24 16:04:50', '2022-11-24 16:04:50'),
(82, 'Colombia', 1, 0, 0, '2022-11-24 16:04:50', '2022-11-24 16:04:50'),
(83, 'Islandia', 1, 0, 0, '2022-11-24 16:04:50', '2022-11-24 16:04:50'),
(84, 'Corea del Norte', 1, 0, 0, '2022-11-24 16:04:50', '2022-11-24 16:04:50'),
(85, 'Macedonia', 1, 0, 0, '2022-11-24 16:04:50', '2022-11-24 16:04:50'),
(86, 'Malta', 1, 0, 0, '2022-11-24 16:04:50', '2022-11-24 16:04:50'),
(87, 'Pakistán', 1, 0, 0, '2022-11-24 16:04:50', '2022-11-24 16:04:50'),
(88, 'Papúa-Nueva Guinea', 1, 0, 0, '2022-11-24 16:04:50', '2022-11-24 16:04:50'),
(89, 'Perú', 1, 0, 0, '2022-11-24 16:04:50', '2022-11-24 16:04:50'),
(90, 'Filipinas', 1, 0, 0, '2022-11-24 16:04:50', '2022-11-24 16:04:50'),
(91, 'Arabia Saudita', 1, 0, 0, '2022-11-24 16:04:50', '2022-11-24 16:04:50'),
(92, 'Tailandia', 1, 0, 0, '2022-11-24 16:04:50', '2022-11-24 16:04:50'),
(93, 'Emiratos árabes Unidos', 1, 0, 0, '2022-11-24 16:04:50', '2022-11-24 16:04:50'),
(94, 'Groenlandia', 1, 0, 0, '2022-11-24 16:04:50', '2022-11-24 16:04:50'),
(95, 'Venezuela', 1, 0, 0, '2022-11-24 16:04:50', '2022-11-24 16:04:50'),
(96, 'Zimbabwe', 1, 0, 0, '2022-11-24 16:04:50', '2022-11-24 16:04:50'),
(97, 'Kenia', 1, 0, 0, '2022-11-24 16:04:50', '2022-11-24 16:04:50'),
(98, 'Algeria', 1, 0, 0, '2022-11-24 16:04:50', '2022-11-24 16:04:50'),
(99, 'Líbano', 1, 0, 0, '2022-11-24 16:04:50', '2022-11-24 16:04:50'),
(100, 'Botsuana', 1, 0, 0, '2022-11-24 16:04:50', '2022-11-24 16:04:50'),
(101, 'Tanzania', 1, 0, 0, '2022-11-24 16:04:50', '2022-11-24 16:04:50'),
(102, 'Namibia', 1, 0, 0, '2022-11-24 16:04:50', '2022-11-24 16:04:50'),
(103, 'Ecuador', 1, 0, 0, '2022-11-24 16:04:50', '2022-11-24 16:04:50'),
(104, 'Marruecos', 1, 0, 0, '2022-11-24 16:04:50', '2022-11-24 16:04:50'),
(105, 'Ghana', 1, 0, 0, '2022-11-24 16:04:50', '2022-11-24 16:04:50'),
(106, 'Siria', 1, 0, 0, '2022-11-24 16:04:50', '2022-11-24 16:04:50'),
(107, 'Nepal', 1, 0, 0, '2022-11-24 16:04:50', '2022-11-24 16:04:50'),
(108, 'Mauritania', 1, 0, 0, '2022-11-24 16:04:50', '2022-11-24 16:04:50'),
(109, 'Seychelles', 1, 0, 0, '2022-11-24 16:04:50', '2022-11-24 16:04:50'),
(110, 'Paraguay', 1, 0, 0, '2022-11-24 16:04:50', '2022-11-24 16:04:50'),
(111, 'Uruguay', 1, 0, 0, '2022-11-24 16:04:50', '2022-11-24 16:04:50'),
(112, 'Congo (Brazzaville)', 1, 0, 0, '2022-11-24 16:04:50', '2022-11-24 16:04:50'),
(113, 'Cuba', 1, 0, 0, '2022-11-24 16:04:50', '2022-11-24 16:04:50'),
(114, 'Albania', 1, 0, 0, '2022-11-24 16:04:50', '2022-11-24 16:04:50'),
(115, 'Nigeria', 1, 0, 0, '2022-11-24 16:04:50', '2022-11-24 16:04:50'),
(116, 'Zambia', 1, 0, 0, '2022-11-24 16:04:50', '2022-11-24 16:04:50'),
(117, 'Mozambique', 1, 0, 0, '2022-11-24 16:04:50', '2022-11-24 16:04:50'),
(119, 'Angola', 1, 0, 0, '2022-11-24 16:04:50', '2022-11-24 16:04:50'),
(120, 'Sri Lanka', 1, 0, 0, '2022-11-24 16:04:50', '2022-11-24 16:04:50'),
(121, 'Etiopía', 1, 0, 0, '2022-11-24 16:04:50', '2022-11-24 16:04:50'),
(122, 'Túnez', 1, 0, 0, '2022-11-24 16:04:50', '2022-11-24 16:04:50'),
(123, 'Bolivia', 1, 0, 0, '2022-11-24 16:04:50', '2022-11-24 16:04:50'),
(124, 'Panamá', 1, 0, 0, '2022-11-24 16:04:50', '2022-11-24 16:04:50'),
(125, 'Malawi', 1, 0, 0, '2022-11-24 16:04:50', '2022-11-24 16:04:50'),
(126, 'Liechtenstein', 1, 0, 0, '2022-11-24 16:04:50', '2022-11-24 16:04:50'),
(127, 'Bahrein', 1, 0, 0, '2022-11-24 16:04:50', '2022-11-24 16:04:50'),
(128, 'Barbados', 1, 0, 0, '2022-11-24 16:04:50', '2022-11-24 16:04:50'),
(130, 'Chad', 1, 0, 0, '2022-11-24 16:04:50', '2022-11-24 16:04:50'),
(131, 'Man, Isla de', 1, 0, 0, '2022-11-24 16:04:50', '2022-11-24 16:04:50'),
(132, 'Jamaica', 1, 0, 0, '2022-11-24 16:04:50', '2022-11-24 16:04:50'),
(133, 'Malí', 1, 0, 0, '2022-11-24 16:04:50', '2022-11-24 16:04:50'),
(134, 'Madagascar', 1, 0, 0, '2022-11-24 16:04:50', '2022-11-24 16:04:50'),
(135, 'Senegal', 1, 0, 0, '2022-11-24 16:04:50', '2022-11-24 16:04:50'),
(136, 'Togo', 1, 0, 0, '2022-11-24 16:04:50', '2022-11-24 16:04:50'),
(137, 'Honduras', 1, 0, 0, '2022-11-24 16:04:50', '2022-11-24 16:04:50'),
(138, 'República Dominicana', 1, 0, 0, '2022-11-24 16:04:50', '2022-11-24 16:04:50'),
(139, 'Mongolia', 1, 0, 0, '2022-11-24 16:04:50', '2022-11-24 16:04:50'),
(140, 'Irak', 1, 0, 0, '2022-11-24 16:04:50', '2022-11-24 16:04:50'),
(141, 'Sudáfrica', 1, 0, 0, '2022-11-24 16:04:50', '2022-11-24 16:04:50'),
(142, 'Aruba', 1, 0, 0, '2022-11-24 16:04:50', '2022-11-24 16:04:50'),
(143, 'Gibraltar', 1, 0, 0, '2022-11-24 16:04:50', '2022-11-24 16:04:50'),
(144, 'Afganistán', 1, 0, 0, '2022-11-24 16:04:50', '2022-11-24 16:04:50'),
(145, 'Andorra', 1, 0, 0, '2022-11-24 16:04:50', '2022-11-24 16:04:50'),
(147, 'Antigua y Barbuda', 1, 0, 0, '2022-11-24 16:04:50', '2022-11-24 16:04:50'),
(149, 'Bangladesh', 1, 0, 0, '2022-11-24 16:04:50', '2022-11-24 16:04:50'),
(151, 'Benín', 1, 0, 0, '2022-11-24 16:04:50', '2022-11-24 16:04:50'),
(152, 'Bután', 1, 0, 0, '2022-11-24 16:04:50', '2022-11-24 16:04:50'),
(154, 'Islas Virgenes Británicas', 1, 0, 0, '2022-11-24 16:04:50', '2022-11-24 16:04:50'),
(155, 'Brunéi', 1, 0, 0, '2022-11-24 16:04:50', '2022-11-24 16:04:50'),
(156, 'Burkina Faso', 1, 0, 0, '2022-11-24 16:04:50', '2022-11-24 16:04:50'),
(157, 'Burundi', 1, 0, 0, '2022-11-24 16:04:50', '2022-11-24 16:04:50'),
(158, 'Camboya', 1, 0, 0, '2022-11-24 16:04:50', '2022-11-24 16:04:50'),
(159, 'Cabo Verde', 1, 0, 0, '2022-11-24 16:04:50', '2022-11-24 16:04:50'),
(164, 'Comores', 1, 0, 0, '2022-11-24 16:04:50', '2022-11-24 16:04:50'),
(165, 'Congo (Kinshasa)', 1, 0, 0, '2022-11-24 16:04:50', '2022-11-24 16:04:50'),
(166, 'Cook, Islas', 1, 0, 0, '2022-11-24 16:04:50', '2022-11-24 16:04:50'),
(168, 'Costa de Marfil', 1, 0, 0, '2022-11-24 16:04:50', '2022-11-24 16:04:50'),
(169, 'Djibouti, Yibuti', 1, 0, 0, '2022-11-24 16:04:50', '2022-11-24 16:04:50'),
(171, 'Timor Oriental', 1, 0, 0, '2022-11-24 16:04:50', '2022-11-24 16:04:50'),
(172, 'Guinea Ecuatorial', 1, 0, 0, '2022-11-24 16:04:50', '2022-11-24 16:04:50'),
(173, 'Eritrea', 1, 0, 0, '2022-11-24 16:04:50', '2022-11-24 16:04:50'),
(175, 'Feroe, Islas', 1, 0, 0, '2022-11-24 16:04:50', '2022-11-24 16:04:50'),
(176, 'Fiyi', 1, 0, 0, '2022-11-24 16:04:50', '2022-11-24 16:04:50'),
(178, 'Polinesia Francesa', 1, 0, 0, '2022-11-24 16:04:50', '2022-11-24 16:04:50'),
(180, 'Gabón', 1, 0, 0, '2022-11-24 16:04:50', '2022-11-24 16:04:50'),
(181, 'Gambia', 1, 0, 0, '2022-11-24 16:04:50', '2022-11-24 16:04:50'),
(184, 'Granada', 1, 0, 0, '2022-11-24 16:04:50', '2022-11-24 16:04:50'),
(185, 'Guatemala', 1, 0, 0, '2022-11-24 16:04:50', '2022-11-24 16:04:50'),
(186, 'Guernsey', 1, 0, 0, '2022-11-24 16:04:50', '2022-11-24 16:04:50'),
(187, 'Guinea', 1, 0, 0, '2022-11-24 16:04:50', '2022-11-24 16:04:50'),
(188, 'Guinea-Bissau', 1, 0, 0, '2022-11-24 16:04:50', '2022-11-24 16:04:50'),
(189, 'Guyana', 1, 0, 0, '2022-11-24 16:04:50', '2022-11-24 16:04:50'),
(193, 'Jersey', 1, 0, 0, '2022-11-24 16:04:50', '2022-11-24 16:04:50'),
(195, 'Kiribati', 1, 0, 0, '2022-11-24 16:04:50', '2022-11-24 16:04:50'),
(196, 'Laos', 1, 0, 0, '2022-11-24 16:04:50', '2022-11-24 16:04:50'),
(197, 'Lesotho', 1, 0, 0, '2022-11-24 16:04:50', '2022-11-24 16:04:50'),
(198, 'Liberia', 1, 0, 0, '2022-11-24 16:04:50', '2022-11-24 16:04:50'),
(200, 'Maldivas', 1, 0, 0, '2022-11-24 16:04:50', '2022-11-24 16:04:50'),
(201, 'Martinica', 1, 0, 0, '2022-11-24 16:04:50', '2022-11-24 16:04:50'),
(202, 'Mauricio', 1, 0, 0, '2022-11-24 16:04:50', '2022-11-24 16:04:50'),
(205, 'Myanmar', 1, 0, 0, '2022-11-24 16:04:50', '2022-11-24 16:04:50'),
(206, 'Nauru', 1, 0, 0, '2022-11-24 16:04:50', '2022-11-24 16:04:50'),
(207, 'Antillas Holandesas', 1, 0, 0, '2022-11-24 16:04:50', '2022-11-24 16:04:50'),
(208, 'Nueva Caledonia', 1, 0, 0, '2022-11-24 16:04:50', '2022-11-24 16:04:50'),
(209, 'Nicaragua', 1, 0, 0, '2022-11-24 16:04:50', '2022-11-24 16:04:50'),
(210, 'Níger', 1, 0, 0, '2022-11-24 16:04:50', '2022-11-24 16:04:50'),
(212, 'Norfolk Island', 1, 0, 0, '2022-11-24 16:04:50', '2022-11-24 16:04:50'),
(213, 'Omán', 1, 0, 0, '2022-11-24 16:04:50', '2022-11-24 16:04:50'),
(215, 'Isla Pitcairn', 1, 0, 0, '2022-11-24 16:04:50', '2022-11-24 16:04:50'),
(216, 'Qatar', 1, 0, 0, '2022-11-24 16:04:50', '2022-11-24 16:04:50'),
(217, 'Ruanda', 1, 0, 0, '2022-11-24 16:04:50', '2022-11-24 16:04:50'),
(218, 'Santa Elena', 1, 0, 0, '2022-11-24 16:04:50', '2022-11-24 16:04:50'),
(219, 'San Cristobal y Nevis', 1, 0, 0, '2022-11-24 16:04:50', '2022-11-24 16:04:50'),
(220, 'Santa Lucía', 1, 0, 0, '2022-11-24 16:04:50', '2022-11-24 16:04:50'),
(221, 'San Pedro y Miquelón', 1, 0, 0, '2022-11-24 16:04:50', '2022-11-24 16:04:50'),
(222, 'San Vincente y Granadinas', 1, 0, 0, '2022-11-24 16:04:50', '2022-11-24 16:04:50'),
(223, 'Samoa', 1, 0, 0, '2022-11-24 16:04:50', '2022-11-24 16:04:50'),
(224, 'San Marino', 1, 0, 0, '2022-11-24 16:04:50', '2022-11-24 16:04:50'),
(225, 'San Tomé y Príncipe', 1, 0, 0, '2022-11-24 16:04:50', '2022-11-24 16:04:50'),
(226, 'Serbia y Montenegro', 1, 0, 0, '2022-11-24 16:04:50', '2022-11-24 16:04:50'),
(227, 'Sierra Leona', 1, 0, 0, '2022-11-24 16:04:50', '2022-11-24 16:04:50'),
(228, 'Islas Salomón', 1, 0, 0, '2022-11-24 16:04:50', '2022-11-24 16:04:50'),
(229, 'Somalia', 1, 0, 0, '2022-11-24 16:04:50', '2022-11-24 16:04:50'),
(232, 'Sudán', 1, 0, 0, '2022-11-24 16:04:50', '2022-11-24 16:04:50'),
(234, 'Swazilandia', 1, 0, 0, '2022-11-24 16:04:50', '2022-11-24 16:04:50'),
(235, 'Tokelau', 1, 0, 0, '2022-11-24 16:04:50', '2022-11-24 16:04:50'),
(236, 'Tonga', 1, 0, 0, '2022-11-24 16:04:50', '2022-11-24 16:04:50'),
(237, 'Trinidad y Tobago', 1, 0, 0, '2022-11-24 16:04:50', '2022-11-24 16:04:50'),
(239, 'Tuvalu', 1, 0, 0, '2022-11-24 16:04:50', '2022-11-24 16:04:50'),
(240, 'Vanuatu', 1, 0, 0, '2022-11-24 16:04:50', '2022-11-24 16:04:50'),
(241, 'Wallis y Futuna', 1, 0, 0, '2022-11-24 16:04:50', '2022-11-24 16:04:50'),
(242, 'Sáhara Occidental', 1, 0, 0, '2022-11-24 16:04:50', '2022-11-24 16:04:50'),
(243, 'Yemen', 1, 0, 0, '2022-11-24 16:04:50', '2022-11-24 16:04:50'),
(246, 'Puerto Rico', 1, 0, 0, '2022-11-24 16:04:50', '2022-11-24 16:04:50'),
(247, 'Otro', 1, 0, 0, '2023-05-03 20:33:23', '2023-05-03 20:33:23');

-- --------------------------------------------------------

--
-- Estructura de tabla para la tabla `country_states`
--

CREATE TABLE `country_states` (
  `id_country_state` int(4) NOT NULL,
  `id_country` int(3) NOT NULL,
  `id_state` int(4) NOT NULL,
  `available` tinyint(1) NOT NULL DEFAULT 1,
  `created_by` int(8) NOT NULL DEFAULT 0,
  `updated_by` int(8) NOT NULL DEFAULT 0,
  `created_at` timestamp NOT NULL DEFAULT current_timestamp(),
  `updated_at` timestamp NOT NULL DEFAULT current_timestamp() ON UPDATE current_timestamp()
) ENGINE=InnoDB DEFAULT CHARSET=latin1 COLLATE=latin1_swedish_ci;

--
-- Volcado de datos para la tabla `country_states`
--

INSERT INTO `country_states` (`id_country_state`, `id_country`, `id_state`, `available`, `created_by`, `updated_by`, `created_at`, `updated_at`) VALUES
(1, 3, 1, 1, 0, 0, '2022-11-24 16:04:50', '2022-12-03 16:38:27'),
(2, 3, 2, 1, 0, 0, '2022-11-24 16:04:50', '2022-12-03 16:38:27'),
(3, 3, 3, 1, 0, 0, '2022-11-24 16:04:50', '2022-12-03 16:38:27'),
(4, 4, 4, 1, 0, 0, '2022-11-24 16:04:50', '2022-12-03 16:38:27'),
(5, 7, 5, 1, 0, 0, '2022-11-24 16:04:50', '2022-12-03 16:38:27'),
(6, 7, 6, 1, 0, 0, '2022-11-24 16:04:50', '2022-12-03 16:38:27'),
(7, 7, 7, 1, 0, 0, '2022-11-24 16:04:50', '2022-12-03 16:38:27'),
(8, 7, 8, 1, 0, 0, '2022-11-24 16:04:50', '2022-12-03 16:38:27'),
(9, 7, 9, 1, 0, 0, '2022-11-24 16:04:50', '2022-12-03 16:38:27'),
(10, 7, 10, 1, 0, 0, '2022-11-24 16:04:50', '2022-12-03 16:38:27'),
(11, 8, 11, 1, 0, 0, '2022-11-24 16:04:50', '2022-12-03 16:38:27'),
(12, 10, 12, 1, 0, 0, '2022-11-24 16:04:50', '2022-12-03 16:38:27'),
(13, 15, 13, 1, 0, 0, '2022-11-24 16:04:50', '2022-12-03 16:38:27'),
(14, 15, 14, 1, 0, 0, '2022-11-24 16:04:50', '2022-12-03 16:38:27'),
(15, 15, 15, 1, 0, 0, '2022-11-24 16:04:50', '2022-12-03 16:38:27'),
(16, 15, 16, 1, 0, 0, '2022-11-24 16:04:50', '2022-12-03 16:38:27'),
(17, 15, 17, 1, 0, 0, '2022-11-24 16:04:50', '2022-12-03 16:38:27'),
(18, 15, 18, 1, 0, 0, '2022-11-24 16:04:50', '2022-12-03 16:38:27'),
(19, 15, 19, 1, 0, 0, '2022-11-24 16:04:50', '2022-12-03 16:38:27'),
(20, 16, 20, 1, 0, 0, '2022-11-24 16:04:50', '2022-12-03 16:38:27'),
(21, 16, 21, 1, 0, 0, '2022-11-24 16:04:50', '2022-12-03 16:38:27'),
(22, 16, 22, 1, 0, 0, '2022-11-24 16:04:50', '2022-12-03 16:38:27'),
(23, 16, 23, 1, 0, 0, '2022-11-24 16:04:50', '2022-12-03 16:38:27'),
(24, 16, 24, 1, 0, 0, '2022-11-24 16:04:50', '2022-12-03 16:38:27'),
(25, 16, 25, 1, 0, 0, '2022-11-24 16:04:50', '2022-12-03 16:38:27'),
(26, 17, 26, 1, 0, 0, '2022-11-24 16:04:50', '2022-12-03 16:38:27'),
(27, 17, 27, 1, 0, 0, '2022-11-24 16:04:50', '2022-12-03 16:38:27'),
(28, 21, 28, 1, 0, 0, '2022-11-24 16:04:50', '2022-12-03 16:38:27'),
(29, 21, 29, 1, 0, 0, '2022-11-24 16:04:50', '2022-12-03 16:38:27'),
(30, 21, 30, 1, 0, 0, '2022-11-24 16:04:50', '2022-12-03 16:38:27'),
(31, 21, 31, 1, 0, 0, '2022-11-24 16:04:50', '2022-12-03 16:38:27'),
(32, 23, 32, 1, 0, 0, '2022-11-24 16:04:50', '2022-12-03 16:38:27'),
(33, 23, 33, 1, 0, 0, '2022-11-24 16:04:50', '2022-12-03 16:38:27'),
(34, 23, 34, 1, 0, 0, '2022-11-24 16:04:50', '2022-12-03 16:38:27'),
(35, 23, 35, 1, 0, 0, '2022-11-24 16:04:50', '2022-12-03 16:38:27'),
(36, 23, 36, 1, 0, 0, '2022-11-24 16:04:50', '2022-12-03 16:38:27'),
(37, 23, 37, 1, 0, 0, '2022-11-24 16:04:50', '2022-12-03 16:38:27'),
(38, 24, 38, 1, 0, 0, '2022-11-24 16:04:50', '2022-12-03 16:38:27'),
(39, 24, 39, 1, 0, 0, '2022-11-24 16:04:50', '2022-12-03 16:38:27'),
(40, 24, 40, 1, 0, 0, '2022-11-24 16:04:50', '2022-12-03 16:38:27'),
(41, 24, 41, 1, 0, 0, '2022-11-24 16:04:50', '2022-12-03 16:38:27'),
(42, 24, 42, 1, 0, 0, '2022-11-24 16:04:50', '2022-12-03 16:38:27'),
(43, 24, 43, 1, 0, 0, '2022-11-24 16:04:50', '2022-12-03 16:38:27'),
(44, 25, 44, 1, 0, 0, '2022-11-24 16:04:50', '2022-12-03 16:38:27'),
(45, 25, 45, 1, 0, 0, '2022-11-24 16:04:50', '2022-12-03 16:38:27'),
(46, 25, 46, 1, 0, 0, '2022-11-24 16:04:50', '2022-12-03 16:38:27'),
(47, 25, 47, 1, 0, 0, '2022-11-24 16:04:50', '2022-12-03 16:38:27'),
(48, 25, 48, 1, 0, 0, '2022-11-24 16:04:50', '2022-12-03 16:38:27'),
(49, 25, 49, 1, 0, 0, '2022-11-24 16:04:50', '2022-12-03 16:38:27'),
(50, 25, 50, 1, 0, 0, '2022-11-24 16:04:50', '2022-12-03 16:38:27'),
(51, 25, 51, 1, 0, 0, '2022-11-24 16:04:50', '2022-12-03 16:38:27'),
(52, 25, 52, 1, 0, 0, '2022-11-24 16:04:50', '2022-12-03 16:38:27'),
(53, 25, 53, 1, 0, 0, '2022-11-24 16:04:50', '2022-12-03 16:38:27'),
(54, 25, 54, 1, 0, 0, '2022-11-24 16:04:50', '2022-12-03 16:38:27'),
(55, 25, 55, 1, 0, 0, '2022-11-24 16:04:50', '2022-12-03 16:38:27'),
(56, 25, 56, 1, 0, 0, '2022-11-24 16:04:50', '2022-12-03 16:38:27'),
(57, 25, 57, 1, 0, 0, '2022-11-24 16:04:50', '2022-12-03 16:38:27'),
(58, 25, 58, 1, 0, 0, '2022-11-24 16:04:50', '2022-12-03 16:38:27'),
(59, 25, 59, 1, 0, 0, '2022-11-24 16:04:50', '2022-12-03 16:38:27'),
(60, 25, 60, 1, 0, 0, '2022-11-24 16:04:50', '2022-12-03 16:38:27'),
(61, 25, 61, 1, 0, 0, '2022-11-24 16:04:50', '2022-12-03 16:38:27'),
(62, 25, 62, 1, 0, 0, '2022-11-24 16:04:50', '2022-12-03 16:38:27'),
(63, 25, 63, 1, 0, 0, '2022-11-24 16:04:50', '2022-12-03 16:38:27'),
(64, 25, 64, 1, 0, 0, '2022-11-24 16:04:50', '2022-12-03 16:38:27'),
(65, 25, 65, 1, 0, 0, '2022-11-24 16:04:50', '2022-12-03 16:38:27'),
(66, 25, 66, 1, 0, 0, '2022-11-24 16:04:50', '2022-12-03 16:38:27'),
(67, 26, 67, 1, 0, 0, '2022-11-24 16:04:50', '2022-12-03 16:38:27'),
(68, 26, 68, 1, 0, 0, '2022-11-24 16:04:50', '2022-12-03 16:38:27'),
(69, 26, 69, 1, 0, 0, '2022-11-24 16:04:50', '2022-12-03 16:38:27'),
(70, 26, 70, 1, 0, 0, '2022-11-24 16:04:50', '2022-12-03 16:38:27'),
(71, 26, 71, 1, 0, 0, '2022-11-24 16:04:50', '2022-12-03 16:38:27'),
(72, 26, 72, 1, 0, 0, '2022-11-24 16:04:50', '2022-12-03 16:38:27'),
(73, 26, 73, 1, 0, 0, '2022-11-24 16:04:50', '2022-12-03 16:38:27'),
(74, 26, 74, 1, 0, 0, '2022-11-24 16:04:50', '2022-12-03 16:38:27'),
(75, 26, 75, 1, 0, 0, '2022-11-24 16:04:50', '2022-12-03 16:38:27'),
(76, 26, 76, 1, 0, 0, '2022-11-24 16:04:50', '2022-12-03 16:38:27'),
(77, 26, 77, 1, 0, 0, '2022-11-24 16:04:50', '2022-12-03 16:38:27'),
(78, 26, 78, 1, 0, 0, '2022-11-24 16:04:50', '2022-12-03 16:38:27'),
(79, 26, 79, 1, 0, 0, '2022-11-24 16:04:50', '2022-12-03 16:38:27'),
(80, 26, 80, 1, 0, 0, '2022-11-24 16:04:50', '2022-12-03 16:38:27'),
(81, 30, 81, 1, 0, 0, '2022-11-24 16:04:50', '2022-12-03 16:38:27'),
(82, 30, 82, 1, 0, 0, '2022-11-24 16:04:50', '2022-12-03 16:38:27'),
(83, 30, 83, 1, 0, 0, '2022-11-24 16:04:50', '2022-12-03 16:38:27'),
(84, 30, 84, 1, 0, 0, '2022-11-24 16:04:50', '2022-12-03 16:38:27'),
(85, 30, 85, 1, 0, 0, '2022-11-24 16:04:50', '2022-12-03 16:38:27'),
(86, 30, 86, 1, 0, 0, '2022-11-24 16:04:50', '2022-12-03 16:38:27'),
(87, 30, 87, 1, 0, 0, '2022-11-24 16:04:50', '2022-12-03 16:38:27'),
(88, 30, 88, 1, 0, 0, '2022-11-24 16:04:50', '2022-12-03 16:38:27'),
(89, 30, 89, 1, 0, 0, '2022-11-24 16:04:50', '2022-12-03 16:38:27'),
(90, 30, 90, 1, 0, 0, '2022-11-24 16:04:50', '2022-12-03 16:38:27'),
(91, 30, 91, 1, 0, 0, '2022-11-24 16:04:50', '2022-12-03 16:38:27'),
(92, 30, 92, 1, 0, 0, '2022-11-24 16:04:50', '2022-12-03 16:38:27'),
(93, 30, 93, 1, 0, 0, '2022-11-24 16:04:50', '2022-12-03 16:38:27'),
(94, 30, 94, 1, 0, 0, '2022-11-24 16:04:50', '2022-12-03 16:38:27'),
(95, 30, 95, 1, 0, 0, '2022-11-24 16:04:50', '2022-12-03 16:38:27'),
(96, 30, 96, 1, 0, 0, '2022-11-24 16:04:50', '2022-12-03 16:38:27'),
(97, 30, 97, 1, 0, 0, '2022-11-24 16:04:50', '2022-12-03 16:38:27'),
(98, 31, 98, 1, 0, 0, '2022-11-24 16:04:50', '2022-12-03 16:38:27'),
(99, 31, 99, 1, 0, 0, '2022-11-24 16:04:50', '2022-12-03 16:38:27'),
(100, 31, 100, 1, 0, 0, '2022-11-24 16:04:50', '2022-12-03 16:38:27'),
(101, 31, 101, 1, 0, 0, '2022-11-24 16:04:50', '2022-12-03 16:38:27'),
(102, 33, 102, 1, 0, 0, '2022-11-24 16:04:50', '2022-12-03 16:38:27'),
(103, 33, 103, 1, 0, 0, '2022-11-24 16:04:50', '2022-12-03 16:38:27'),
(104, 34, 104, 1, 0, 0, '2022-11-24 16:04:50', '2022-12-03 16:38:27'),
(105, 34, 105, 1, 0, 0, '2022-11-24 16:04:50', '2022-12-03 16:38:27'),
(106, 34, 106, 1, 0, 0, '2022-11-24 16:04:50', '2022-12-03 16:38:27'),
(107, 34, 107, 1, 0, 0, '2022-11-24 16:04:50', '2022-12-03 16:38:27'),
(108, 34, 108, 1, 0, 0, '2022-11-24 16:04:50', '2022-12-03 16:38:27'),
(109, 37, 109, 1, 0, 0, '2022-11-24 16:04:50', '2022-12-03 16:38:27'),
(110, 37, 110, 1, 0, 0, '2022-11-24 16:04:50', '2022-12-03 16:38:27'),
(111, 38, 111, 1, 0, 0, '2022-11-24 16:04:50', '2022-12-03 16:38:27'),
(112, 39, 112, 1, 0, 0, '2022-11-24 16:04:50', '2022-12-03 16:38:27'),
(113, 39, 113, 1, 0, 0, '2022-11-24 16:04:50', '2022-12-03 16:38:27'),
(114, 40, 114, 1, 0, 0, '2022-11-24 16:04:50', '2022-12-03 16:38:27'),
(115, 43, 115, 1, 0, 0, '2022-11-24 16:04:50', '2022-12-03 16:38:27'),
(116, 45, 116, 1, 0, 0, '2022-11-24 16:04:50', '2022-12-03 16:38:27'),
(117, 45, 117, 1, 0, 0, '2022-11-24 16:04:50', '2022-12-03 16:38:27'),
(118, 45, 118, 1, 0, 0, '2022-11-24 16:04:50', '2022-12-03 16:38:27'),
(119, 45, 119, 1, 0, 0, '2022-11-24 16:04:50', '2022-12-03 16:38:27'),
(120, 45, 120, 1, 0, 0, '2022-11-24 16:04:50', '2022-12-03 16:38:27'),
(121, 45, 121, 1, 0, 0, '2022-11-24 16:04:50', '2022-12-03 16:38:27'),
(122, 45, 122, 1, 0, 0, '2022-11-24 16:04:50', '2022-12-03 16:38:27'),
(123, 45, 123, 1, 0, 0, '2022-11-24 16:04:50', '2022-12-03 16:38:27'),
(124, 45, 124, 1, 0, 0, '2022-11-24 16:04:50', '2022-12-03 16:38:27'),
(125, 45, 125, 1, 0, 0, '2022-11-24 16:04:50', '2022-12-03 16:38:27'),
(126, 45, 126, 1, 0, 0, '2022-11-24 16:04:50', '2022-12-03 16:38:27'),
(127, 45, 127, 1, 0, 0, '2022-11-24 16:04:50', '2022-12-03 16:38:27'),
(128, 45, 128, 1, 0, 0, '2022-11-24 16:04:50', '2022-12-03 16:38:27'),
(129, 45, 129, 1, 0, 0, '2022-11-24 16:04:50', '2022-12-03 16:38:27'),
(130, 45, 130, 1, 0, 0, '2022-11-24 16:04:50', '2022-12-03 16:38:27'),
(131, 45, 131, 1, 0, 0, '2022-11-24 16:04:50', '2022-12-03 16:38:27'),
(132, 49, 132, 1, 0, 0, '2022-11-24 16:04:50', '2022-12-03 16:38:27'),
(133, 50, 133, 1, 0, 0, '2022-11-24 16:04:50', '2022-12-03 16:38:27'),
(134, 50, 134, 1, 0, 0, '2022-11-24 16:04:50', '2022-12-03 16:38:27'),
(135, 50, 135, 1, 0, 0, '2022-11-24 16:04:50', '2022-12-03 16:38:27'),
(136, 50, 136, 1, 0, 0, '2022-11-24 16:04:50', '2022-12-03 16:38:27'),
(137, 50, 137, 1, 0, 0, '2022-11-24 16:04:50', '2022-12-03 16:38:27'),
(138, 50, 138, 1, 0, 0, '2022-11-24 16:04:50', '2022-12-03 16:38:27'),
(139, 50, 139, 1, 0, 0, '2022-11-24 16:04:50', '2022-12-03 16:38:27'),
(140, 50, 140, 1, 0, 0, '2022-11-24 16:04:50', '2022-12-03 16:38:27'),
(141, 50, 141, 1, 0, 0, '2022-11-24 16:04:50', '2022-12-03 16:38:27'),
(142, 50, 142, 1, 0, 0, '2022-11-24 16:04:50', '2022-12-03 16:38:27'),
(143, 50, 143, 1, 0, 0, '2022-11-24 16:04:50', '2022-12-03 16:38:27'),
(144, 50, 144, 1, 0, 0, '2022-11-24 16:04:50', '2022-12-03 16:38:27'),
(145, 50, 145, 1, 0, 0, '2022-11-24 16:04:50', '2022-12-03 16:38:27'),
(146, 50, 146, 1, 0, 0, '2022-11-24 16:04:50', '2022-12-03 16:38:27'),
(147, 50, 147, 1, 0, 0, '2022-11-24 16:04:50', '2022-12-03 16:38:27'),
(148, 50, 148, 1, 0, 0, '2022-11-24 16:04:50', '2022-12-03 16:38:27'),
(149, 50, 149, 1, 0, 0, '2022-11-24 16:04:50', '2022-12-03 16:38:27'),
(150, 50, 150, 1, 0, 0, '2022-11-24 16:04:50', '2022-12-03 16:38:27'),
(151, 50, 151, 1, 0, 0, '2022-11-24 16:04:50', '2022-12-03 16:38:27'),
(152, 50, 152, 1, 0, 0, '2022-11-24 16:04:50', '2022-12-03 16:38:27'),
(153, 50, 153, 1, 0, 0, '2022-11-24 16:04:50', '2022-12-03 16:38:27'),
(154, 50, 154, 1, 0, 0, '2022-11-24 16:04:50', '2022-12-03 16:38:27'),
(155, 50, 155, 1, 0, 0, '2022-11-24 16:04:50', '2022-12-03 16:38:27'),
(156, 50, 156, 1, 0, 0, '2022-11-24 16:04:50', '2022-12-03 16:38:27'),
(157, 50, 157, 1, 0, 0, '2022-11-24 16:04:50', '2022-12-03 16:38:27'),
(158, 50, 158, 1, 0, 0, '2022-11-24 16:04:50', '2022-12-03 16:38:27'),
(159, 50, 159, 1, 0, 0, '2022-11-24 16:04:50', '2022-12-03 16:38:27'),
(160, 50, 160, 1, 0, 0, '2022-11-24 16:04:50', '2022-12-03 16:38:27'),
(161, 50, 161, 1, 0, 0, '2022-11-24 16:04:50', '2022-12-03 16:38:27'),
(162, 50, 162, 1, 0, 0, '2022-11-24 16:04:50', '2022-12-03 16:38:27'),
(163, 50, 163, 1, 0, 0, '2022-11-24 16:04:50', '2022-12-03 16:38:27'),
(164, 50, 164, 1, 0, 0, '2022-11-24 16:04:50', '2022-12-03 16:38:27'),
(165, 50, 165, 1, 0, 0, '2022-11-24 16:04:50', '2022-12-03 16:38:27'),
(166, 50, 166, 1, 0, 0, '2022-11-24 16:04:50', '2022-12-03 16:38:27'),
(167, 50, 167, 1, 0, 0, '2022-11-24 16:04:50', '2022-12-03 16:38:27'),
(168, 50, 168, 1, 0, 0, '2022-11-24 16:04:50', '2022-12-03 16:38:27'),
(169, 50, 169, 1, 0, 0, '2022-11-24 16:04:50', '2022-12-03 16:38:27'),
(170, 50, 170, 1, 0, 0, '2022-11-24 16:04:50', '2022-12-03 16:38:27'),
(171, 50, 171, 1, 0, 0, '2022-11-24 16:04:50', '2022-12-03 16:38:27'),
(172, 50, 172, 1, 0, 0, '2022-11-24 16:04:50', '2022-12-03 16:38:27'),
(173, 50, 173, 1, 0, 0, '2022-11-24 16:04:50', '2022-12-03 16:38:27'),
(174, 50, 174, 1, 0, 0, '2022-11-24 16:04:50', '2022-12-03 16:38:27'),
(175, 50, 175, 1, 0, 0, '2022-11-24 16:04:50', '2022-12-03 16:38:27'),
(176, 50, 176, 1, 0, 0, '2022-11-24 16:04:50', '2022-12-03 16:38:27'),
(177, 50, 177, 1, 0, 0, '2022-11-24 16:04:50', '2022-12-03 16:38:27'),
(178, 50, 178, 1, 0, 0, '2022-11-24 16:04:50', '2022-12-03 16:38:27'),
(179, 50, 179, 1, 0, 0, '2022-11-24 16:04:50', '2022-12-03 16:38:27'),
(180, 50, 180, 1, 0, 0, '2022-11-24 16:04:50', '2022-12-03 16:38:27'),
(181, 50, 181, 1, 0, 0, '2022-11-24 16:04:50', '2022-12-03 16:38:27'),
(182, 50, 182, 1, 0, 0, '2022-11-24 16:04:50', '2022-12-03 16:38:27'),
(183, 50, 183, 1, 0, 0, '2022-11-24 16:04:50', '2022-12-03 16:38:27'),
(184, 50, 184, 1, 0, 0, '2022-11-24 16:04:50', '2022-12-03 16:38:27'),
(185, 50, 185, 1, 0, 0, '2022-11-24 16:04:50', '2022-12-03 16:38:27'),
(186, 50, 186, 1, 0, 0, '2022-11-24 16:04:50', '2022-12-03 16:38:27'),
(187, 50, 187, 1, 0, 0, '2022-11-24 16:04:50', '2022-12-03 16:38:27'),
(188, 50, 188, 1, 0, 0, '2022-11-24 16:04:50', '2022-12-03 16:38:27'),
(189, 50, 189, 1, 0, 0, '2022-11-24 16:04:50', '2022-12-03 16:38:27'),
(190, 50, 190, 1, 0, 0, '2022-11-24 16:04:50', '2022-12-03 16:38:27'),
(191, 50, 191, 1, 0, 0, '2022-11-24 16:04:50', '2022-12-03 16:38:27'),
(192, 50, 192, 1, 0, 0, '2022-11-24 16:04:50', '2022-12-03 16:38:27'),
(193, 50, 193, 1, 0, 0, '2022-11-24 16:04:50', '2022-12-03 16:38:27'),
(195, 50, 195, 1, 0, 0, '2022-11-24 16:04:50', '2022-12-03 16:38:27'),
(196, 50, 196, 1, 0, 0, '2022-11-24 16:04:50', '2022-12-03 16:38:27'),
(197, 50, 197, 1, 0, 0, '2022-11-24 16:04:50', '2022-12-03 16:38:27'),
(198, 50, 198, 1, 0, 0, '2022-11-24 16:04:50', '2022-12-03 16:38:27'),
(199, 50, 199, 1, 0, 0, '2022-11-24 16:04:50', '2022-12-03 16:38:27'),
(200, 50, 200, 1, 0, 0, '2022-11-24 16:04:50', '2022-12-03 16:38:27'),
(201, 50, 201, 1, 0, 0, '2022-11-24 16:04:50', '2022-12-03 16:38:27'),
(202, 50, 202, 1, 0, 0, '2022-11-24 16:04:50', '2022-12-03 16:38:27'),
(203, 50, 203, 1, 0, 0, '2022-11-24 16:04:50', '2022-12-03 16:38:27'),
(204, 50, 204, 1, 0, 0, '2022-11-24 16:04:50', '2022-12-03 16:38:27'),
(205, 50, 205, 1, 0, 0, '2022-11-24 16:04:50', '2022-12-03 16:38:27'),
(206, 51, 206, 1, 0, 0, '2022-11-24 16:04:50', '2022-12-03 16:38:27'),
(207, 51, 207, 1, 0, 0, '2022-11-24 16:04:50', '2022-12-03 16:38:27'),
(208, 51, 208, 1, 0, 0, '2022-11-24 16:04:50', '2022-12-03 16:38:27'),
(209, 51, 209, 1, 0, 0, '2022-11-24 16:04:50', '2022-12-03 16:38:27'),
(210, 51, 210, 1, 0, 0, '2022-11-24 16:04:50', '2022-12-03 16:38:27'),
(211, 51, 211, 1, 0, 0, '2022-11-24 16:04:50', '2022-12-03 16:38:27'),
(212, 51, 212, 1, 0, 0, '2022-11-24 16:04:50', '2022-12-03 16:38:27'),
(213, 51, 213, 1, 0, 0, '2022-11-24 16:04:50', '2022-12-03 16:38:27'),
(214, 51, 214, 1, 0, 0, '2022-11-24 16:04:50', '2022-12-03 16:38:27'),
(215, 54, 215, 1, 0, 0, '2022-11-24 16:04:50', '2022-12-03 16:38:27'),
(216, 56, 216, 1, 0, 0, '2022-11-24 16:04:50', '2022-12-03 16:38:27'),
(217, 56, 217, 1, 0, 0, '2022-11-24 16:04:50', '2022-12-03 16:38:27'),
(218, 56, 218, 1, 0, 0, '2022-11-24 16:04:50', '2022-12-03 16:38:27'),
(219, 56, 219, 1, 0, 0, '2022-11-24 16:04:50', '2022-12-03 16:38:27'),
(220, 56, 220, 1, 0, 0, '2022-11-24 16:04:50', '2022-12-03 16:38:27'),
(221, 57, 221, 1, 0, 0, '2022-11-24 16:04:50', '2022-12-03 16:38:27'),
(222, 57, 222, 1, 0, 0, '2022-11-24 16:04:50', '2022-12-03 16:38:27'),
(223, 57, 223, 1, 0, 0, '2022-11-24 16:04:50', '2022-12-03 16:38:27'),
(224, 57, 224, 1, 0, 0, '2022-11-24 16:04:50', '2022-12-03 16:38:27'),
(225, 57, 225, 1, 0, 0, '2022-11-24 16:04:50', '2022-12-03 16:38:27'),
(226, 58, 226, 1, 0, 0, '2022-11-24 16:04:50', '2022-12-03 16:38:27'),
(227, 59, 227, 1, 0, 0, '2022-11-24 16:04:50', '2022-12-03 16:38:27'),
(228, 59, 228, 1, 0, 0, '2022-11-24 16:04:50', '2022-12-03 16:38:27'),
(229, 59, 229, 1, 0, 0, '2022-11-24 16:04:50', '2022-12-03 16:38:27'),
(230, 59, 230, 1, 0, 0, '2022-11-24 16:04:50', '2022-12-03 16:38:27'),
(231, 59, 231, 1, 0, 0, '2022-11-24 16:04:50', '2022-12-03 16:38:27'),
(232, 59, 232, 1, 0, 0, '2022-11-24 16:04:50', '2022-12-03 16:38:27'),
(233, 59, 233, 1, 0, 0, '2022-11-24 16:04:50', '2022-12-03 16:38:27'),
(234, 59, 234, 1, 0, 0, '2022-11-24 16:04:50', '2022-12-03 16:38:27'),
(235, 59, 235, 1, 0, 0, '2022-11-24 16:04:50', '2022-12-03 16:38:27'),
(236, 59, 236, 1, 0, 0, '2022-11-24 16:04:50', '2022-12-03 16:38:27'),
(237, 59, 237, 1, 0, 0, '2022-11-24 16:04:50', '2022-12-03 16:38:27'),
(238, 59, 238, 1, 0, 0, '2022-11-24 16:04:50', '2022-12-03 16:38:27'),
(239, 59, 239, 1, 0, 0, '2022-11-24 16:04:50', '2022-12-03 16:38:27'),
(240, 59, 240, 1, 0, 0, '2022-11-24 16:04:50', '2022-12-03 16:38:27'),
(241, 59, 241, 1, 0, 0, '2022-11-24 16:04:50', '2022-12-03 16:38:27'),
(242, 59, 242, 1, 0, 0, '2022-11-24 16:04:50', '2022-12-03 16:38:27'),
(243, 59, 243, 1, 0, 0, '2022-11-24 16:04:50', '2022-12-03 16:38:27'),
(244, 59, 244, 1, 0, 0, '2022-11-24 16:04:50', '2022-12-03 16:38:27'),
(245, 59, 245, 1, 0, 0, '2022-11-24 16:04:50', '2022-12-03 16:38:27'),
(246, 59, 246, 1, 0, 0, '2022-11-24 16:04:50', '2022-12-03 16:38:27'),
(247, 59, 247, 1, 0, 0, '2022-11-24 16:04:50', '2022-12-03 16:38:27'),
(248, 59, 248, 1, 0, 0, '2022-11-24 16:04:50', '2022-12-03 16:38:27'),
(249, 59, 249, 1, 0, 0, '2022-11-24 16:04:50', '2022-12-03 16:38:27'),
(250, 59, 250, 1, 0, 0, '2022-11-24 16:04:50', '2022-12-03 16:38:27'),
(251, 59, 251, 1, 0, 0, '2022-11-24 16:04:50', '2022-12-03 16:38:27'),
(252, 59, 252, 1, 0, 0, '2022-11-24 16:04:50', '2022-12-03 16:38:27'),
(253, 59, 253, 1, 0, 0, '2022-11-24 16:04:50', '2022-12-03 16:38:27'),
(254, 59, 254, 1, 0, 0, '2022-11-24 16:04:50', '2022-12-03 16:38:27'),
(255, 59, 255, 1, 0, 0, '2022-11-24 16:04:50', '2022-12-03 16:38:27'),
(256, 59, 256, 1, 0, 0, '2022-11-24 16:04:50', '2022-12-03 16:38:27'),
(257, 59, 257, 1, 0, 0, '2022-11-24 16:04:50', '2022-12-03 16:38:27'),
(258, 59, 258, 1, 0, 0, '2022-11-24 16:04:50', '2022-12-03 16:38:27'),
(259, 59, 259, 1, 0, 0, '2022-11-24 16:04:50', '2022-12-03 16:38:27'),
(260, 59, 260, 1, 0, 0, '2022-11-24 16:04:50', '2022-12-03 16:38:27'),
(261, 59, 261, 1, 0, 0, '2022-11-24 16:04:50', '2022-12-03 16:38:27'),
(262, 59, 262, 1, 0, 0, '2022-11-24 16:04:50', '2022-12-03 16:38:27'),
(263, 59, 263, 1, 0, 0, '2022-11-24 16:04:50', '2022-12-03 16:38:27'),
(264, 60, 264, 1, 0, 0, '2022-11-24 16:04:50', '2022-12-03 16:38:27'),
(265, 60, 265, 1, 0, 0, '2022-11-24 16:04:50', '2022-12-03 16:38:27'),
(266, 61, 266, 1, 0, 0, '2022-11-24 16:04:50', '2022-12-03 16:38:27'),
(267, 61, 267, 1, 0, 0, '2022-11-24 16:04:50', '2022-12-03 16:38:27'),
(268, 61, 268, 1, 0, 0, '2022-11-24 16:04:50', '2022-12-03 16:38:27'),
(269, 61, 269, 1, 0, 0, '2022-11-24 16:04:50', '2022-12-03 16:38:27'),
(270, 61, 270, 1, 0, 0, '2022-11-24 16:04:50', '2022-12-03 16:38:27'),
(271, 61, 271, 1, 0, 0, '2022-11-24 16:04:50', '2022-12-03 16:38:27'),
(272, 61, 272, 1, 0, 0, '2022-11-24 16:04:50', '2022-12-03 16:38:27'),
(273, 61, 273, 1, 0, 0, '2022-11-24 16:04:50', '2022-12-03 16:38:27'),
(274, 61, 274, 1, 0, 0, '2022-11-24 16:04:50', '2022-12-03 16:38:27'),
(275, 61, 275, 1, 0, 0, '2022-11-24 16:04:50', '2022-12-03 16:38:27'),
(276, 61, 276, 1, 0, 0, '2022-11-24 16:04:50', '2022-12-03 16:38:27'),
(277, 61, 277, 1, 0, 0, '2022-11-24 16:04:50', '2022-12-03 16:38:27'),
(278, 61, 278, 1, 0, 0, '2022-11-24 16:04:50', '2022-12-03 16:38:27'),
(279, 62, 279, 1, 0, 0, '2022-11-24 16:04:50', '2022-12-03 16:38:27'),
(280, 62, 280, 1, 0, 0, '2022-11-24 16:04:50', '2022-12-03 16:38:27'),
(281, 62, 281, 1, 0, 0, '2022-11-24 16:04:50', '2022-12-03 16:38:27'),
(282, 62, 282, 1, 0, 0, '2022-11-24 16:04:50', '2022-12-03 16:38:27'),
(283, 62, 283, 1, 0, 0, '2022-11-24 16:04:50', '2022-12-03 16:38:27'),
(284, 62, 284, 1, 0, 0, '2022-11-24 16:04:50', '2022-12-03 16:38:27'),
(285, 62, 285, 1, 0, 0, '2022-11-24 16:04:50', '2022-12-03 16:38:27'),
(286, 62, 286, 1, 0, 0, '2022-11-24 16:04:50', '2022-12-03 16:38:27'),
(287, 62, 287, 1, 0, 0, '2022-11-24 16:04:50', '2022-12-03 16:38:27'),
(288, 62, 288, 1, 0, 0, '2022-11-24 16:04:50', '2022-12-03 16:38:27'),
(289, 62, 289, 1, 0, 0, '2022-11-24 16:04:50', '2022-12-03 16:38:27'),
(290, 62, 290, 1, 0, 0, '2022-11-24 16:04:50', '2022-12-03 16:38:27'),
(291, 62, 291, 1, 0, 0, '2022-11-24 16:04:50', '2022-12-03 16:38:27'),
(292, 62, 292, 1, 0, 0, '2022-11-24 16:04:50', '2022-12-03 16:38:27'),
(293, 62, 293, 1, 0, 0, '2022-11-24 16:04:50', '2022-12-03 16:38:27'),
(294, 62, 294, 1, 0, 0, '2022-11-24 16:04:50', '2022-12-03 16:38:27'),
(295, 62, 295, 1, 0, 0, '2022-11-24 16:04:50', '2022-12-03 16:38:27'),
(296, 62, 296, 1, 0, 0, '2022-11-24 16:04:50', '2022-12-03 16:38:27'),
(297, 62, 297, 1, 0, 0, '2022-11-24 16:04:50', '2022-12-03 16:38:27'),
(298, 62, 298, 1, 0, 0, '2022-11-24 16:04:50', '2022-12-03 16:38:27'),
(299, 62, 299, 1, 0, 0, '2022-11-24 16:04:50', '2022-12-03 16:38:27'),
(300, 62, 300, 1, 0, 0, '2022-11-24 16:04:50', '2022-12-03 16:38:27'),
(301, 62, 301, 1, 0, 0, '2022-11-24 16:04:50', '2022-12-03 16:38:27'),
(302, 62, 302, 1, 0, 0, '2022-11-24 16:04:50', '2022-12-03 16:38:27'),
(303, 62, 303, 1, 0, 0, '2022-11-24 16:04:50', '2022-12-03 16:38:27'),
(304, 68, 304, 1, 0, 0, '2022-11-24 16:04:50', '2022-12-03 16:38:27'),
(305, 69, 305, 1, 0, 0, '2022-11-24 16:04:50', '2022-12-03 16:38:27'),
(306, 69, 306, 1, 0, 0, '2022-11-24 16:04:50', '2022-12-03 16:38:27'),
(307, 69, 307, 1, 0, 0, '2022-11-24 16:04:50', '2022-12-03 16:38:27'),
(308, 69, 308, 1, 0, 0, '2022-11-24 16:04:50', '2022-12-03 16:38:27'),
(309, 69, 309, 1, 0, 0, '2022-11-24 16:04:50', '2022-12-03 16:38:27'),
(310, 69, 310, 1, 0, 0, '2022-11-24 16:04:50', '2022-12-03 16:38:27'),
(311, 69, 311, 1, 0, 0, '2022-11-24 16:04:50', '2022-12-03 16:38:27'),
(312, 69, 312, 1, 0, 0, '2022-11-24 16:04:50', '2022-12-03 16:38:27'),
(313, 69, 313, 1, 0, 0, '2022-11-24 16:04:50', '2022-12-03 16:38:27'),
(314, 69, 314, 1, 0, 0, '2022-11-24 16:04:50', '2022-12-03 16:38:27'),
(315, 69, 315, 1, 0, 0, '2022-11-24 16:04:50', '2022-12-03 16:38:27'),
(316, 69, 316, 1, 0, 0, '2022-11-24 16:04:50', '2022-12-03 16:38:27'),
(317, 69, 317, 1, 0, 0, '2022-11-24 16:04:50', '2022-12-03 16:38:27'),
(318, 69, 318, 1, 0, 0, '2022-11-24 16:04:50', '2022-12-03 16:38:27'),
(319, 69, 319, 1, 0, 0, '2022-11-24 16:04:50', '2022-12-03 16:38:27'),
(320, 69, 320, 1, 0, 0, '2022-11-24 16:04:50', '2022-12-03 16:38:27'),
(321, 70, 321, 1, 0, 0, '2022-11-24 16:04:50', '2022-12-03 16:38:27'),
(322, 70, 322, 1, 0, 0, '2022-11-24 16:04:50', '2022-12-03 16:38:27'),
(323, 70, 323, 1, 0, 0, '2022-11-24 16:04:50', '2022-12-03 16:38:27'),
(324, 70, 324, 1, 0, 0, '2022-11-24 16:04:50', '2022-12-03 16:38:27'),
(325, 70, 325, 1, 0, 0, '2022-11-24 16:04:50', '2022-12-03 16:38:27'),
(326, 70, 326, 1, 0, 0, '2022-11-24 16:04:50', '2022-12-03 16:38:27'),
(327, 70, 327, 1, 0, 0, '2022-11-24 16:04:50', '2022-12-03 16:38:27'),
(328, 70, 328, 1, 0, 0, '2022-11-24 16:04:50', '2022-12-03 16:38:27'),
(329, 70, 329, 1, 0, 0, '2022-11-24 16:04:50', '2022-12-03 16:38:27'),
(330, 70, 330, 1, 0, 0, '2022-11-24 16:04:50', '2022-12-03 16:38:27'),
(331, 70, 331, 1, 0, 0, '2022-11-24 16:04:50', '2022-12-03 16:38:27'),
(332, 70, 332, 1, 0, 0, '2022-11-24 16:04:50', '2022-12-03 16:38:27'),
(333, 70, 333, 1, 0, 0, '2022-11-24 16:04:50', '2022-12-03 16:38:27'),
(334, 70, 334, 1, 0, 0, '2022-11-24 16:04:50', '2022-12-03 16:38:27'),
(335, 70, 335, 1, 0, 0, '2022-11-24 16:04:50', '2022-12-03 16:38:27'),
(336, 70, 336, 1, 0, 0, '2022-11-24 16:04:50', '2022-12-03 16:38:27'),
(337, 70, 337, 1, 0, 0, '2022-11-24 16:04:50', '2022-12-03 16:38:27'),
(338, 70, 338, 1, 0, 0, '2022-11-24 16:04:50', '2022-12-03 16:38:27'),
(339, 70, 339, 1, 0, 0, '2022-11-24 16:04:50', '2022-12-03 16:38:27'),
(340, 70, 340, 1, 0, 0, '2022-11-24 16:04:50', '2022-12-03 16:38:27'),
(341, 70, 341, 1, 0, 0, '2022-11-24 16:04:50', '2022-12-03 16:38:27'),
(342, 70, 342, 1, 0, 0, '2022-11-24 16:04:50', '2022-12-03 16:38:27'),
(343, 70, 343, 1, 0, 0, '2022-11-24 16:04:50', '2022-12-03 16:38:27'),
(344, 70, 344, 1, 0, 0, '2022-11-24 16:04:50', '2022-12-03 16:38:27'),
(345, 70, 345, 1, 0, 0, '2022-11-24 16:04:50', '2022-12-03 16:38:27'),
(346, 70, 346, 1, 0, 0, '2022-11-24 16:04:50', '2022-12-03 16:38:27'),
(347, 70, 347, 1, 0, 0, '2022-11-24 16:04:50', '2022-12-03 16:38:27'),
(348, 70, 348, 1, 0, 0, '2022-11-24 16:04:50', '2022-12-03 16:38:27'),
(349, 70, 349, 1, 0, 0, '2022-11-24 16:04:50', '2022-12-03 16:38:27'),
(350, 70, 350, 1, 0, 0, '2022-11-24 16:04:50', '2022-12-03 16:38:27'),
(351, 70, 351, 1, 0, 0, '2022-11-24 16:04:50', '2022-12-03 16:38:27'),
(352, 70, 352, 1, 0, 0, '2022-11-24 16:04:50', '2022-12-03 16:38:27'),
(353, 70, 353, 1, 0, 0, '2022-11-24 16:04:50', '2022-12-03 16:38:27'),
(354, 70, 354, 1, 0, 0, '2022-11-24 16:04:50', '2022-12-03 16:38:27'),
(355, 70, 355, 1, 0, 0, '2022-11-24 16:04:50', '2022-12-03 16:38:27'),
(356, 70, 356, 1, 0, 0, '2022-11-24 16:04:50', '2022-12-03 16:38:27'),
(357, 70, 357, 1, 0, 0, '2022-11-24 16:04:50', '2022-12-03 16:38:27'),
(358, 70, 358, 1, 0, 0, '2022-11-24 16:04:50', '2022-12-03 16:38:27'),
(359, 70, 359, 1, 0, 0, '2022-11-24 16:04:50', '2022-12-03 16:38:27'),
(360, 70, 360, 1, 0, 0, '2022-11-24 16:04:50', '2022-12-03 16:38:27'),
(361, 70, 361, 1, 0, 0, '2022-11-24 16:04:50', '2022-12-03 16:38:27'),
(362, 70, 362, 1, 0, 0, '2022-11-24 16:04:50', '2022-12-03 16:38:27'),
(363, 70, 363, 1, 0, 0, '2022-11-24 16:04:50', '2022-12-03 16:38:27'),
(364, 70, 364, 1, 0, 0, '2022-11-24 16:04:50', '2022-12-03 16:38:27'),
(365, 70, 365, 1, 0, 0, '2022-11-24 16:04:50', '2022-12-03 16:38:27'),
(366, 70, 366, 1, 0, 0, '2022-11-24 16:04:50', '2022-12-03 16:38:27'),
(368, 73, 368, 1, 0, 0, '2022-11-24 16:04:50', '2022-12-03 16:38:27'),
(369, 74, 369, 1, 0, 0, '2022-11-24 16:04:50', '2022-12-03 16:38:27'),
(370, 75, 370, 1, 0, 0, '2022-11-24 16:04:50', '2022-12-03 16:38:27'),
(371, 76, 371, 1, 0, 0, '2022-11-24 16:04:50', '2022-12-03 16:38:27'),
(372, 77, 372, 1, 0, 0, '2022-11-24 16:04:50', '2022-12-03 16:38:27'),
(373, 78, 373, 1, 0, 0, '2022-11-24 16:04:50', '2022-12-03 16:38:27'),
(374, 30, 374, 1, 0, 0, '2022-11-24 16:04:50', '2022-12-03 16:38:27'),
(375, 62, 375, 1, 0, 0, '2022-11-24 16:04:50', '2022-12-03 16:38:27'),
(376, 25, 376, 1, 0, 0, '2022-11-24 16:04:50', '2022-12-03 16:38:27'),
(377, 23, 377, 1, 0, 0, '2022-11-24 16:04:50', '2022-12-03 16:38:27'),
(378, 106, 378, 1, 0, 0, '2022-11-24 16:04:50', '2022-12-03 16:38:27'),
(379, 131, 379, 1, 0, 0, '2022-11-24 16:04:50', '2022-12-03 16:38:27'),
(380, 30, 380, 1, 0, 0, '2022-11-24 16:04:50', '2022-12-03 16:38:27'),
(381, 50, 381, 1, 0, 0, '2022-11-24 16:04:50', '2022-12-03 16:38:27'),
(382, 50, 382, 1, 0, 0, '2022-11-24 16:04:50', '2022-12-03 16:38:27'),
(383, 93, 383, 1, 0, 0, '2022-11-24 16:04:50', '2022-12-03 16:38:27'),
(384, 50, 384, 1, 0, 0, '2022-11-24 16:04:50', '2022-12-03 16:38:27'),
(385, 99, 385, 1, 0, 0, '2022-11-24 16:04:50', '2022-12-03 16:38:27'),
(386, 137, 386, 1, 0, 0, '2022-11-24 16:04:50', '2022-12-03 16:38:27'),
(387, 138, 387, 1, 0, 0, '2022-11-24 16:04:50', '2022-12-03 16:38:27'),
(388, 139, 388, 1, 0, 0, '2022-11-24 16:04:50', '2022-12-03 16:38:27'),
(389, 23, 389, 1, 0, 0, '2022-11-24 16:04:50', '2022-12-03 16:38:27'),
(390, 140, 390, 1, 0, 0, '2022-11-24 16:04:50', '2022-12-03 16:38:27'),
(391, 140, 391, 1, 0, 0, '2022-11-24 16:04:50', '2022-12-03 16:38:27'),
(392, 140, 392, 1, 0, 0, '2022-11-24 16:04:50', '2022-12-03 16:38:27'),
(393, 141, 393, 1, 0, 0, '2022-11-24 16:04:50', '2022-12-03 16:38:27'),
(394, 104, 394, 1, 0, 0, '2022-11-24 16:04:50', '2022-12-03 16:38:27'),
(395, 104, 395, 1, 0, 0, '2022-11-24 16:04:50', '2022-12-03 16:38:27'),
(396, 50, 396, 1, 0, 0, '2022-11-24 16:04:50', '2022-12-03 16:38:27'),
(397, 122, 397, 1, 0, 0, '2022-11-24 16:04:50', '2022-12-03 16:38:27'),
(398, 92, 398, 1, 0, 0, '2022-11-24 16:04:50', '2022-12-03 16:38:27'),
(399, 117, 399, 1, 0, 0, '2022-11-24 16:04:50', '2022-12-03 16:38:27'),
(400, 84, 400, 1, 0, 0, '2022-11-24 16:04:50', '2022-12-03 16:38:27'),
(401, 87, 401, 1, 0, 0, '2022-11-24 16:04:50', '2022-12-03 16:38:27'),
(402, 142, 402, 1, 0, 0, '2022-11-24 16:04:50', '2022-12-03 16:38:27'),
(403, 80, 403, 1, 0, 0, '2022-11-24 16:04:50', '2022-12-03 16:38:27'),
(404, 69, 404, 1, 0, 0, '2022-11-24 16:04:50', '2022-12-03 16:38:27'),
(405, 132, 405, 1, 0, 0, '2022-11-24 16:04:50', '2022-12-03 16:38:27'),
(406, 93, 406, 1, 0, 0, '2022-11-24 16:04:50', '2022-12-03 16:38:27'),
(407, 93, 407, 1, 0, 0, '2022-11-24 16:04:50', '2022-12-03 16:38:27'),
(409, 24, 409, 1, 0, 0, '2022-11-24 16:04:50', '2022-12-03 16:38:27'),
(410, 115, 410, 1, 0, 0, '2022-11-24 16:04:50', '2022-12-03 16:38:27'),
(411, 64, 411, 1, 0, 0, '2022-11-24 16:04:50', '2022-12-03 16:38:27'),
(412, 64, 412, 1, 0, 0, '2022-11-24 16:04:50', '2022-12-03 16:38:27'),
(413, 64, 413, 1, 0, 0, '2022-11-24 16:04:50', '2022-12-03 16:38:27'),
(414, 64, 414, 1, 0, 0, '2022-11-24 16:04:50', '2022-12-03 16:38:27'),
(415, 64, 415, 1, 0, 0, '2022-11-24 16:04:50', '2022-12-03 16:38:27'),
(416, 64, 416, 1, 0, 0, '2022-11-24 16:04:50', '2022-12-03 16:38:27'),
(417, 64, 417, 1, 0, 0, '2022-11-24 16:04:50', '2022-12-03 16:38:27'),
(418, 64, 418, 1, 0, 0, '2022-11-24 16:04:50', '2022-12-03 16:38:27'),
(419, 64, 419, 1, 0, 0, '2022-11-24 16:04:50', '2022-12-03 16:38:27'),
(420, 64, 420, 1, 0, 0, '2022-11-24 16:04:50', '2022-12-03 16:38:27'),
(421, 64, 421, 1, 0, 0, '2022-11-24 16:04:50', '2022-12-03 16:38:27'),
(422, 64, 422, 1, 0, 0, '2022-11-24 16:04:50', '2022-12-03 16:38:27'),
(423, 64, 423, 1, 0, 0, '2022-11-24 16:04:50', '2022-12-03 16:38:27'),
(424, 64, 424, 1, 0, 0, '2022-11-24 16:04:50', '2022-12-03 16:38:27'),
(425, 64, 425, 1, 0, 0, '2022-11-24 16:04:50', '2022-12-03 16:38:27'),
(426, 64, 426, 1, 0, 0, '2022-11-24 16:04:50', '2022-12-03 16:38:27'),
(427, 64, 427, 1, 0, 0, '2022-11-24 16:04:50', '2022-12-03 16:38:27'),
(428, 64, 428, 1, 0, 0, '2022-11-24 16:04:50', '2022-12-03 16:38:27'),
(429, 64, 429, 1, 0, 0, '2022-11-24 16:04:50', '2022-12-03 16:38:27'),
(430, 64, 430, 1, 0, 0, '2022-11-24 16:04:50', '2022-12-03 16:38:27'),
(431, 64, 431, 1, 0, 0, '2022-11-24 16:04:50', '2022-12-03 16:38:27'),
(432, 64, 432, 1, 0, 0, '2022-11-24 16:04:50', '2022-12-03 16:38:27'),
(433, 64, 433, 1, 0, 0, '2022-11-24 16:04:50', '2022-12-03 16:38:27'),
(434, 64, 434, 1, 0, 0, '2022-11-24 16:04:50', '2022-12-03 16:38:27'),
(435, 64, 435, 1, 0, 0, '2022-11-24 16:04:50', '2022-12-03 16:38:27'),
(436, 64, 436, 1, 0, 0, '2022-11-24 16:04:50', '2022-12-03 16:38:27'),
(437, 64, 437, 1, 0, 0, '2022-11-24 16:04:50', '2022-12-03 16:38:27'),
(438, 64, 438, 1, 0, 0, '2022-11-24 16:04:50', '2022-12-03 16:38:27'),
(439, 64, 439, 1, 0, 0, '2022-11-24 16:04:50', '2022-12-03 16:38:27'),
(440, 64, 440, 1, 0, 0, '2022-11-24 16:04:50', '2022-12-03 16:38:27'),
(441, 64, 441, 1, 0, 0, '2022-11-24 16:04:50', '2022-12-03 16:38:27'),
(442, 64, 442, 1, 0, 0, '2022-11-24 16:04:50', '2022-12-03 16:38:27'),
(443, 64, 443, 1, 0, 0, '2022-11-24 16:04:50', '2022-12-03 16:38:27'),
(444, 64, 444, 1, 0, 0, '2022-11-24 16:04:50', '2022-12-03 16:38:27'),
(445, 64, 445, 1, 0, 0, '2022-11-24 16:04:50', '2022-12-03 16:38:27'),
(446, 64, 446, 1, 0, 0, '2022-11-24 16:04:50', '2022-12-03 16:38:27'),
(447, 64, 447, 1, 0, 0, '2022-11-24 16:04:50', '2022-12-03 16:38:27'),
(448, 64, 448, 1, 0, 0, '2022-11-24 16:04:50', '2022-12-03 16:38:27'),
(449, 64, 449, 1, 0, 0, '2022-11-24 16:04:50', '2022-12-03 16:38:27'),
(450, 64, 450, 1, 0, 0, '2022-11-24 16:04:50', '2022-12-03 16:38:27'),
(451, 64, 451, 1, 0, 0, '2022-11-24 16:04:50', '2022-12-03 16:38:27'),
(452, 64, 452, 1, 0, 0, '2022-11-24 16:04:50', '2022-12-03 16:38:27'),
(453, 64, 453, 1, 0, 0, '2022-11-24 16:04:50', '2022-12-03 16:38:27'),
(454, 64, 454, 1, 0, 0, '2022-11-24 16:04:50', '2022-12-03 16:38:27'),
(455, 64, 455, 1, 0, 0, '2022-11-24 16:04:50', '2022-12-03 16:38:27'),
(456, 64, 456, 1, 0, 0, '2022-11-24 16:04:50', '2022-12-03 16:38:27'),
(457, 64, 457, 1, 0, 0, '2022-11-24 16:04:50', '2022-12-03 16:38:27'),
(458, 64, 458, 1, 0, 0, '2022-11-24 16:04:50', '2022-12-03 16:38:27'),
(459, 64, 459, 1, 0, 0, '2022-11-24 16:04:50', '2022-12-03 16:38:27'),
(460, 64, 460, 1, 0, 0, '2022-11-24 16:04:50', '2022-12-03 16:38:27'),
(461, 64, 461, 1, 0, 0, '2022-11-24 16:04:50', '2022-12-03 16:38:27'),
(462, 64, 462, 1, 0, 0, '2022-11-24 16:04:50', '2022-12-03 16:38:27'),
(463, 64, 463, 1, 0, 0, '2022-11-24 16:04:50', '2022-12-03 16:38:27'),
(464, 64, 464, 1, 0, 0, '2022-11-24 16:04:50', '2022-12-03 16:38:27'),
(465, 64, 465, 1, 0, 0, '2022-11-24 16:04:50', '2022-12-03 16:38:27'),
(466, 64, 466, 1, 0, 0, '2022-11-24 16:04:50', '2022-12-03 16:38:27'),
(467, 64, 467, 1, 0, 0, '2022-11-24 16:04:50', '2022-12-03 16:38:27'),
(468, 64, 468, 1, 0, 0, '2022-11-24 16:04:50', '2022-12-03 16:38:27'),
(469, 64, 469, 1, 0, 0, '2022-11-24 16:04:50', '2022-12-03 16:38:27'),
(470, 64, 470, 1, 0, 0, '2022-11-24 16:04:50', '2022-12-03 16:38:27'),
(471, 64, 471, 1, 0, 0, '2022-11-24 16:04:50', '2022-12-03 16:38:27'),
(472, 64, 472, 1, 0, 0, '2022-11-24 16:04:50', '2022-12-03 16:38:27'),
(473, 64, 473, 1, 0, 0, '2022-11-24 16:04:50', '2022-12-03 16:38:27'),
(474, 64, 474, 1, 0, 0, '2022-11-24 16:04:50', '2022-12-03 16:38:27'),
(475, 64, 475, 1, 0, 0, '2022-11-24 16:04:50', '2022-12-03 16:38:27'),
(476, 64, 476, 1, 0, 0, '2022-11-24 16:04:50', '2022-12-03 16:38:27'),
(477, 64, 477, 1, 0, 0, '2022-11-24 16:04:50', '2022-12-03 16:38:27'),
(478, 64, 478, 1, 0, 0, '2022-11-24 16:04:50', '2022-12-03 16:38:27'),
(479, 64, 479, 1, 0, 0, '2022-11-24 16:04:50', '2022-12-03 16:38:27'),
(480, 64, 480, 1, 0, 0, '2022-11-24 16:04:50', '2022-12-03 16:38:27'),
(481, 64, 481, 1, 0, 0, '2022-11-24 16:04:50', '2022-12-03 16:38:27'),
(482, 64, 482, 1, 0, 0, '2022-11-24 16:04:50', '2022-12-03 16:38:27'),
(483, 64, 483, 1, 0, 0, '2022-11-24 16:04:50', '2022-12-03 16:38:27'),
(484, 64, 484, 1, 0, 0, '2022-11-24 16:04:50', '2022-12-03 16:38:27'),
(485, 64, 485, 1, 0, 0, '2022-11-24 16:04:50', '2022-12-03 16:38:27'),
(486, 64, 486, 1, 0, 0, '2022-11-24 16:04:50', '2022-12-03 16:38:27'),
(487, 64, 487, 1, 0, 0, '2022-11-24 16:04:50', '2022-12-03 16:38:27'),
(488, 64, 488, 1, 0, 0, '2022-11-24 16:04:50', '2022-12-03 16:38:27'),
(489, 64, 489, 1, 0, 0, '2022-11-24 16:04:50', '2022-12-03 16:38:27'),
(490, 64, 490, 1, 0, 0, '2022-11-24 16:04:50', '2022-12-03 16:38:27'),
(491, 64, 491, 1, 0, 0, '2022-11-24 16:04:50', '2022-12-03 16:38:27'),
(492, 64, 492, 1, 0, 0, '2022-11-24 16:04:50', '2022-12-03 16:38:27'),
(493, 64, 493, 1, 0, 0, '2022-11-24 16:04:50', '2022-12-03 16:38:27'),
(494, 64, 494, 1, 0, 0, '2022-11-24 16:04:50', '2022-12-03 16:38:27'),
(495, 64, 495, 1, 0, 0, '2022-11-24 16:04:50', '2022-12-03 16:38:27'),
(496, 64, 496, 1, 0, 0, '2022-11-24 16:04:50', '2022-12-03 16:38:27'),
(497, 64, 497, 1, 0, 0, '2022-11-24 16:04:50', '2022-12-03 16:38:27'),
(498, 64, 498, 1, 0, 0, '2022-11-24 16:04:50', '2022-12-03 16:38:27'),
(499, 64, 499, 1, 0, 0, '2022-11-24 16:04:50', '2022-12-03 16:38:27'),
(500, 64, 500, 1, 0, 0, '2022-11-24 16:04:50', '2022-12-03 16:38:27'),
(501, 64, 501, 1, 0, 0, '2022-11-24 16:04:50', '2022-12-03 16:38:27'),
(502, 64, 502, 1, 0, 0, '2022-11-24 16:04:50', '2022-12-03 16:38:27'),
(503, 64, 503, 1, 0, 0, '2022-11-24 16:04:50', '2022-12-03 16:38:27'),
(504, 64, 504, 1, 0, 0, '2022-11-24 16:04:50', '2022-12-03 16:38:27'),
(505, 64, 505, 1, 0, 0, '2022-11-24 16:04:50', '2022-12-03 16:38:27'),
(506, 29, 506, 1, 0, 0, '2022-11-24 16:04:50', '2022-12-03 16:38:27'),
(507, 29, 507, 1, 0, 0, '2022-11-24 16:04:50', '2022-12-03 16:38:27'),
(508, 29, 508, 1, 0, 0, '2022-11-24 16:04:50', '2022-12-03 16:38:27'),
(509, 29, 509, 1, 0, 0, '2022-11-24 16:04:50', '2022-12-03 16:38:27'),
(510, 29, 510, 1, 0, 0, '2022-11-24 16:04:50', '2022-12-03 16:38:27'),
(511, 29, 511, 1, 0, 0, '2022-11-24 16:04:50', '2022-12-03 16:38:27'),
(512, 29, 512, 1, 0, 0, '2022-11-24 16:04:50', '2022-12-03 16:38:27'),
(513, 29, 513, 1, 0, 0, '2022-11-24 16:04:50', '2022-12-03 16:38:27'),
(514, 29, 514, 1, 0, 0, '2022-11-24 16:04:50', '2022-12-03 16:38:27'),
(515, 29, 515, 1, 0, 0, '2022-11-24 16:04:50', '2022-12-03 16:38:27'),
(516, 29, 516, 1, 0, 0, '2022-11-24 16:04:50', '2022-12-03 16:38:27'),
(517, 29, 517, 1, 0, 0, '2022-11-24 16:04:50', '2022-12-03 16:38:27'),
(518, 29, 518, 1, 0, 0, '2022-11-24 16:04:50', '2022-12-03 16:38:27'),
(519, 29, 519, 1, 0, 0, '2022-11-24 16:04:50', '2022-12-03 16:38:27'),
(520, 29, 520, 1, 0, 0, '2022-11-24 16:04:50', '2022-12-03 16:38:27'),
(521, 29, 521, 1, 0, 0, '2022-11-24 16:04:50', '2022-12-03 16:38:27'),
(522, 29, 522, 1, 0, 0, '2022-11-24 16:04:50', '2022-12-03 16:38:27'),
(523, 29, 523, 1, 0, 0, '2022-11-24 16:04:50', '2022-12-03 16:38:27'),
(524, 29, 524, 1, 0, 0, '2022-11-24 16:04:50', '2022-12-03 16:38:27'),
(525, 29, 525, 1, 0, 0, '2022-11-24 16:04:50', '2022-12-03 16:38:27'),
(526, 29, 526, 1, 0, 0, '2022-11-24 16:04:50', '2022-12-03 16:38:27'),
(527, 29, 527, 1, 0, 0, '2022-11-24 16:04:50', '2022-12-03 16:38:27'),
(528, 29, 528, 1, 0, 0, '2022-11-24 16:04:50', '2022-12-03 16:38:27'),
(529, 29, 529, 1, 0, 0, '2022-11-24 16:04:50', '2022-12-03 16:38:27'),
(530, 29, 530, 1, 0, 0, '2022-11-24 16:04:50', '2022-12-03 16:38:27'),
(531, 29, 531, 1, 0, 0, '2022-11-24 16:04:50', '2022-12-03 16:38:27'),
(532, 29, 532, 1, 0, 0, '2022-11-24 16:04:50', '2022-12-03 16:38:27'),
(533, 29, 533, 1, 0, 0, '2022-11-24 16:04:50', '2022-12-03 16:38:27'),
(534, 29, 534, 1, 0, 0, '2022-11-24 16:04:50', '2022-12-03 16:38:27'),
(535, 29, 535, 1, 0, 0, '2022-11-24 16:04:50', '2022-12-03 16:38:27'),
(536, 29, 536, 1, 0, 0, '2022-11-24 16:04:50', '2022-12-03 16:38:27'),
(537, 29, 537, 1, 0, 0, '2022-11-24 16:04:50', '2022-12-03 16:38:27'),
(538, 29, 538, 1, 0, 0, '2022-11-24 16:04:50', '2022-12-03 16:38:27'),
(539, 29, 539, 1, 0, 0, '2022-11-24 16:04:50', '2022-12-03 16:38:27'),
(540, 29, 540, 1, 0, 0, '2022-11-24 16:04:50', '2022-12-03 16:38:27'),
(541, 29, 541, 1, 0, 0, '2022-11-24 16:04:50', '2022-12-03 16:38:27'),
(542, 29, 542, 1, 0, 0, '2022-11-24 16:04:50', '2022-12-03 16:38:27'),
(543, 29, 543, 1, 0, 0, '2022-11-24 16:04:50', '2022-12-03 16:38:27'),
(544, 29, 544, 1, 0, 0, '2022-11-24 16:04:50', '2022-12-03 16:38:27'),
(545, 29, 545, 1, 0, 0, '2022-11-24 16:04:50', '2022-12-03 16:38:27'),
(546, 29, 546, 1, 0, 0, '2022-11-24 16:04:50', '2022-12-03 16:38:27'),
(547, 29, 547, 1, 0, 0, '2022-11-24 16:04:50', '2022-12-03 16:38:27'),
(548, 29, 548, 1, 0, 0, '2022-11-24 16:04:50', '2022-12-03 16:38:27'),
(549, 29, 549, 1, 0, 0, '2022-11-24 16:04:50', '2022-12-03 16:38:27'),
(550, 29, 550, 1, 0, 0, '2022-11-24 16:04:50', '2022-12-03 16:38:27'),
(551, 29, 551, 1, 0, 0, '2022-11-24 16:04:50', '2022-12-03 16:38:27'),
(552, 29, 552, 1, 0, 0, '2022-11-24 16:04:50', '2022-12-03 16:38:27'),
(553, 29, 553, 1, 0, 0, '2022-11-24 16:04:50', '2022-12-03 16:38:27'),
(554, 29, 554, 1, 0, 0, '2022-11-24 16:04:50', '2022-12-03 16:38:27'),
(555, 29, 555, 1, 0, 0, '2022-11-24 16:04:50', '2022-12-03 16:38:27'),
(556, 29, 556, 1, 0, 0, '2022-11-24 16:04:50', '2022-12-03 16:38:27'),
(557, 29, 557, 1, 0, 0, '2022-11-24 16:04:50', '2022-12-03 16:38:27'),
(558, 29, 558, 1, 0, 0, '2022-11-24 16:04:50', '2022-12-03 16:38:27'),
(559, 29, 559, 1, 0, 0, '2022-11-24 16:04:50', '2022-12-03 16:38:27'),
(560, 29, 560, 1, 0, 0, '2022-11-24 16:04:50', '2022-12-03 16:38:27'),
(561, 29, 561, 1, 0, 0, '2022-11-24 16:04:50', '2022-12-03 16:38:27'),
(562, 29, 562, 1, 0, 0, '2022-11-24 16:04:50', '2022-12-03 16:38:27'),
(563, 29, 563, 1, 0, 0, '2022-11-24 16:04:50', '2022-12-03 16:38:27'),
(564, 29, 564, 1, 0, 0, '2022-11-24 16:04:50', '2022-12-03 16:38:27'),
(565, 29, 565, 1, 0, 0, '2022-11-24 16:04:50', '2022-12-03 16:38:27'),
(566, 29, 566, 1, 0, 0, '2022-11-24 16:04:50', '2022-12-03 16:38:27'),
(567, 29, 567, 1, 0, 0, '2022-11-24 16:04:50', '2022-12-03 16:38:27'),
(568, 29, 568, 1, 0, 0, '2022-11-24 16:04:50', '2022-12-03 16:38:27'),
(569, 29, 569, 1, 0, 0, '2022-11-24 16:04:50', '2022-12-03 16:38:27'),
(570, 29, 570, 1, 0, 0, '2022-11-24 16:04:50', '2022-12-03 16:38:27'),
(571, 29, 571, 1, 0, 0, '2022-11-24 16:04:50', '2022-12-03 16:38:27'),
(572, 29, 572, 1, 0, 0, '2022-11-24 16:04:50', '2022-12-03 16:38:27'),
(573, 29, 573, 1, 0, 0, '2022-11-24 16:04:50', '2022-12-03 16:38:27'),
(574, 29, 574, 1, 0, 0, '2022-11-24 16:04:50', '2022-12-03 16:38:27'),
(575, 29, 575, 1, 0, 0, '2022-11-24 16:04:50', '2022-12-03 16:38:27'),
(576, 29, 576, 1, 0, 0, '2022-11-24 16:04:50', '2022-12-03 16:38:27'),
(577, 29, 577, 1, 0, 0, '2022-11-24 16:04:50', '2022-12-03 16:38:27'),
(578, 29, 578, 1, 0, 0, '2022-11-24 16:04:50', '2022-12-03 16:38:27'),
(579, 29, 579, 1, 0, 0, '2022-11-24 16:04:50', '2022-12-03 16:38:27'),
(580, 29, 580, 1, 0, 0, '2022-11-24 16:04:50', '2022-12-03 16:38:27'),
(581, 29, 581, 1, 0, 0, '2022-11-24 16:04:50', '2022-12-03 16:38:27'),
(582, 29, 582, 1, 0, 0, '2022-11-24 16:04:50', '2022-12-03 16:38:27'),
(583, 29, 583, 1, 0, 0, '2022-11-24 16:04:50', '2022-12-03 16:38:27'),
(584, 29, 584, 1, 0, 0, '2022-11-24 16:04:50', '2022-12-03 16:38:27'),
(585, 29, 585, 1, 0, 0, '2022-11-24 16:04:50', '2022-12-03 16:38:27'),
(586, 29, 586, 1, 0, 0, '2022-11-24 16:04:50', '2022-12-03 16:38:27'),
(587, 29, 587, 1, 0, 0, '2022-11-24 16:04:50', '2022-12-03 16:38:27'),
(588, 29, 588, 1, 0, 0, '2022-11-24 16:04:50', '2022-12-03 16:38:27'),
(589, 29, 589, 1, 0, 0, '2022-11-24 16:04:50', '2022-12-03 16:38:27'),
(590, 29, 590, 1, 0, 0, '2022-11-24 16:04:50', '2022-12-03 16:38:27'),
(591, 29, 591, 1, 0, 0, '2022-11-24 16:04:50', '2022-12-03 16:38:27'),
(592, 29, 592, 1, 0, 0, '2022-11-24 16:04:50', '2022-12-03 16:38:27'),
(593, 29, 593, 1, 0, 0, '2022-11-24 16:04:50', '2022-12-03 16:38:27'),
(594, 29, 594, 1, 0, 0, '2022-11-24 16:04:50', '2022-12-03 16:38:27'),
(595, 29, 595, 1, 0, 0, '2022-11-24 16:04:50', '2022-12-03 16:38:27'),
(596, 29, 596, 1, 0, 0, '2022-11-24 16:04:50', '2022-12-03 16:38:27'),
(597, 29, 597, 1, 0, 0, '2022-11-24 16:04:50', '2022-12-03 16:38:27'),
(598, 29, 598, 1, 0, 0, '2022-11-24 16:04:50', '2022-12-03 16:38:27'),
(599, 29, 599, 1, 0, 0, '2022-11-24 16:04:50', '2022-12-03 16:38:27'),
(600, 29, 600, 1, 0, 0, '2022-11-24 16:04:50', '2022-12-03 16:38:27'),
(601, 29, 601, 1, 0, 0, '2022-11-24 16:04:50', '2022-12-03 16:38:27'),
(602, 29, 602, 1, 0, 0, '2022-11-24 16:04:50', '2022-12-03 16:38:27'),
(603, 29, 603, 1, 0, 0, '2022-11-24 16:04:50', '2022-12-03 16:38:27'),
(604, 29, 604, 1, 0, 0, '2022-11-24 16:04:50', '2022-12-03 16:38:27'),
(605, 29, 605, 1, 0, 0, '2022-11-24 16:04:50', '2022-12-03 16:38:27'),
(606, 29, 606, 1, 0, 0, '2022-11-24 16:04:50', '2022-12-03 16:38:27'),
(607, 29, 607, 1, 0, 0, '2022-11-24 16:04:50', '2022-12-03 16:38:27'),
(608, 29, 608, 1, 0, 0, '2022-11-24 16:04:50', '2022-12-03 16:38:27'),
(609, 28, 609, 1, 0, 0, '2022-11-24 16:04:50', '2022-12-03 16:38:27'),
(610, 28, 610, 1, 0, 0, '2022-11-24 16:04:50', '2022-12-03 16:38:27'),
(611, 28, 611, 1, 0, 0, '2022-11-24 16:04:50', '2022-12-03 16:38:27'),
(612, 28, 612, 1, 0, 0, '2022-11-24 16:04:50', '2022-12-03 16:38:27'),
(613, 28, 613, 1, 0, 0, '2022-11-24 16:04:50', '2022-12-03 16:38:27'),
(614, 28, 614, 1, 0, 0, '2022-11-24 16:04:50', '2022-12-03 16:38:27'),
(615, 28, 615, 1, 0, 0, '2022-11-24 16:04:50', '2022-12-03 16:38:27'),
(616, 28, 616, 1, 0, 0, '2022-11-24 16:04:50', '2022-12-03 16:38:27'),
(617, 28, 617, 1, 0, 0, '2022-11-24 16:04:50', '2022-12-03 16:38:27'),
(618, 28, 618, 1, 0, 0, '2022-11-24 16:04:50', '2022-12-03 16:38:27'),
(619, 28, 619, 1, 0, 0, '2022-11-24 16:04:50', '2022-12-03 16:38:27'),
(620, 28, 620, 1, 0, 0, '2022-11-24 16:04:50', '2022-12-03 16:38:27'),
(621, 28, 621, 1, 0, 0, '2022-11-24 16:04:50', '2022-12-03 16:38:27'),
(622, 28, 622, 1, 0, 0, '2022-11-24 16:04:50', '2022-12-03 16:38:27'),
(623, 28, 623, 1, 0, 0, '2022-11-24 16:04:50', '2022-12-03 16:38:27'),
(624, 28, 624, 1, 0, 0, '2022-11-24 16:04:50', '2022-12-03 16:38:27'),
(625, 28, 625, 1, 0, 0, '2022-11-24 16:04:50', '2022-12-03 16:38:27'),
(626, 28, 626, 1, 0, 0, '2022-11-24 16:04:50', '2022-12-03 16:38:27'),
(627, 28, 627, 1, 0, 0, '2022-11-24 16:04:50', '2022-12-03 16:38:27'),
(628, 28, 628, 1, 0, 0, '2022-11-24 16:04:50', '2022-12-03 16:38:27'),
(629, 28, 629, 1, 0, 0, '2022-11-24 16:04:50', '2022-12-03 16:38:27'),
(630, 28, 630, 1, 0, 0, '2022-11-24 16:04:50', '2022-12-03 16:38:27'),
(631, 28, 631, 1, 0, 0, '2022-11-24 16:04:50', '2022-12-03 16:38:27'),
(632, 28, 632, 1, 0, 0, '2022-11-24 16:04:50', '2022-12-03 16:38:27'),
(633, 28, 633, 1, 0, 0, '2022-11-24 16:04:50', '2022-12-03 16:38:27'),
(634, 28, 634, 1, 0, 0, '2022-11-24 16:04:50', '2022-12-03 16:38:27'),
(635, 28, 635, 1, 0, 0, '2022-11-24 16:04:50', '2022-12-03 16:38:27'),
(636, 28, 636, 1, 0, 0, '2022-11-24 16:04:50', '2022-12-03 16:38:27'),
(637, 28, 637, 1, 0, 0, '2022-11-24 16:04:50', '2022-12-03 16:38:27'),
(638, 28, 638, 1, 0, 0, '2022-11-24 16:04:50', '2022-12-03 16:38:27'),
(639, 28, 639, 1, 0, 0, '2022-11-24 16:04:50', '2022-12-03 16:38:27'),
(640, 28, 640, 1, 0, 0, '2022-11-24 16:04:50', '2022-12-03 16:38:27'),
(641, 28, 641, 1, 0, 0, '2022-11-24 16:04:50', '2022-12-03 16:38:27'),
(642, 28, 642, 1, 0, 0, '2022-11-24 16:04:50', '2022-12-03 16:38:27'),
(643, 28, 643, 1, 0, 0, '2022-11-24 16:04:50', '2022-12-03 16:38:27'),
(644, 28, 644, 1, 0, 0, '2022-11-24 16:04:50', '2022-12-03 16:38:27'),
(645, 28, 645, 1, 0, 0, '2022-11-24 16:04:50', '2022-12-03 16:38:27'),
(646, 28, 646, 1, 0, 0, '2022-11-24 16:04:50', '2022-12-03 16:38:27'),
(647, 28, 647, 1, 0, 0, '2022-11-24 16:04:50', '2022-12-03 16:38:27'),
(648, 28, 648, 1, 0, 0, '2022-11-24 16:04:50', '2022-12-03 16:38:27'),
(649, 28, 649, 1, 0, 0, '2022-11-24 16:04:50', '2022-12-03 16:38:27'),
(650, 28, 650, 1, 0, 0, '2022-11-24 16:04:50', '2022-12-03 16:38:27'),
(651, 28, 651, 1, 0, 0, '2022-11-24 16:04:50', '2022-12-03 16:38:27'),
(652, 28, 652, 1, 0, 0, '2022-11-24 16:04:50', '2022-12-03 16:38:27'),
(653, 28, 653, 1, 0, 0, '2022-11-24 16:04:50', '2022-12-03 16:38:27'),
(654, 28, 654, 1, 0, 0, '2022-11-24 16:04:50', '2022-12-03 16:38:27'),
(655, 28, 655, 1, 0, 0, '2022-11-24 16:04:50', '2022-12-03 16:38:27'),
(656, 28, 656, 1, 0, 0, '2022-11-24 16:04:50', '2022-12-03 16:38:27'),
(657, 28, 657, 1, 0, 0, '2022-11-24 16:04:50', '2022-12-03 16:38:27'),
(658, 28, 658, 1, 0, 0, '2022-11-24 16:04:50', '2022-12-03 16:38:27'),
(659, 28, 659, 1, 0, 0, '2022-11-24 16:04:50', '2022-12-03 16:38:27'),
(660, 28, 660, 1, 0, 0, '2022-11-24 16:04:50', '2022-12-03 16:38:27'),
(661, 144, 661, 1, 0, 0, '2022-11-24 16:04:50', '2022-12-03 16:38:27'),
(662, 210, 662, 1, 0, 0, '2022-11-24 16:04:50', '2022-12-03 16:38:27'),
(663, 133, 663, 1, 0, 0, '2022-11-24 16:04:50', '2022-12-03 16:38:27'),
(664, 156, 664, 1, 0, 0, '2022-11-24 16:04:50', '2022-12-03 16:38:27'),
(665, 136, 665, 1, 0, 0, '2022-11-24 16:04:50', '2022-12-03 16:38:27'),
(666, 151, 666, 1, 0, 0, '2022-11-24 16:04:50', '2022-12-03 16:38:27'),
(667, 119, 667, 1, 0, 0, '2022-11-24 16:04:50', '2022-12-03 16:38:27'),
(668, 102, 668, 1, 0, 0, '2022-11-24 16:04:50', '2022-12-03 16:38:27'),
(669, 100, 669, 1, 0, 0, '2022-11-24 16:04:50', '2022-12-03 16:38:27'),
(670, 134, 670, 1, 0, 0, '2022-11-24 16:04:50', '2022-12-03 16:38:27'),
(671, 202, 671, 1, 0, 0, '2022-11-24 16:04:50', '2022-12-03 16:38:27'),
(672, 196, 672, 1, 0, 0, '2022-11-24 16:04:50', '2022-12-03 16:38:27'),
(673, 158, 673, 1, 0, 0, '2022-11-24 16:04:50', '2022-12-03 16:38:27'),
(674, 90, 674, 1, 0, 0, '2022-11-24 16:04:50', '2022-12-03 16:38:27'),
(675, 88, 675, 1, 0, 0, '2022-11-24 16:04:50', '2022-12-03 16:38:27'),
(676, 228, 676, 1, 0, 0, '2022-11-24 16:04:50', '2022-12-03 16:38:27'),
(677, 240, 677, 1, 0, 0, '2022-11-24 16:04:50', '2022-12-03 16:38:27'),
(678, 176, 678, 1, 0, 0, '2022-11-24 16:04:50', '2022-12-03 16:38:27'),
(679, 223, 679, 1, 0, 0, '2022-11-24 16:04:50', '2022-12-03 16:38:27'),
(680, 206, 680, 1, 0, 0, '2022-11-24 16:04:50', '2022-12-03 16:38:27'),
(681, 168, 681, 1, 0, 0, '2022-11-24 16:04:50', '2022-12-03 16:38:27'),
(682, 198, 682, 1, 0, 0, '2022-11-24 16:04:50', '2022-12-03 16:38:27'),
(683, 187, 683, 1, 0, 0, '2022-11-24 16:04:50', '2022-12-03 16:38:27'),
(684, 189, 684, 1, 0, 0, '2022-11-24 16:04:50', '2022-12-03 16:38:27'),
(685, 98, 685, 1, 0, 0, '2022-11-24 16:04:50', '2022-12-03 16:38:27'),
(686, 147, 686, 1, 0, 0, '2022-11-24 16:04:50', '2022-12-03 16:38:27'),
(687, 127, 687, 1, 0, 0, '2022-11-24 16:04:50', '2022-12-03 16:38:27'),
(688, 149, 688, 1, 0, 0, '2022-11-24 16:04:50', '2022-12-03 16:38:27'),
(689, 128, 689, 1, 0, 0, '2022-11-24 16:04:50', '2022-12-03 16:38:27'),
(690, 152, 690, 1, 0, 0, '2022-11-24 16:04:50', '2022-12-03 16:38:27'),
(691, 155, 691, 1, 0, 0, '2022-11-24 16:04:50', '2022-12-03 16:38:27'),
(692, 157, 692, 1, 0, 0, '2022-11-24 16:04:50', '2022-12-03 16:38:27'),
(693, 159, 693, 1, 0, 0, '2022-11-24 16:04:50', '2022-12-03 16:38:27'),
(694, 130, 694, 1, 0, 0, '2022-11-24 16:04:50', '2022-12-03 16:38:27'),
(695, 164, 695, 1, 0, 0, '2022-11-24 16:04:50', '2022-12-03 16:38:27'),
(696, 112, 696, 1, 0, 0, '2022-11-24 16:04:50', '2022-12-03 16:38:27'),
(697, 169, 697, 1, 0, 0, '2022-11-24 16:04:50', '2022-12-03 16:38:27'),
(698, 171, 698, 1, 0, 0, '2022-11-24 16:04:50', '2022-12-03 16:38:27'),
(699, 173, 699, 1, 0, 0, '2022-11-24 16:04:50', '2022-12-03 16:38:27'),
(700, 121, 700, 1, 0, 0, '2022-11-24 16:04:50', '2022-12-03 16:38:27'),
(701, 180, 701, 1, 0, 0, '2022-11-24 16:04:50', '2022-12-03 16:38:27'),
(702, 181, 702, 1, 0, 0, '2022-11-24 16:04:50', '2022-12-03 16:38:27'),
(703, 105, 703, 1, 0, 0, '2022-11-24 16:04:50', '2022-12-03 16:38:27'),
(704, 197, 704, 1, 0, 0, '2022-11-24 16:04:50', '2022-12-03 16:38:27'),
(705, 125, 705, 1, 0, 0, '2022-11-24 16:04:50', '2022-12-03 16:38:27'),
(706, 200, 706, 1, 0, 0, '2022-11-24 16:04:50', '2022-12-03 16:38:27'),
(707, 205, 707, 1, 0, 0, '2022-11-24 16:04:50', '2022-12-03 16:38:27'),
(708, 107, 708, 1, 0, 0, '2022-11-24 16:04:50', '2022-12-03 16:38:27'),
(709, 213, 709, 1, 0, 0, '2022-11-24 16:04:50', '2022-12-03 16:38:27'),
(710, 217, 710, 1, 0, 0, '2022-11-24 16:04:50', '2022-12-03 16:38:27'),
(711, 91, 711, 1, 0, 0, '2022-11-24 16:04:50', '2022-12-03 16:38:27'),
(712, 120, 712, 1, 0, 0, '2022-11-24 16:04:50', '2022-12-03 16:38:27'),
(713, 232, 713, 1, 0, 0, '2022-11-24 16:04:50', '2022-12-03 16:38:27'),
(714, 234, 714, 1, 0, 0, '2022-11-24 16:04:50', '2022-12-03 16:38:27'),
(715, 101, 715, 1, 0, 0, '2022-11-24 16:04:50', '2022-12-03 16:38:27'),
(716, 236, 716, 1, 0, 0, '2022-11-24 16:04:50', '2022-12-03 16:38:27'),
(717, 239, 717, 1, 0, 0, '2022-11-24 16:04:50', '2022-12-03 16:38:27'),
(718, 242, 718, 1, 0, 0, '2022-11-24 16:04:50', '2022-12-03 16:38:27'),
(719, 243, 719, 1, 0, 0, '2022-11-24 16:04:50', '2022-12-03 16:38:27'),
(720, 116, 720, 1, 0, 0, '2022-11-24 16:04:50', '2022-12-03 16:38:27'),
(721, 96, 721, 1, 0, 0, '2022-11-24 16:04:50', '2022-12-03 16:38:27'),
(722, 66, 722, 1, 0, 0, '2022-11-24 16:04:50', '2022-12-03 16:38:27'),
(723, 66, 723, 1, 0, 0, '2022-11-24 16:04:50', '2022-12-03 16:38:27'),
(724, 66, 724, 1, 0, 0, '2022-11-24 16:04:50', '2022-12-03 16:38:27'),
(725, 66, 725, 1, 0, 0, '2022-11-24 16:04:50', '2022-12-03 16:38:27'),
(726, 66, 726, 1, 0, 0, '2022-11-24 16:04:50', '2022-12-03 16:38:27'),
(727, 66, 727, 1, 0, 0, '2022-11-24 16:04:50', '2022-12-03 16:38:27');
INSERT INTO `country_states` (`id_country_state`, `id_country`, `id_state`, `available`, `created_by`, `updated_by`, `created_at`, `updated_at`) VALUES
(728, 66, 728, 1, 0, 0, '2022-11-24 16:04:50', '2022-12-03 16:38:27'),
(729, 66, 729, 1, 0, 0, '2022-11-24 16:04:50', '2022-12-03 16:38:27'),
(730, 66, 730, 1, 0, 0, '2022-11-24 16:04:50', '2022-12-03 16:38:27'),
(731, 66, 731, 1, 0, 0, '2022-11-24 16:04:50', '2022-12-03 16:38:27'),
(732, 66, 732, 1, 0, 0, '2022-11-24 16:04:50', '2022-12-03 16:38:27'),
(733, 66, 733, 1, 0, 0, '2022-11-24 16:04:50', '2022-12-03 16:38:27'),
(734, 66, 734, 1, 0, 0, '2022-11-24 16:04:50', '2022-12-03 16:38:27'),
(735, 66, 735, 1, 0, 0, '2022-11-24 16:04:50', '2022-12-03 16:38:27'),
(736, 66, 736, 1, 0, 0, '2022-11-24 16:04:50', '2022-12-03 16:38:27'),
(737, 66, 737, 1, 0, 0, '2022-11-24 16:04:50', '2022-12-03 16:38:27'),
(738, 66, 738, 1, 0, 0, '2022-11-24 16:04:50', '2022-12-03 16:38:27'),
(739, 66, 739, 1, 0, 0, '2022-11-24 16:04:50', '2022-12-03 16:38:27'),
(740, 66, 740, 1, 0, 0, '2022-11-24 16:04:50', '2022-12-03 16:38:27'),
(741, 66, 741, 1, 0, 0, '2022-11-24 16:04:50', '2022-12-03 16:38:27'),
(742, 66, 742, 1, 0, 0, '2022-11-24 16:04:50', '2022-12-03 16:38:27'),
(743, 66, 743, 1, 0, 0, '2022-11-24 16:04:50', '2022-12-03 16:38:27'),
(744, 66, 744, 1, 0, 0, '2022-11-24 16:04:50', '2022-12-03 16:38:27'),
(745, 66, 745, 1, 0, 0, '2022-11-24 16:04:50', '2022-12-03 16:38:27'),
(746, 66, 746, 1, 0, 0, '2022-11-24 16:04:50', '2022-12-03 16:38:27'),
(747, 66, 747, 1, 0, 0, '2022-11-24 16:04:50', '2022-12-03 16:38:27'),
(749, 48, 749, 1, 0, 0, '2022-11-24 16:04:50', '2022-12-03 16:38:27'),
(750, 48, 750, 1, 0, 0, '2022-11-24 16:04:50', '2022-12-03 16:38:27'),
(751, 48, 751, 1, 0, 0, '2022-11-24 16:04:50', '2022-12-03 16:38:27'),
(752, 48, 752, 1, 0, 0, '2022-11-24 16:04:50', '2022-12-03 16:38:27'),
(753, 48, 753, 1, 0, 0, '2022-11-24 16:04:50', '2022-12-03 16:38:27'),
(754, 48, 754, 1, 0, 0, '2022-11-24 16:04:50', '2022-12-03 16:38:27'),
(755, 48, 755, 1, 0, 0, '2022-11-24 16:04:50', '2022-12-03 16:38:27'),
(756, 48, 756, 1, 0, 0, '2022-11-24 16:04:50', '2022-12-03 16:38:27'),
(757, 48, 757, 1, 0, 0, '2022-11-24 16:04:50', '2022-12-03 16:38:27'),
(758, 48, 758, 1, 0, 0, '2022-11-24 16:04:50', '2022-12-03 16:38:27'),
(759, 48, 759, 1, 0, 0, '2022-11-24 16:04:50', '2022-12-03 16:38:27'),
(760, 48, 760, 1, 0, 0, '2022-11-24 16:04:50', '2022-12-03 16:38:27'),
(761, 48, 761, 1, 0, 0, '2022-11-24 16:04:50', '2022-12-03 16:38:27'),
(762, 48, 762, 1, 0, 0, '2022-11-24 16:04:50', '2022-12-03 16:38:27'),
(763, 48, 763, 1, 0, 0, '2022-11-24 16:04:50', '2022-12-03 16:38:27'),
(764, 48, 764, 1, 0, 0, '2022-11-24 16:04:50', '2022-12-03 16:38:27'),
(765, 48, 765, 1, 0, 0, '2022-11-24 16:04:50', '2022-12-03 16:38:27'),
(766, 48, 766, 1, 0, 0, '2022-11-24 16:04:50', '2022-12-03 16:38:27'),
(767, 48, 767, 1, 0, 0, '2022-11-24 16:04:50', '2022-12-03 16:38:27'),
(768, 48, 768, 1, 0, 0, '2022-11-24 16:04:50', '2022-12-03 16:38:27'),
(769, 55, 769, 1, 0, 0, '2022-11-24 16:04:50', '2022-12-03 16:38:27'),
(770, 55, 770, 1, 0, 0, '2022-11-24 16:04:50', '2022-12-03 16:38:27'),
(771, 55, 771, 1, 0, 0, '2022-11-24 16:04:50', '2022-12-03 16:38:27'),
(772, 55, 772, 1, 0, 0, '2022-11-24 16:04:50', '2022-12-03 16:38:27'),
(773, 55, 773, 1, 0, 0, '2022-11-24 16:04:50', '2022-12-03 16:38:27'),
(774, 55, 774, 1, 0, 0, '2022-11-24 16:04:50', '2022-12-03 16:38:27'),
(775, 55, 775, 1, 0, 0, '2022-11-24 16:04:50', '2022-12-03 16:38:27'),
(776, 55, 776, 1, 0, 0, '2022-11-24 16:04:50', '2022-12-03 16:38:27'),
(777, 55, 777, 1, 0, 0, '2022-11-24 16:04:50', '2022-12-03 16:38:27'),
(778, 55, 778, 1, 0, 0, '2022-11-24 16:04:50', '2022-12-03 16:38:27'),
(779, 55, 779, 1, 0, 0, '2022-11-24 16:04:50', '2022-12-03 16:38:27'),
(780, 55, 780, 1, 0, 0, '2022-11-24 16:04:50', '2022-12-03 16:38:27'),
(781, 55, 781, 1, 0, 0, '2022-11-24 16:04:50', '2022-12-03 16:38:27'),
(782, 55, 782, 1, 0, 0, '2022-11-24 16:04:50', '2022-12-03 16:38:27'),
(783, 55, 783, 1, 0, 0, '2022-11-24 16:04:50', '2022-12-03 16:38:27'),
(784, 55, 784, 1, 0, 0, '2022-11-24 16:04:50', '2022-12-03 16:38:27'),
(786, 55, 786, 1, 0, 0, '2022-11-24 16:04:50', '2022-12-03 16:38:27'),
(787, 55, 787, 1, 0, 0, '2022-11-24 16:04:50', '2022-12-03 16:38:27'),
(788, 55, 788, 1, 0, 0, '2022-11-24 16:04:50', '2022-12-03 16:38:27'),
(789, 55, 789, 1, 0, 0, '2022-11-24 16:04:50', '2022-12-03 16:38:27'),
(790, 55, 790, 1, 0, 0, '2022-11-24 16:04:50', '2022-12-03 16:38:27'),
(791, 55, 791, 1, 0, 0, '2022-11-24 16:04:50', '2022-12-03 16:38:27'),
(792, 55, 792, 1, 0, 0, '2022-11-24 16:04:50', '2022-12-03 16:38:27'),
(793, 55, 793, 1, 0, 0, '2022-11-24 16:04:50', '2022-12-03 16:38:27'),
(794, 55, 794, 1, 0, 0, '2022-11-24 16:04:50', '2022-12-03 16:38:27'),
(795, 55, 795, 1, 0, 0, '2022-11-24 16:04:50', '2022-12-03 16:38:27'),
(796, 55, 796, 1, 0, 0, '2022-11-24 16:04:50', '2022-12-03 16:38:27'),
(797, 55, 797, 1, 0, 0, '2022-11-24 16:04:50', '2022-12-03 16:38:27'),
(798, 55, 798, 1, 0, 0, '2022-11-24 16:04:50', '2022-12-03 16:38:27'),
(799, 55, 799, 1, 0, 0, '2022-11-24 16:04:50', '2022-12-03 16:38:27'),
(800, 55, 800, 1, 0, 0, '2022-11-24 16:04:50', '2022-12-03 16:38:27'),
(801, 55, 801, 1, 0, 0, '2022-11-24 16:04:50', '2022-12-03 16:38:27'),
(802, 55, 802, 1, 0, 0, '2022-11-24 16:04:50', '2022-12-03 16:38:27'),
(803, 55, 803, 1, 0, 0, '2022-11-24 16:04:50', '2022-12-03 16:38:27'),
(804, 55, 804, 1, 0, 0, '2022-11-24 16:04:50', '2022-12-03 16:38:27'),
(805, 55, 805, 1, 0, 0, '2022-11-24 16:04:50', '2022-12-03 16:38:27'),
(806, 55, 806, 1, 0, 0, '2022-11-24 16:04:50', '2022-12-03 16:38:27'),
(807, 55, 807, 1, 0, 0, '2022-11-24 16:04:50', '2022-12-03 16:38:27'),
(808, 55, 808, 1, 0, 0, '2022-11-24 16:04:50', '2022-12-03 16:38:27'),
(809, 55, 809, 1, 0, 0, '2022-11-24 16:04:50', '2022-12-03 16:38:27'),
(810, 55, 810, 1, 0, 0, '2022-11-24 16:04:50', '2022-12-03 16:38:27'),
(811, 55, 811, 1, 0, 0, '2022-11-24 16:04:50', '2022-12-03 16:38:27'),
(812, 55, 812, 1, 0, 0, '2022-11-24 16:04:50', '2022-12-03 16:38:27'),
(813, 55, 813, 1, 0, 0, '2022-11-24 16:04:50', '2022-12-03 16:38:27'),
(814, 55, 814, 1, 0, 0, '2022-11-24 16:04:50', '2022-12-03 16:38:27'),
(815, 55, 815, 1, 0, 0, '2022-11-24 16:04:50', '2022-12-03 16:38:27'),
(816, 246, 816, 1, 0, 0, '2022-11-24 16:04:50', '2022-12-03 16:38:27'),
(817, 55, 817, 1, 0, 0, '2022-11-24 16:04:50', '2022-12-03 16:38:27'),
(818, 55, 818, 1, 0, 0, '2022-11-24 16:04:50', '2022-12-03 16:38:27'),
(819, 55, 819, 1, 0, 0, '2022-11-24 16:04:50', '2022-12-03 16:38:27'),
(820, 55, 820, 1, 0, 0, '2022-11-24 16:04:50', '2022-12-03 16:38:27'),
(821, 55, 821, 1, 0, 0, '2022-11-24 16:04:50', '2022-12-03 16:38:27'),
(822, 55, 822, 1, 0, 0, '2022-11-24 16:04:50', '2022-12-03 16:38:27'),
(823, 55, 823, 1, 0, 0, '2022-11-24 16:04:50', '2022-12-03 16:38:27'),
(824, 55, 824, 1, 0, 0, '2022-11-24 16:04:50', '2022-12-03 16:38:27'),
(825, 55, 825, 1, 0, 0, '2022-11-24 16:04:50', '2022-12-03 16:38:27'),
(826, 55, 826, 1, 0, 0, '2022-11-24 16:04:50', '2022-12-03 16:38:27'),
(827, 55, 827, 1, 0, 0, '2022-11-24 16:04:50', '2022-12-03 16:38:27'),
(828, 55, 828, 1, 0, 0, '2022-11-24 16:04:50', '2022-12-03 16:38:27'),
(829, 55, 829, 1, 0, 0, '2022-11-24 16:04:50', '2022-12-03 16:38:27'),
(830, 55, 830, 1, 0, 0, '2022-11-24 16:04:50', '2022-12-03 16:38:27'),
(831, 94, 831, 1, 0, 0, '2022-11-24 16:04:50', '2022-12-03 16:38:27'),
(832, 18, 832, 1, 0, 0, '2022-11-24 16:04:50', '2022-12-03 16:38:27'),
(833, 18, 833, 1, 0, 0, '2022-11-24 16:04:50', '2022-12-03 16:38:27'),
(834, 18, 834, 1, 0, 0, '2022-11-24 16:04:50', '2022-12-03 16:38:27'),
(835, 18, 835, 1, 0, 0, '2022-11-24 16:04:50', '2022-12-03 16:38:27'),
(836, 18, 836, 1, 0, 0, '2022-11-24 16:04:50', '2022-12-03 16:38:27'),
(837, 18, 837, 1, 0, 0, '2022-11-24 16:04:50', '2022-12-03 16:38:27'),
(838, 18, 838, 1, 0, 0, '2022-11-24 16:04:50', '2022-12-03 16:38:27'),
(839, 18, 839, 1, 0, 0, '2022-11-24 16:04:50', '2022-12-03 16:38:27'),
(840, 18, 840, 1, 0, 0, '2022-11-24 16:04:50', '2022-12-03 16:38:27'),
(841, 18, 841, 1, 0, 0, '2022-11-24 16:04:50', '2022-12-03 16:38:27'),
(842, 18, 842, 1, 0, 0, '2022-11-24 16:04:50', '2022-12-03 16:38:27'),
(843, 18, 843, 1, 0, 0, '2022-11-24 16:04:50', '2022-12-03 16:38:27'),
(844, 18, 844, 1, 0, 0, '2022-11-24 16:04:50', '2022-12-03 16:38:27'),
(845, 18, 845, 1, 0, 0, '2022-11-24 16:04:50', '2022-12-03 16:38:27'),
(846, 18, 846, 1, 0, 0, '2022-11-24 16:04:50', '2022-12-03 16:38:27'),
(847, 18, 847, 1, 0, 0, '2022-11-24 16:04:50', '2022-12-03 16:38:27'),
(848, 13, 848, 1, 0, 0, '2022-11-24 16:04:50', '2022-12-03 16:38:27'),
(849, 13, 849, 1, 0, 0, '2022-11-24 16:04:50', '2022-12-03 16:38:27'),
(850, 13, 850, 1, 0, 0, '2022-11-24 16:04:50', '2022-12-03 16:38:27'),
(851, 13, 851, 1, 0, 0, '2022-11-24 16:04:50', '2022-12-03 16:38:27'),
(852, 13, 852, 1, 0, 0, '2022-11-24 16:04:50', '2022-12-03 16:38:27'),
(853, 13, 853, 1, 0, 0, '2022-11-24 16:04:50', '2022-12-03 16:38:27'),
(854, 13, 854, 1, 0, 0, '2022-11-24 16:04:50', '2022-12-03 16:38:27'),
(855, 13, 855, 1, 0, 0, '2022-11-24 16:04:50', '2022-12-03 16:38:27'),
(856, 13, 856, 1, 0, 0, '2022-11-24 16:04:50', '2022-12-03 16:38:27'),
(857, 13, 857, 1, 0, 0, '2022-11-24 16:04:50', '2022-12-03 16:38:27'),
(858, 13, 858, 1, 0, 0, '2022-11-24 16:04:50', '2022-12-03 16:38:27'),
(859, 13, 859, 1, 0, 0, '2022-11-24 16:04:50', '2022-12-03 16:38:27'),
(860, 13, 860, 1, 0, 0, '2022-11-24 16:04:50', '2022-12-03 16:38:27'),
(861, 13, 861, 1, 0, 0, '2022-11-24 16:04:50', '2022-12-03 16:38:27'),
(862, 13, 862, 1, 0, 0, '2022-11-24 16:04:50', '2022-12-03 16:38:27'),
(863, 13, 863, 1, 0, 0, '2022-11-24 16:04:50', '2022-12-03 16:38:27'),
(864, 13, 864, 1, 0, 0, '2022-11-24 16:04:50', '2022-12-03 16:38:27'),
(865, 2, 865, 1, 0, 0, '2022-11-24 16:04:50', '2022-12-03 16:38:27'),
(866, 2, 866, 1, 0, 0, '2022-11-24 16:04:50', '2022-12-03 16:38:27'),
(867, 2, 867, 1, 0, 0, '2022-11-24 16:04:50', '2022-12-03 16:38:27'),
(868, 2, 868, 1, 0, 0, '2022-11-24 16:04:50', '2022-12-03 16:38:27'),
(869, 2, 869, 1, 0, 0, '2022-11-24 16:04:50', '2022-12-03 16:38:27'),
(870, 2, 870, 1, 0, 0, '2022-11-24 16:04:50', '2022-12-03 16:38:27'),
(871, 2, 871, 1, 0, 0, '2022-11-24 16:04:50', '2022-12-03 16:38:27'),
(872, 2, 872, 1, 0, 0, '2022-11-24 16:04:50', '2022-12-03 16:38:27'),
(873, 2, 873, 1, 0, 0, '2022-11-24 16:04:50', '2022-12-03 16:38:27'),
(874, 9, 874, 1, 0, 0, '2022-11-24 16:04:50', '2022-12-03 16:38:27'),
(875, 9, 875, 1, 0, 0, '2022-11-24 16:04:50', '2022-12-03 16:38:27'),
(876, 9, 876, 1, 0, 0, '2022-11-24 16:04:50', '2022-12-03 16:38:27'),
(877, 9, 877, 1, 0, 0, '2022-11-24 16:04:50', '2022-12-03 16:38:27'),
(878, 9, 878, 1, 0, 0, '2022-11-24 16:04:50', '2022-12-03 16:38:27'),
(879, 9, 879, 1, 0, 0, '2022-11-24 16:04:50', '2022-12-03 16:38:27'),
(880, 9, 880, 1, 0, 0, '2022-11-24 16:04:50', '2022-12-03 16:38:27'),
(881, 9, 881, 1, 0, 0, '2022-11-24 16:04:50', '2022-12-03 16:38:27'),
(882, 9, 882, 1, 0, 0, '2022-11-24 16:04:50', '2022-12-03 16:38:27'),
(883, 9, 883, 1, 0, 0, '2022-11-24 16:04:50', '2022-12-03 16:38:27'),
(884, 9, 884, 1, 0, 0, '2022-11-24 16:04:50', '2022-12-03 16:38:27'),
(887, 67, 887, 1, 0, 0, '2022-11-24 16:04:50', '2022-12-03 16:38:27'),
(888, 67, 888, 1, 0, 0, '2022-11-24 16:04:50', '2022-12-03 16:38:27'),
(890, 67, 890, 1, 0, 0, '2022-11-24 16:04:50', '2022-12-03 16:38:27'),
(891, 67, 891, 1, 0, 0, '2022-11-24 16:04:50', '2022-12-03 16:38:27'),
(892, 67, 892, 1, 0, 0, '2022-11-24 16:04:50', '2022-12-03 16:38:27'),
(893, 67, 893, 1, 0, 0, '2022-11-24 16:04:50', '2022-12-03 16:38:27'),
(894, 67, 894, 1, 0, 0, '2022-11-24 16:04:50', '2022-12-03 16:38:27'),
(895, 67, 895, 1, 0, 0, '2022-11-24 16:04:50', '2022-12-03 16:38:27'),
(897, 67, 897, 1, 0, 0, '2022-11-24 16:04:50', '2022-12-03 16:38:27'),
(899, 67, 899, 1, 0, 0, '2022-11-24 16:04:50', '2022-12-03 16:38:27'),
(900, 67, 900, 1, 0, 0, '2022-11-24 16:04:50', '2022-12-03 16:38:27'),
(901, 67, 901, 1, 0, 0, '2022-11-24 16:04:50', '2022-12-03 16:38:27'),
(903, 67, 903, 1, 0, 0, '2022-11-24 16:04:50', '2022-12-03 16:38:27'),
(904, 67, 904, 1, 0, 0, '2022-11-24 16:04:50', '2022-12-03 16:38:27'),
(905, 67, 905, 1, 0, 0, '2022-11-24 16:04:50', '2022-12-03 16:38:27'),
(906, 67, 906, 1, 0, 0, '2022-11-24 16:04:50', '2022-12-03 16:38:27'),
(907, 67, 907, 1, 0, 0, '2022-11-24 16:04:50', '2022-12-03 16:38:27'),
(908, 67, 908, 1, 0, 0, '2022-11-24 16:04:50', '2022-12-03 16:38:27'),
(909, 67, 909, 1, 0, 0, '2022-11-24 16:04:50', '2022-12-03 16:38:27'),
(910, 67, 910, 1, 0, 0, '2022-11-24 16:04:50', '2022-12-03 16:38:27'),
(911, 67, 911, 1, 0, 0, '2022-11-24 16:04:50', '2022-12-03 16:38:27'),
(913, 46, 913, 1, 0, 0, '2022-11-24 16:04:50', '2022-12-03 16:38:27'),
(914, 46, 914, 1, 0, 0, '2022-11-24 16:04:50', '2022-12-03 16:38:27'),
(915, 46, 915, 1, 0, 0, '2022-11-24 16:04:50', '2022-12-03 16:38:27'),
(916, 46, 916, 1, 0, 0, '2022-11-24 16:04:50', '2022-12-03 16:38:27'),
(917, 46, 917, 1, 0, 0, '2022-11-24 16:04:50', '2022-12-03 16:38:27'),
(918, 46, 918, 1, 0, 0, '2022-11-24 16:04:50', '2022-12-03 16:38:27'),
(919, 46, 919, 1, 0, 0, '2022-11-24 16:04:50', '2022-12-03 16:38:27'),
(920, 46, 920, 1, 0, 0, '2022-11-24 16:04:50', '2022-12-03 16:38:27'),
(921, 46, 921, 1, 0, 0, '2022-11-24 16:04:50', '2022-12-03 16:38:27'),
(922, 46, 922, 1, 0, 0, '2022-11-24 16:04:50', '2022-12-03 16:38:27'),
(923, 46, 923, 1, 0, 0, '2022-11-24 16:04:50', '2022-12-03 16:38:27'),
(924, 46, 924, 1, 0, 0, '2022-11-24 16:04:50', '2022-12-03 16:38:27'),
(925, 46, 925, 1, 0, 0, '2022-11-24 16:04:50', '2022-12-03 16:38:27'),
(926, 46, 926, 1, 0, 0, '2022-11-24 16:04:50', '2022-12-03 16:38:27'),
(927, 46, 927, 1, 0, 0, '2022-11-24 16:04:50', '2022-12-03 16:38:27'),
(928, 46, 928, 1, 0, 0, '2022-11-24 16:04:50', '2022-12-03 16:38:27'),
(929, 46, 929, 1, 0, 0, '2022-11-24 16:04:50', '2022-12-03 16:38:27'),
(930, 46, 930, 1, 0, 0, '2022-11-24 16:04:50', '2022-12-03 16:38:27'),
(931, 46, 931, 1, 0, 0, '2022-11-24 16:04:50', '2022-12-03 16:38:27'),
(933, 63, 933, 1, 0, 0, '2022-11-24 16:04:50', '2022-12-03 16:38:27'),
(934, 63, 934, 1, 0, 0, '2022-11-24 16:04:50', '2022-12-03 16:38:27'),
(935, 63, 935, 1, 0, 0, '2022-11-24 16:04:50', '2022-12-03 16:38:27'),
(936, 63, 936, 1, 0, 0, '2022-11-24 16:04:50', '2022-12-03 16:38:27'),
(937, 63, 937, 1, 0, 0, '2022-11-24 16:04:50', '2022-12-03 16:38:27'),
(938, 63, 938, 1, 0, 0, '2022-11-24 16:04:50', '2022-12-03 16:38:27'),
(940, 22, 940, 1, 0, 0, '2022-11-24 16:04:50', '2022-12-03 16:38:27'),
(941, 22, 941, 1, 0, 0, '2022-11-24 16:04:50', '2022-12-03 16:38:27'),
(942, 22, 942, 1, 0, 0, '2022-11-24 16:04:50', '2022-12-03 16:38:27'),
(943, 22, 943, 1, 0, 0, '2022-11-24 16:04:50', '2022-12-03 16:38:27'),
(944, 22, 944, 1, 0, 0, '2022-11-24 16:04:50', '2022-12-03 16:38:27'),
(945, 22, 945, 1, 0, 0, '2022-11-24 16:04:50', '2022-12-03 16:38:27'),
(946, 22, 946, 1, 0, 0, '2022-11-24 16:04:50', '2022-12-03 16:38:27'),
(947, 22, 947, 1, 0, 0, '2022-11-24 16:04:50', '2022-12-03 16:38:27'),
(948, 22, 948, 1, 0, 0, '2022-11-24 16:04:50', '2022-12-03 16:38:27'),
(949, 22, 949, 1, 0, 0, '2022-11-24 16:04:50', '2022-12-03 16:38:27'),
(950, 22, 950, 1, 0, 0, '2022-11-24 16:04:50', '2022-12-03 16:38:27'),
(951, 22, 951, 1, 0, 0, '2022-11-24 16:04:50', '2022-12-03 16:38:27'),
(952, 22, 952, 1, 0, 0, '2022-11-24 16:04:50', '2022-12-03 16:38:27'),
(953, 22, 953, 1, 0, 0, '2022-11-24 16:04:50', '2022-12-03 16:38:27'),
(954, 22, 954, 1, 0, 0, '2022-11-24 16:04:50', '2022-12-03 16:38:27'),
(956, 65, 956, 1, 0, 0, '2022-11-24 16:04:50', '2022-12-03 16:38:27'),
(957, 65, 957, 1, 0, 0, '2022-11-24 16:04:50', '2022-12-03 16:38:27'),
(958, 65, 958, 1, 0, 0, '2022-11-24 16:04:50', '2022-12-03 16:38:27'),
(959, 65, 959, 1, 0, 0, '2022-11-24 16:04:50', '2022-12-03 16:38:27'),
(960, 65, 960, 1, 0, 0, '2022-11-24 16:04:50', '2022-12-03 16:38:27'),
(961, 65, 961, 1, 0, 0, '2022-11-24 16:04:50', '2022-12-03 16:38:27'),
(962, 65, 962, 1, 0, 0, '2022-11-24 16:04:50', '2022-12-03 16:38:27'),
(963, 65, 963, 1, 0, 0, '2022-11-24 16:04:50', '2022-12-03 16:38:27'),
(964, 65, 964, 1, 0, 0, '2022-11-24 16:04:50', '2022-12-03 16:38:27'),
(965, 65, 965, 1, 0, 0, '2022-11-24 16:04:50', '2022-12-03 16:38:27'),
(966, 65, 966, 1, 0, 0, '2022-11-24 16:04:50', '2022-12-03 16:38:27'),
(967, 65, 967, 1, 0, 0, '2022-11-24 16:04:50', '2022-12-03 16:38:27'),
(968, 65, 968, 1, 0, 0, '2022-11-24 16:04:50', '2022-12-03 16:38:27'),
(969, 65, 969, 1, 0, 0, '2022-11-24 16:04:50', '2022-12-03 16:38:27'),
(971, 114, 971, 1, 0, 0, '2022-11-24 16:04:50', '2022-12-03 16:38:27'),
(972, 114, 972, 1, 0, 0, '2022-11-24 16:04:50', '2022-12-03 16:38:27'),
(973, 114, 973, 1, 0, 0, '2022-11-24 16:04:50', '2022-12-03 16:38:27'),
(974, 114, 974, 1, 0, 0, '2022-11-24 16:04:50', '2022-12-03 16:38:27'),
(975, 114, 975, 1, 0, 0, '2022-11-24 16:04:50', '2022-12-03 16:38:27'),
(976, 114, 976, 1, 0, 0, '2022-11-24 16:04:50', '2022-12-03 16:38:27'),
(977, 114, 977, 1, 0, 0, '2022-11-24 16:04:50', '2022-12-03 16:38:27'),
(978, 114, 978, 1, 0, 0, '2022-11-24 16:04:50', '2022-12-03 16:38:27'),
(979, 114, 979, 1, 0, 0, '2022-11-24 16:04:50', '2022-12-03 16:38:27'),
(980, 114, 980, 1, 0, 0, '2022-11-24 16:04:50', '2022-12-03 16:38:27'),
(981, 114, 981, 1, 0, 0, '2022-11-24 16:04:50', '2022-12-03 16:38:27'),
(982, 114, 982, 1, 0, 0, '2022-11-24 16:04:50', '2022-12-03 16:38:27'),
(984, 145, 984, 1, 0, 0, '2022-11-24 16:04:50', '2022-12-03 16:38:27'),
(985, 145, 985, 1, 0, 0, '2022-11-24 16:04:50', '2022-12-03 16:38:27'),
(986, 145, 986, 1, 0, 0, '2022-11-24 16:04:50', '2022-12-03 16:38:27'),
(987, 145, 987, 1, 0, 0, '2022-11-24 16:04:50', '2022-12-03 16:38:27'),
(988, 145, 988, 1, 0, 0, '2022-11-24 16:04:50', '2022-12-03 16:38:27'),
(989, 145, 989, 1, 0, 0, '2022-11-24 16:04:50', '2022-12-03 16:38:27'),
(990, 145, 990, 1, 0, 0, '2022-11-24 16:04:50', '2022-12-03 16:38:27'),
(992, 6, 992, 1, 0, 0, '2022-11-24 16:04:50', '2022-12-03 16:38:27'),
(993, 6, 993, 1, 0, 0, '2022-11-24 16:04:50', '2022-12-03 16:38:27'),
(994, 6, 994, 1, 0, 0, '2022-11-24 16:04:50', '2022-12-03 16:38:27'),
(995, 6, 995, 1, 0, 0, '2022-11-24 16:04:50', '2022-12-03 16:38:27'),
(996, 6, 996, 1, 0, 0, '2022-11-24 16:04:50', '2022-12-03 16:38:27'),
(997, 6, 997, 1, 0, 0, '2022-11-24 16:04:50', '2022-12-03 16:38:27'),
(998, 6, 998, 1, 0, 0, '2022-11-24 16:04:50', '2022-12-03 16:38:27'),
(999, 6, 999, 1, 0, 0, '2022-11-24 16:04:50', '2022-12-03 16:38:27'),
(1000, 6, 1000, 1, 0, 0, '2022-11-24 16:04:50', '2022-12-03 16:38:27'),
(1001, 6, 1001, 1, 0, 0, '2022-11-24 16:04:50', '2022-12-03 16:38:27'),
(1002, 6, 1002, 1, 0, 0, '2022-11-24 16:04:50', '2022-12-03 16:38:27'),
(1004, 79, 1004, 1, 0, 0, '2022-11-24 16:04:50', '2022-12-03 16:38:27'),
(1005, 79, 1005, 1, 0, 0, '2022-11-24 16:04:50', '2022-12-03 16:38:27'),
(1007, 11, 1007, 1, 0, 0, '2022-11-24 16:04:50', '2022-12-03 16:38:27'),
(1008, 11, 1008, 1, 0, 0, '2022-11-24 16:04:50', '2022-12-03 16:38:27'),
(1009, 11, 1009, 1, 0, 0, '2022-11-24 16:04:50', '2022-12-03 16:38:27'),
(1010, 11, 1010, 1, 0, 0, '2022-11-24 16:04:50', '2022-12-03 16:38:27'),
(1011, 11, 1011, 1, 0, 0, '2022-11-24 16:04:50', '2022-12-03 16:38:27'),
(1012, 11, 1012, 1, 0, 0, '2022-11-24 16:04:50', '2022-12-03 16:38:27'),
(1013, 11, 1013, 1, 0, 0, '2022-11-24 16:04:50', '2022-12-03 16:38:27'),
(1014, 11, 1014, 1, 0, 0, '2022-11-24 16:04:50', '2022-12-03 16:38:27'),
(1015, 11, 1015, 1, 0, 0, '2022-11-24 16:04:50', '2022-12-03 16:38:27'),
(1016, 11, 1016, 1, 0, 0, '2022-11-24 16:04:50', '2022-12-03 16:38:27'),
(1017, 11, 1017, 1, 0, 0, '2022-11-24 16:04:50', '2022-12-03 16:38:27'),
(1018, 11, 1018, 1, 0, 0, '2022-11-24 16:04:50', '2022-12-03 16:38:27'),
(1019, 11, 1019, 1, 0, 0, '2022-11-24 16:04:50', '2022-12-03 16:38:27'),
(1020, 11, 1020, 1, 0, 0, '2022-11-24 16:04:50', '2022-12-03 16:38:27'),
(1021, 11, 1021, 1, 0, 0, '2022-11-24 16:04:50', '2022-12-03 16:38:27'),
(1022, 11, 1022, 1, 0, 0, '2022-11-24 16:04:50', '2022-12-03 16:38:27'),
(1023, 11, 1023, 1, 0, 0, '2022-11-24 16:04:50', '2022-12-03 16:38:27'),
(1024, 11, 1024, 1, 0, 0, '2022-11-24 16:04:50', '2022-12-03 16:38:27'),
(1025, 11, 1025, 1, 0, 0, '2022-11-24 16:04:50', '2022-12-03 16:38:27'),
(1026, 11, 1026, 1, 0, 0, '2022-11-24 16:04:50', '2022-12-03 16:38:27'),
(1027, 11, 1027, 1, 0, 0, '2022-11-24 16:04:50', '2022-12-03 16:38:27'),
(1028, 11, 1028, 1, 0, 0, '2022-11-24 16:04:50', '2022-12-03 16:38:27'),
(1029, 11, 1029, 1, 0, 0, '2022-11-24 16:04:50', '2022-12-03 16:38:27'),
(1030, 11, 1030, 1, 0, 0, '2022-11-24 16:04:50', '2022-12-03 16:38:27'),
(1031, 11, 1031, 1, 0, 0, '2022-11-24 16:04:50', '2022-12-03 16:38:27'),
(1032, 11, 1032, 1, 0, 0, '2022-11-24 16:04:50', '2022-12-03 16:38:27'),
(1033, 11, 1033, 1, 0, 0, '2022-11-24 16:04:50', '2022-12-03 16:38:27'),
(1034, 11, 1034, 1, 0, 0, '2022-11-24 16:04:50', '2022-12-03 16:38:27'),
(1035, 11, 1035, 1, 0, 0, '2022-11-24 16:04:50', '2022-12-03 16:38:27'),
(1037, 71, 1037, 1, 0, 0, '2022-11-24 16:04:50', '2022-12-03 16:38:27'),
(1038, 71, 1038, 1, 0, 0, '2022-11-24 16:04:50', '2022-12-03 16:38:27'),
(1039, 71, 1039, 1, 0, 0, '2022-11-24 16:04:50', '2022-12-03 16:38:27'),
(1040, 71, 1040, 1, 0, 0, '2022-11-24 16:04:50', '2022-12-03 16:38:27'),
(1041, 71, 1041, 1, 0, 0, '2022-11-24 16:04:50', '2022-12-03 16:38:27'),
(1042, 71, 1042, 1, 0, 0, '2022-11-24 16:04:50', '2022-12-03 16:38:27'),
(1043, 71, 1043, 1, 0, 0, '2022-11-24 16:04:50', '2022-12-03 16:38:27'),
(1044, 71, 1044, 1, 0, 0, '2022-11-24 16:04:50', '2022-12-03 16:38:27'),
(1045, 71, 1045, 1, 0, 0, '2022-11-24 16:04:50', '2022-12-03 16:38:27'),
(1046, 71, 1046, 1, 0, 0, '2022-11-24 16:04:50', '2022-12-03 16:38:27'),
(1047, 71, 1047, 1, 0, 0, '2022-11-24 16:04:50', '2022-12-03 16:38:27'),
(1048, 71, 1048, 1, 0, 0, '2022-11-24 16:04:50', '2022-12-03 16:38:27'),
(1049, 71, 1049, 1, 0, 0, '2022-11-24 16:04:50', '2022-12-03 16:38:27'),
(1050, 71, 1050, 1, 0, 0, '2022-11-24 16:04:50', '2022-12-03 16:38:27'),
(1051, 71, 1051, 1, 0, 0, '2022-11-24 16:04:50', '2022-12-03 16:38:27'),
(1052, 71, 1052, 1, 0, 0, '2022-11-24 16:04:50', '2022-12-03 16:38:27'),
(1053, 71, 1053, 1, 0, 0, '2022-11-24 16:04:50', '2022-12-03 16:38:27'),
(1054, 71, 1054, 1, 0, 0, '2022-11-24 16:04:50', '2022-12-03 16:38:27'),
(1055, 71, 1055, 1, 0, 0, '2022-11-24 16:04:50', '2022-12-03 16:38:27'),
(1056, 71, 1056, 1, 0, 0, '2022-11-24 16:04:50', '2022-12-03 16:38:27'),
(1057, 71, 1057, 1, 0, 0, '2022-11-24 16:04:50', '2022-12-03 16:38:27'),
(1059, 143, 1059, 1, 0, 0, '2022-11-24 16:04:50', '2022-12-03 16:38:27'),
(1060, 20, 1060, 1, 0, 0, '2022-11-24 16:04:50', '2022-12-03 16:38:27'),
(1061, 20, 1061, 1, 0, 0, '2022-11-24 16:04:50', '2022-12-03 16:38:27'),
(1062, 20, 1062, 1, 0, 0, '2022-11-24 16:04:50', '2022-12-03 16:38:27'),
(1063, 20, 1063, 1, 0, 0, '2022-11-24 16:04:50', '2022-12-03 16:38:27'),
(1064, 20, 1064, 1, 0, 0, '2022-11-24 16:04:50', '2022-12-03 16:38:27'),
(1065, 20, 1065, 1, 0, 0, '2022-11-24 16:04:50', '2022-12-03 16:38:27'),
(1066, 20, 1066, 1, 0, 0, '2022-11-24 16:04:50', '2022-12-03 16:38:27'),
(1067, 20, 1067, 1, 0, 0, '2022-11-24 16:04:50', '2022-12-03 16:38:27'),
(1068, 20, 1068, 1, 0, 0, '2022-11-24 16:04:50', '2022-12-03 16:38:27'),
(1069, 20, 1069, 1, 0, 0, '2022-11-24 16:04:50', '2022-12-03 16:38:27'),
(1070, 20, 1070, 1, 0, 0, '2022-11-24 16:04:50', '2022-12-03 16:38:27'),
(1071, 20, 1071, 1, 0, 0, '2022-11-24 16:04:50', '2022-12-03 16:38:27'),
(1072, 20, 1072, 1, 0, 0, '2022-11-24 16:04:50', '2022-12-03 16:38:27'),
(1073, 20, 1073, 1, 0, 0, '2022-11-24 16:04:50', '2022-12-03 16:38:27'),
(1074, 20, 1074, 1, 0, 0, '2022-11-24 16:04:50', '2022-12-03 16:38:27'),
(1075, 20, 1075, 1, 0, 0, '2022-11-24 16:04:50', '2022-12-03 16:38:27'),
(1076, 20, 1076, 1, 0, 0, '2022-11-24 16:04:50', '2022-12-03 16:38:27'),
(1077, 20, 1077, 1, 0, 0, '2022-11-24 16:04:50', '2022-12-03 16:38:27'),
(1078, 20, 1078, 1, 0, 0, '2022-11-24 16:04:50', '2022-12-03 16:38:27'),
(1079, 20, 1079, 1, 0, 0, '2022-11-24 16:04:50', '2022-12-03 16:38:27'),
(1080, 20, 1080, 1, 0, 0, '2022-11-24 16:04:50', '2022-12-03 16:38:27'),
(1081, 20, 1081, 1, 0, 0, '2022-11-24 16:04:50', '2022-12-03 16:38:27'),
(1082, 20, 1082, 1, 0, 0, '2022-11-24 16:04:50', '2022-12-03 16:38:27'),
(1083, 20, 1083, 1, 0, 0, '2022-11-24 16:04:50', '2022-12-03 16:38:27'),
(1084, 20, 1084, 1, 0, 0, '2022-11-24 16:04:50', '2022-12-03 16:38:27'),
(1085, 20, 1085, 1, 0, 0, '2022-11-24 16:04:50', '2022-12-03 16:38:27'),
(1086, 20, 1086, 1, 0, 0, '2022-11-24 16:04:50', '2022-12-03 16:38:27'),
(1087, 20, 1087, 1, 0, 0, '2022-11-24 16:04:50', '2022-12-03 16:38:27'),
(1088, 20, 1088, 1, 0, 0, '2022-11-24 16:04:50', '2022-12-03 16:38:27'),
(1089, 20, 1089, 1, 0, 0, '2022-11-24 16:04:50', '2022-12-03 16:38:27'),
(1090, 20, 1090, 1, 0, 0, '2022-11-24 16:04:50', '2022-12-03 16:38:27'),
(1091, 20, 1091, 1, 0, 0, '2022-11-24 16:04:50', '2022-12-03 16:38:27'),
(1092, 20, 1092, 1, 0, 0, '2022-11-24 16:04:50', '2022-12-03 16:38:27'),
(1093, 20, 1093, 1, 0, 0, '2022-11-24 16:04:50', '2022-12-03 16:38:27'),
(1094, 20, 1094, 1, 0, 0, '2022-11-24 16:04:50', '2022-12-03 16:38:27'),
(1095, 20, 1095, 1, 0, 0, '2022-11-24 16:04:50', '2022-12-03 16:38:27'),
(1096, 20, 1096, 1, 0, 0, '2022-11-24 16:04:50', '2022-12-03 16:38:27'),
(1097, 20, 1097, 1, 0, 0, '2022-11-24 16:04:50', '2022-12-03 16:38:27'),
(1098, 20, 1098, 1, 0, 0, '2022-11-24 16:04:50', '2022-12-03 16:38:27'),
(1099, 20, 1099, 1, 0, 0, '2022-11-24 16:04:50', '2022-12-03 16:38:27'),
(1100, 20, 1100, 1, 0, 0, '2022-11-24 16:04:50', '2022-12-03 16:38:27'),
(1101, 20, 1101, 1, 0, 0, '2022-11-24 16:04:50', '2022-12-03 16:38:27'),
(1102, 20, 1102, 1, 0, 0, '2022-11-24 16:04:50', '2022-12-03 16:38:27'),
(1103, 20, 1103, 1, 0, 0, '2022-11-24 16:04:50', '2022-12-03 16:38:27'),
(1104, 20, 1104, 1, 0, 0, '2022-11-24 16:04:50', '2022-12-03 16:38:27'),
(1105, 20, 1105, 1, 0, 0, '2022-11-24 16:04:50', '2022-12-03 16:38:27'),
(1106, 20, 1106, 1, 0, 0, '2022-11-24 16:04:50', '2022-12-03 16:38:27'),
(1107, 20, 1107, 1, 0, 0, '2022-11-24 16:04:50', '2022-12-03 16:38:27'),
(1108, 20, 1108, 1, 0, 0, '2022-11-24 16:04:50', '2022-12-03 16:38:27'),
(1109, 20, 1109, 1, 0, 0, '2022-11-24 16:04:50', '2022-12-03 16:38:27'),
(1110, 20, 1110, 1, 0, 0, '2022-11-24 16:04:50', '2022-12-03 16:38:27'),
(1112, 14, 1112, 1, 0, 0, '2022-11-24 16:04:50', '2022-12-03 16:38:27'),
(1113, 14, 1113, 1, 0, 0, '2022-11-24 16:04:50', '2022-12-03 16:38:27'),
(1114, 14, 1114, 1, 0, 0, '2022-11-24 16:04:50', '2022-12-03 16:38:27'),
(1115, 14, 1115, 1, 0, 0, '2022-11-24 16:04:50', '2022-12-03 16:38:27'),
(1116, 14, 1116, 1, 0, 0, '2022-11-24 16:04:50', '2022-12-03 16:38:27'),
(1117, 14, 1117, 1, 0, 0, '2022-11-24 16:04:50', '2022-12-03 16:38:27'),
(1118, 14, 1118, 1, 0, 0, '2022-11-24 16:04:50', '2022-12-03 16:38:27'),
(1119, 14, 1119, 1, 0, 0, '2022-11-24 16:04:50', '2022-12-03 16:38:27'),
(1120, 14, 1120, 1, 0, 0, '2022-11-24 16:04:50', '2022-12-03 16:38:27'),
(1121, 14, 1121, 1, 0, 0, '2022-11-24 16:04:50', '2022-12-03 16:38:27'),
(1122, 14, 1122, 1, 0, 0, '2022-11-24 16:04:50', '2022-12-03 16:38:27'),
(1123, 14, 1123, 1, 0, 0, '2022-11-24 16:04:50', '2022-12-03 16:38:27'),
(1124, 14, 1124, 1, 0, 0, '2022-11-24 16:04:50', '2022-12-03 16:38:27'),
(1125, 14, 1125, 1, 0, 0, '2022-11-24 16:04:50', '2022-12-03 16:38:27'),
(1126, 14, 1126, 1, 0, 0, '2022-11-24 16:04:50', '2022-12-03 16:38:27'),
(1127, 14, 1127, 1, 0, 0, '2022-11-24 16:04:50', '2022-12-03 16:38:27'),
(1128, 14, 1128, 1, 0, 0, '2022-11-24 16:04:50', '2022-12-03 16:38:27'),
(1129, 14, 1129, 1, 0, 0, '2022-11-24 16:04:50', '2022-12-03 16:38:27'),
(1130, 14, 1130, 1, 0, 0, '2022-11-24 16:04:50', '2022-12-03 16:38:27'),
(1131, 14, 1131, 1, 0, 0, '2022-11-24 16:04:50', '2022-12-03 16:38:27'),
(1132, 14, 1132, 1, 0, 0, '2022-11-24 16:04:50', '2022-12-03 16:38:27'),
(1133, 14, 1133, 1, 0, 0, '2022-11-24 16:04:50', '2022-12-03 16:38:27'),
(1134, 14, 1134, 1, 0, 0, '2022-11-24 16:04:50', '2022-12-03 16:38:27'),
(1135, 14, 1135, 1, 0, 0, '2022-11-24 16:04:50', '2022-12-03 16:38:27'),
(1136, 14, 1136, 1, 0, 0, '2022-11-24 16:04:50', '2022-12-03 16:38:27'),
(1150, 14, 1150, 1, 0, 0, '2022-11-24 16:04:50', '2022-12-03 16:38:27'),
(1152, 126, 1152, 1, 0, 0, '2022-11-24 16:04:50', '2022-12-03 16:38:27'),
(1153, 126, 1153, 1, 0, 0, '2022-11-24 16:04:50', '2022-12-03 16:38:27'),
(1154, 126, 1154, 1, 0, 0, '2022-11-24 16:04:50', '2022-12-03 16:38:27'),
(1155, 126, 1155, 1, 0, 0, '2022-11-24 16:04:50', '2022-12-03 16:38:27'),
(1156, 126, 1156, 1, 0, 0, '2022-11-24 16:04:50', '2022-12-03 16:38:27'),
(1157, 126, 1157, 1, 0, 0, '2022-11-24 16:04:50', '2022-12-03 16:38:27'),
(1158, 126, 1158, 1, 0, 0, '2022-11-24 16:04:50', '2022-12-03 16:38:27'),
(1159, 126, 1159, 1, 0, 0, '2022-11-24 16:04:50', '2022-12-03 16:38:27'),
(1160, 126, 1160, 1, 0, 0, '2022-11-24 16:04:50', '2022-12-03 16:38:27'),
(1161, 126, 1161, 1, 0, 0, '2022-11-24 16:04:50', '2022-12-03 16:38:27'),
(1162, 126, 1162, 1, 0, 0, '2022-11-24 16:04:50', '2022-12-03 16:38:27'),
(1163, 41, 1163, 1, 0, 0, '2022-11-24 16:04:50', '2022-12-03 16:38:27'),
(1164, 41, 1164, 1, 0, 0, '2022-11-24 16:04:50', '2022-12-03 16:38:27'),
(1165, 41, 1165, 1, 0, 0, '2022-11-24 16:04:50', '2022-12-03 16:38:27'),
(1167, 85, 1167, 1, 0, 0, '2022-11-24 16:04:50', '2022-12-03 16:38:27'),
(1168, 85, 1168, 1, 0, 0, '2022-11-24 16:04:50', '2022-12-03 16:38:27'),
(1169, 85, 1169, 1, 0, 0, '2022-11-24 16:04:50', '2022-12-03 16:38:27'),
(1170, 85, 1170, 1, 0, 0, '2022-11-24 16:04:50', '2022-12-03 16:38:27'),
(1171, 85, 1171, 1, 0, 0, '2022-11-24 16:04:50', '2022-12-03 16:38:27'),
(1172, 85, 1172, 1, 0, 0, '2022-11-24 16:04:50', '2022-12-03 16:38:27'),
(1173, 85, 1173, 1, 0, 0, '2022-11-24 16:04:50', '2022-12-03 16:38:27'),
(1174, 85, 1174, 1, 0, 0, '2022-11-24 16:04:50', '2022-12-03 16:38:27'),
(1175, 85, 1175, 1, 0, 0, '2022-11-24 16:04:50', '2022-12-03 16:38:27'),
(1176, 85, 1176, 1, 0, 0, '2022-11-24 16:04:50', '2022-12-03 16:38:27'),
(1177, 85, 1177, 1, 0, 0, '2022-11-24 16:04:50', '2022-12-03 16:38:27'),
(1179, 85, 1179, 1, 0, 0, '2022-11-24 16:04:50', '2022-12-03 16:38:27'),
(1180, 85, 1180, 1, 0, 0, '2022-11-24 16:04:50', '2022-12-03 16:38:27'),
(1181, 85, 1181, 1, 0, 0, '2022-11-24 16:04:50', '2022-12-03 16:38:27'),
(1182, 85, 1182, 1, 0, 0, '2022-11-24 16:04:50', '2022-12-03 16:38:27'),
(1184, 85, 1184, 1, 0, 0, '2022-11-24 16:04:50', '2022-12-03 16:38:27'),
(1187, 85, 1187, 1, 0, 0, '2022-11-24 16:04:50', '2022-12-03 16:38:27'),
(1188, 85, 1188, 1, 0, 0, '2022-11-24 16:04:50', '2022-12-03 16:38:27'),
(1190, 85, 1190, 1, 0, 0, '2022-11-24 16:04:50', '2022-12-03 16:38:27'),
(1191, 85, 1191, 1, 0, 0, '2022-11-24 16:04:50', '2022-12-03 16:38:27'),
(1195, 85, 1195, 1, 0, 0, '2022-11-24 16:04:50', '2022-12-03 16:38:27'),
(1198, 85, 1198, 1, 0, 0, '2022-11-24 16:04:50', '2022-12-03 16:38:27'),
(1199, 85, 1199, 1, 0, 0, '2022-11-24 16:04:50', '2022-12-03 16:38:27'),
(1200, 85, 1200, 1, 0, 0, '2022-11-24 16:04:50', '2022-12-03 16:38:27'),
(1201, 85, 1201, 1, 0, 0, '2022-11-24 16:04:50', '2022-12-03 16:38:27'),
(1204, 85, 1204, 1, 0, 0, '2022-11-24 16:04:50', '2022-12-03 16:38:27'),
(1205, 85, 1205, 1, 0, 0, '2022-11-24 16:04:50', '2022-12-03 16:38:27'),
(1207, 85, 1207, 1, 0, 0, '2022-11-24 16:04:50', '2022-12-03 16:38:27'),
(1208, 85, 1208, 1, 0, 0, '2022-11-24 16:04:50', '2022-12-03 16:38:27'),
(1209, 85, 1209, 1, 0, 0, '2022-11-24 16:04:50', '2022-12-03 16:38:27'),
(1210, 85, 1210, 1, 0, 0, '2022-11-24 16:04:50', '2022-12-03 16:38:27'),
(1211, 85, 1211, 1, 0, 0, '2022-11-24 16:04:50', '2022-12-03 16:38:27'),
(1212, 85, 1212, 1, 0, 0, '2022-11-24 16:04:50', '2022-12-03 16:38:27'),
(1214, 85, 1214, 1, 0, 0, '2022-11-24 16:04:50', '2022-12-03 16:38:27'),
(1217, 85, 1217, 1, 0, 0, '2022-11-24 16:04:50', '2022-12-03 16:38:27'),
(1219, 85, 1219, 1, 0, 0, '2022-11-24 16:04:50', '2022-12-03 16:38:27'),
(1220, 85, 1220, 1, 0, 0, '2022-11-24 16:04:50', '2022-12-03 16:38:27'),
(1223, 85, 1223, 1, 0, 0, '2022-11-24 16:04:50', '2022-12-03 16:38:27'),
(1224, 85, 1224, 1, 0, 0, '2022-11-24 16:04:50', '2022-12-03 16:38:27'),
(1225, 85, 1225, 1, 0, 0, '2022-11-24 16:04:50', '2022-12-03 16:38:27'),
(1228, 85, 1228, 1, 0, 0, '2022-11-24 16:04:50', '2022-12-03 16:38:27'),
(1229, 85, 1229, 1, 0, 0, '2022-11-24 16:04:50', '2022-12-03 16:38:27'),
(1234, 85, 1234, 1, 0, 0, '2022-11-24 16:04:50', '2022-12-03 16:38:27'),
(1235, 85, 1235, 1, 0, 0, '2022-11-24 16:04:50', '2022-12-03 16:38:27'),
(1238, 85, 1238, 1, 0, 0, '2022-11-24 16:04:50', '2022-12-03 16:38:27'),
(1240, 85, 1240, 1, 0, 0, '2022-11-24 16:04:50', '2022-12-03 16:38:27'),
(1242, 85, 1242, 1, 0, 0, '2022-11-24 16:04:50', '2022-12-03 16:38:27'),
(1245, 85, 1245, 1, 0, 0, '2022-11-24 16:04:50', '2022-12-03 16:38:27'),
(1248, 85, 1248, 1, 0, 0, '2022-11-24 16:04:50', '2022-12-03 16:38:27'),
(1249, 85, 1249, 1, 0, 0, '2022-11-24 16:04:50', '2022-12-03 16:38:27'),
(1250, 85, 1250, 1, 0, 0, '2022-11-24 16:04:50', '2022-12-03 16:38:27'),
(1252, 85, 1252, 1, 0, 0, '2022-11-24 16:04:50', '2022-12-03 16:38:27'),
(1253, 85, 1253, 1, 0, 0, '2022-11-24 16:04:50', '2022-12-03 16:38:27'),
(1256, 85, 1256, 1, 0, 0, '2022-11-24 16:04:50', '2022-12-03 16:38:27'),
(1260, 85, 1260, 1, 0, 0, '2022-11-24 16:04:50', '2022-12-03 16:38:27'),
(1262, 85, 1262, 1, 0, 0, '2022-11-24 16:04:50', '2022-12-03 16:38:27'),
(1264, 85, 1264, 1, 0, 0, '2022-11-24 16:04:50', '2022-12-03 16:38:27'),
(1265, 85, 1265, 1, 0, 0, '2022-11-24 16:04:50', '2022-12-03 16:38:27'),
(1266, 85, 1266, 1, 0, 0, '2022-11-24 16:04:50', '2022-12-03 16:38:27'),
(1267, 85, 1267, 1, 0, 0, '2022-11-24 16:04:50', '2022-12-03 16:38:27'),
(1268, 85, 1268, 1, 0, 0, '2022-11-24 16:04:50', '2022-12-03 16:38:27'),
(1269, 85, 1269, 1, 0, 0, '2022-11-24 16:04:50', '2022-12-03 16:38:27'),
(1270, 85, 1270, 1, 0, 0, '2022-11-24 16:04:50', '2022-12-03 16:38:27'),
(1271, 85, 1271, 1, 0, 0, '2022-11-24 16:04:50', '2022-12-03 16:38:27'),
(1273, 85, 1273, 1, 0, 0, '2022-11-24 16:04:50', '2022-12-03 16:38:27'),
(1275, 85, 1275, 1, 0, 0, '2022-11-24 16:04:50', '2022-12-03 16:38:27'),
(1277, 85, 1277, 1, 0, 0, '2022-11-24 16:04:50', '2022-12-03 16:38:27'),
(1278, 85, 1278, 1, 0, 0, '2022-11-24 16:04:50', '2022-12-03 16:38:27'),
(1281, 85, 1281, 1, 0, 0, '2022-11-24 16:04:50', '2022-12-03 16:38:27'),
(1286, 85, 1286, 1, 0, 0, '2022-11-24 16:04:50', '2022-12-03 16:38:27'),
(1289, 85, 1289, 1, 0, 0, '2022-11-24 16:04:50', '2022-12-03 16:38:27'),
(1291, 86, 1291, 1, 0, 0, '2022-11-24 16:04:50', '2022-12-03 16:38:27'),
(1292, 44, 1292, 1, 0, 0, '2022-11-24 16:04:50', '2022-12-03 16:38:27'),
(1293, 44, 1293, 1, 0, 0, '2022-11-24 16:04:50', '2022-12-03 16:38:27'),
(1294, 44, 1294, 1, 0, 0, '2022-11-24 16:04:50', '2022-12-03 16:38:27'),
(1295, 47, 1295, 1, 0, 0, '2022-11-24 16:04:50', '2022-12-03 16:38:27'),
(1296, 47, 1296, 1, 0, 0, '2022-11-24 16:04:50', '2022-12-03 16:38:27'),
(1297, 47, 1297, 1, 0, 0, '2022-11-24 16:04:50', '2022-12-03 16:38:27'),
(1298, 47, 1298, 1, 0, 0, '2022-11-24 16:04:50', '2022-12-03 16:38:27'),
(1299, 47, 1299, 1, 0, 0, '2022-11-24 16:04:50', '2022-12-03 16:38:27'),
(1300, 47, 1300, 1, 0, 0, '2022-11-24 16:04:50', '2022-12-03 16:38:27'),
(1301, 47, 1301, 1, 0, 0, '2022-11-24 16:04:50', '2022-12-03 16:38:27'),
(1302, 47, 1302, 1, 0, 0, '2022-11-24 16:04:50', '2022-12-03 16:38:27'),
(1303, 47, 1303, 1, 0, 0, '2022-11-24 16:04:50', '2022-12-03 16:38:27'),
(1304, 47, 1304, 1, 0, 0, '2022-11-24 16:04:50', '2022-12-03 16:38:27'),
(1305, 47, 1305, 1, 0, 0, '2022-11-24 16:04:50', '2022-12-03 16:38:27'),
(1306, 47, 1306, 1, 0, 0, '2022-11-24 16:04:50', '2022-12-03 16:38:27'),
(1307, 47, 1307, 1, 0, 0, '2022-11-24 16:04:50', '2022-12-03 16:38:27'),
(1308, 47, 1308, 1, 0, 0, '2022-11-24 16:04:50', '2022-12-03 16:38:27'),
(1309, 47, 1309, 1, 0, 0, '2022-11-24 16:04:50', '2022-12-03 16:38:27'),
(1310, 47, 1310, 1, 0, 0, '2022-11-24 16:04:50', '2022-12-03 16:38:27'),
(1311, 47, 1311, 1, 0, 0, '2022-11-24 16:04:50', '2022-12-03 16:38:27'),
(1312, 47, 1312, 1, 0, 0, '2022-11-24 16:04:50', '2022-12-03 16:38:27'),
(1313, 47, 1313, 1, 0, 0, '2022-11-24 16:04:50', '2022-12-03 16:38:27'),
(1314, 47, 1314, 1, 0, 0, '2022-11-24 16:04:50', '2022-12-03 16:38:27'),
(1315, 47, 1315, 1, 0, 0, '2022-11-24 16:04:50', '2022-12-03 16:38:27'),
(1316, 47, 1316, 1, 0, 0, '2022-11-24 16:04:50', '2022-12-03 16:38:27'),
(1317, 47, 1317, 1, 0, 0, '2022-11-24 16:04:50', '2022-12-03 16:38:27'),
(1318, 47, 1318, 1, 0, 0, '2022-11-24 16:04:50', '2022-12-03 16:38:27'),
(1319, 47, 1319, 1, 0, 0, '2022-11-24 16:04:50', '2022-12-03 16:38:27'),
(1320, 47, 1320, 1, 0, 0, '2022-11-24 16:04:50', '2022-12-03 16:38:27'),
(1321, 47, 1321, 1, 0, 0, '2022-11-24 16:04:50', '2022-12-03 16:38:27'),
(1322, 47, 1322, 1, 0, 0, '2022-11-24 16:04:50', '2022-12-03 16:38:27'),
(1323, 47, 1323, 1, 0, 0, '2022-11-24 16:04:50', '2022-12-03 16:38:27'),
(1324, 47, 1324, 1, 0, 0, '2022-11-24 16:04:50', '2022-12-03 16:38:27'),
(1325, 47, 1325, 1, 0, 0, '2022-11-24 16:04:50', '2022-12-03 16:38:27'),
(1326, 47, 1326, 1, 0, 0, '2022-11-24 16:04:50', '2022-12-03 16:38:27'),
(1327, 47, 1327, 1, 0, 0, '2022-11-24 16:04:50', '2022-12-03 16:38:27'),
(1328, 47, 1328, 1, 0, 0, '2022-11-24 16:04:50', '2022-12-03 16:38:27'),
(1329, 47, 1329, 1, 0, 0, '2022-11-24 16:04:50', '2022-12-03 16:38:27'),
(1330, 47, 1330, 1, 0, 0, '2022-11-24 16:04:50', '2022-12-03 16:38:27'),
(1331, 47, 1331, 1, 0, 0, '2022-11-24 16:04:50', '2022-12-03 16:38:27'),
(1332, 47, 1332, 1, 0, 0, '2022-11-24 16:04:50', '2022-12-03 16:38:27'),
(1333, 47, 1333, 1, 0, 0, '2022-11-24 16:04:50', '2022-12-03 16:38:27'),
(1335, 47, 1335, 1, 0, 0, '2022-11-24 16:04:50', '2022-12-03 16:38:27'),
(1336, 47, 1336, 1, 0, 0, '2022-11-24 16:04:50', '2022-12-03 16:38:27'),
(1337, 47, 1337, 1, 0, 0, '2022-11-24 16:04:50', '2022-12-03 16:38:27'),
(1338, 47, 1338, 1, 0, 0, '2022-11-24 16:04:50', '2022-12-03 16:38:27'),
(1339, 47, 1339, 1, 0, 0, '2022-11-24 16:04:50', '2022-12-03 16:38:27'),
(1340, 47, 1340, 1, 0, 0, '2022-11-24 16:04:50', '2022-12-03 16:38:27'),
(1341, 47, 1341, 1, 0, 0, '2022-11-24 16:04:50', '2022-12-03 16:38:27'),
(1342, 47, 1342, 1, 0, 0, '2022-11-24 16:04:50', '2022-12-03 16:38:27'),
(1343, 47, 1343, 1, 0, 0, '2022-11-24 16:04:50', '2022-12-03 16:38:27'),
(1344, 47, 1344, 1, 0, 0, '2022-11-24 16:04:50', '2022-12-03 16:38:27'),
(1345, 47, 1345, 1, 0, 0, '2022-11-24 16:04:50', '2022-12-03 16:38:27'),
(1346, 47, 1346, 1, 0, 0, '2022-11-24 16:04:50', '2022-12-03 16:38:27'),
(1347, 47, 1347, 1, 0, 0, '2022-11-24 16:04:50', '2022-12-03 16:38:27'),
(1348, 47, 1348, 1, 0, 0, '2022-11-24 16:04:50', '2022-12-03 16:38:27'),
(1349, 47, 1349, 1, 0, 0, '2022-11-24 16:04:50', '2022-12-03 16:38:27'),
(1350, 47, 1350, 1, 0, 0, '2022-11-24 16:04:50', '2022-12-03 16:38:27'),
(1351, 47, 1351, 1, 0, 0, '2022-11-24 16:04:50', '2022-12-03 16:38:27'),
(1352, 47, 1352, 1, 0, 0, '2022-11-24 16:04:50', '2022-12-03 16:38:27'),
(1353, 47, 1353, 1, 0, 0, '2022-11-24 16:04:50', '2022-12-03 16:38:27'),
(1354, 47, 1354, 1, 0, 0, '2022-11-24 16:04:50', '2022-12-03 16:38:27'),
(1355, 47, 1355, 1, 0, 0, '2022-11-24 16:04:50', '2022-12-03 16:38:27'),
(1356, 47, 1356, 1, 0, 0, '2022-11-24 16:04:50', '2022-12-03 16:38:27'),
(1357, 47, 1357, 1, 0, 0, '2022-11-24 16:04:50', '2022-12-03 16:38:27'),
(1358, 47, 1358, 1, 0, 0, '2022-11-24 16:04:50', '2022-12-03 16:38:27'),
(1359, 47, 1359, 1, 0, 0, '2022-11-24 16:04:50', '2022-12-03 16:38:27'),
(1361, 72, 1361, 1, 0, 0, '2022-11-24 16:04:50', '2022-12-03 16:38:27'),
(1362, 72, 1362, 1, 0, 0, '2022-11-24 16:04:50', '2022-12-03 16:38:27'),
(1363, 72, 1363, 1, 0, 0, '2022-11-24 16:04:50', '2022-12-03 16:38:27'),
(1364, 72, 1364, 1, 0, 0, '2022-11-24 16:04:50', '2022-12-03 16:38:27'),
(1365, 72, 1365, 1, 0, 0, '2022-11-24 16:04:50', '2022-12-03 16:38:27'),
(1366, 72, 1366, 1, 0, 0, '2022-11-24 16:04:50', '2022-12-03 16:38:27'),
(1367, 72, 1367, 1, 0, 0, '2022-11-24 16:04:50', '2022-12-03 16:38:27'),
(1368, 72, 1368, 1, 0, 0, '2022-11-24 16:04:50', '2022-12-03 16:38:27'),
(1369, 72, 1369, 1, 0, 0, '2022-11-24 16:04:50', '2022-12-03 16:38:27'),
(1370, 72, 1370, 1, 0, 0, '2022-11-24 16:04:50', '2022-12-03 16:38:27'),
(1371, 72, 1371, 1, 0, 0, '2022-11-24 16:04:50', '2022-12-03 16:38:27'),
(1372, 72, 1372, 1, 0, 0, '2022-11-24 16:04:50', '2022-12-03 16:38:27'),
(1373, 72, 1373, 1, 0, 0, '2022-11-24 16:04:50', '2022-12-03 16:38:27'),
(1374, 72, 1374, 1, 0, 0, '2022-11-24 16:04:50', '2022-12-03 16:38:27'),
(1375, 72, 1375, 1, 0, 0, '2022-11-24 16:04:50', '2022-12-03 16:38:27'),
(1376, 72, 1376, 1, 0, 0, '2022-11-24 16:04:50', '2022-12-03 16:38:27'),
(1377, 72, 1377, 1, 0, 0, '2022-11-24 16:04:50', '2022-12-03 16:38:27'),
(1378, 72, 1378, 1, 0, 0, '2022-11-24 16:04:50', '2022-12-03 16:38:27'),
(1379, 72, 1379, 1, 0, 0, '2022-11-24 16:04:50', '2022-12-03 16:38:27'),
(1380, 72, 1380, 1, 0, 0, '2022-11-24 16:04:50', '2022-12-03 16:38:27'),
(1381, 72, 1381, 1, 0, 0, '2022-11-24 16:04:50', '2022-12-03 16:38:27'),
(1382, 72, 1382, 1, 0, 0, '2022-11-24 16:04:50', '2022-12-03 16:38:27'),
(1383, 72, 1383, 1, 0, 0, '2022-11-24 16:04:50', '2022-12-03 16:38:27'),
(1384, 72, 1384, 1, 0, 0, '2022-11-24 16:04:50', '2022-12-03 16:38:27'),
(1385, 72, 1385, 1, 0, 0, '2022-11-24 16:04:50', '2022-12-03 16:38:27'),
(1386, 72, 1386, 1, 0, 0, '2022-11-24 16:04:50', '2022-12-03 16:38:27'),
(1387, 72, 1387, 1, 0, 0, '2022-11-24 16:04:50', '2022-12-03 16:38:27'),
(1388, 72, 1388, 1, 0, 0, '2022-11-24 16:04:50', '2022-12-03 16:38:27'),
(1389, 72, 1389, 1, 0, 0, '2022-11-24 16:04:50', '2022-12-03 16:38:27'),
(1390, 72, 1390, 1, 0, 0, '2022-11-24 16:04:50', '2022-12-03 16:38:27'),
(1391, 72, 1391, 1, 0, 0, '2022-11-24 16:04:50', '2022-12-03 16:38:27'),
(1392, 72, 1392, 1, 0, 0, '2022-11-24 16:04:50', '2022-12-03 16:38:27'),
(1393, 72, 1393, 1, 0, 0, '2022-11-24 16:04:50', '2022-12-03 16:38:27'),
(1394, 72, 1394, 1, 0, 0, '2022-11-24 16:04:50', '2022-12-03 16:38:27'),
(1395, 72, 1395, 1, 0, 0, '2022-11-24 16:04:50', '2022-12-03 16:38:27'),
(1396, 72, 1396, 1, 0, 0, '2022-11-24 16:04:50', '2022-12-03 16:38:27'),
(1397, 72, 1397, 1, 0, 0, '2022-11-24 16:04:50', '2022-12-03 16:38:27'),
(1398, 72, 1398, 1, 0, 0, '2022-11-24 16:04:50', '2022-12-03 16:38:27'),
(1399, 72, 1399, 1, 0, 0, '2022-11-24 16:04:50', '2022-12-03 16:38:27'),
(1400, 72, 1400, 1, 0, 0, '2022-11-24 16:04:50', '2022-12-03 16:38:27'),
(1401, 72, 1401, 1, 0, 0, '2022-11-24 16:04:50', '2022-12-03 16:38:27'),
(1404, 224, 1404, 1, 0, 0, '2022-11-24 16:04:50', '2022-12-03 16:38:27'),
(1405, 224, 1405, 1, 0, 0, '2022-11-24 16:04:50', '2022-12-03 16:38:27'),
(1406, 224, 1406, 1, 0, 0, '2022-11-24 16:04:50', '2022-12-03 16:38:27'),
(1407, 224, 1407, 1, 0, 0, '2022-11-24 16:04:50', '2022-12-03 16:38:27'),
(1408, 224, 1408, 1, 0, 0, '2022-11-24 16:04:50', '2022-12-03 16:38:27'),
(1409, 224, 1409, 1, 0, 0, '2022-11-24 16:04:50', '2022-12-03 16:38:27'),
(1410, 224, 1410, 1, 0, 0, '2022-11-24 16:04:50', '2022-12-03 16:38:27'),
(1411, 224, 1411, 1, 0, 0, '2022-11-24 16:04:50', '2022-12-03 16:38:27'),
(1412, 224, 1412, 1, 0, 0, '2022-11-24 16:04:50', '2022-12-03 16:38:27'),
(1413, 52, 1413, 1, 0, 0, '2022-11-24 16:04:50', '2022-12-03 16:38:27'),
(1414, 52, 1414, 1, 0, 0, '2022-11-24 16:04:50', '2022-12-03 16:38:27'),
(1415, 52, 1415, 1, 0, 0, '2022-11-24 16:04:50', '2022-12-03 16:38:27'),
(1416, 52, 1416, 1, 0, 0, '2022-11-24 16:04:50', '2022-12-03 16:38:27'),
(1417, 52, 1417, 1, 0, 0, '2022-11-24 16:04:50', '2022-12-03 16:38:27'),
(1418, 52, 1418, 1, 0, 0, '2022-11-24 16:04:50', '2022-12-03 16:38:27'),
(1419, 52, 1419, 1, 0, 0, '2022-11-24 16:04:50', '2022-12-03 16:38:27'),
(1420, 52, 1420, 1, 0, 0, '2022-11-24 16:04:50', '2022-12-03 16:38:27'),
(1423, 53, 1423, 1, 0, 0, '2022-11-24 16:04:50', '2022-12-03 16:38:27'),
(1425, 53, 1425, 1, 0, 0, '2022-11-24 16:04:50', '2022-12-03 16:38:27'),
(1426, 53, 1426, 1, 0, 0, '2022-11-24 16:04:50', '2022-12-03 16:38:27'),
(1427, 53, 1427, 1, 0, 0, '2022-11-24 16:04:50', '2022-12-03 16:38:27'),
(1428, 53, 1428, 1, 0, 0, '2022-11-24 16:04:50', '2022-12-03 16:38:27'),
(1429, 53, 1429, 1, 0, 0, '2022-11-24 16:04:50', '2022-12-03 16:38:27'),
(1430, 53, 1430, 1, 0, 0, '2022-11-24 16:04:50', '2022-12-03 16:38:27'),
(1432, 53, 1432, 1, 0, 0, '2022-11-24 16:04:50', '2022-12-03 16:38:27'),
(1434, 53, 1434, 1, 0, 0, '2022-11-24 16:04:50', '2022-12-03 16:38:27'),
(1436, 53, 1436, 1, 0, 0, '2022-11-24 16:04:50', '2022-12-03 16:38:27'),
(1437, 53, 1437, 1, 0, 0, '2022-11-24 16:04:50', '2022-12-03 16:38:27'),
(1438, 53, 1438, 1, 0, 0, '2022-11-24 16:04:50', '2022-12-03 16:38:27'),
(1439, 53, 1439, 1, 0, 0, '2022-11-24 16:04:50', '2022-12-03 16:38:27'),
(1440, 53, 1440, 1, 0, 0, '2022-11-24 16:04:50', '2022-12-03 16:38:27'),
(1443, 53, 1443, 1, 0, 0, '2022-11-24 16:04:50', '2022-12-03 16:38:27'),
(1447, 53, 1447, 1, 0, 0, '2022-11-24 16:04:50', '2022-12-03 16:38:27'),
(1450, 53, 1450, 1, 0, 0, '2022-11-24 16:04:50', '2022-12-03 16:38:27'),
(1451, 53, 1451, 1, 0, 0, '2022-11-24 16:04:50', '2022-12-03 16:38:27'),
(1452, 53, 1452, 1, 0, 0, '2022-11-24 16:04:50', '2022-12-03 16:38:27'),
(1453, 53, 1453, 1, 0, 0, '2022-11-24 16:04:50', '2022-12-03 16:38:27'),
(1454, 53, 1454, 1, 0, 0, '2022-11-24 16:04:50', '2022-12-03 16:38:27'),
(1455, 53, 1455, 1, 0, 0, '2022-11-24 16:04:50', '2022-12-03 16:38:27'),
(1462, 53, 1462, 1, 0, 0, '2022-11-24 16:04:50', '2022-12-03 16:38:27'),
(1463, 53, 1463, 1, 0, 0, '2022-11-24 16:04:50', '2022-12-03 16:38:27'),
(1464, 53, 1464, 1, 0, 0, '2022-11-24 16:04:50', '2022-12-03 16:38:27'),
(1465, 53, 1465, 1, 0, 0, '2022-11-24 16:04:50', '2022-12-03 16:38:27'),
(1466, 53, 1466, 1, 0, 0, '2022-11-24 16:04:50', '2022-12-03 16:38:27'),
(1467, 53, 1467, 1, 0, 0, '2022-11-24 16:04:50', '2022-12-03 16:38:27'),
(1469, 53, 1469, 1, 0, 0, '2022-11-24 16:04:50', '2022-12-03 16:38:27'),
(1470, 53, 1470, 1, 0, 0, '2022-11-24 16:04:50', '2022-12-03 16:38:27'),
(1471, 53, 1471, 1, 0, 0, '2022-11-24 16:04:50', '2022-12-03 16:38:27'),
(1472, 53, 1472, 1, 0, 0, '2022-11-24 16:04:50', '2022-12-03 16:38:27'),
(1475, 53, 1475, 1, 0, 0, '2022-11-24 16:04:50', '2022-12-03 16:38:27'),
(1476, 53, 1476, 1, 0, 0, '2022-11-24 16:04:50', '2022-12-03 16:38:27'),
(1478, 53, 1478, 1, 0, 0, '2022-11-24 16:04:50', '2022-12-03 16:38:27'),
(1480, 53, 1480, 1, 0, 0, '2022-11-24 16:04:50', '2022-12-03 16:38:27'),
(1482, 53, 1482, 1, 0, 0, '2022-11-24 16:04:50', '2022-12-03 16:38:27'),
(1483, 53, 1483, 1, 0, 0, '2022-11-24 16:04:50', '2022-12-03 16:38:27'),
(1487, 53, 1487, 1, 0, 0, '2022-11-24 16:04:50', '2022-12-03 16:38:27'),
(1489, 53, 1489, 1, 0, 0, '2022-11-24 16:04:50', '2022-12-03 16:38:27'),
(1491, 53, 1491, 1, 0, 0, '2022-11-24 16:04:50', '2022-12-03 16:38:27'),
(1494, 53, 1494, 1, 0, 0, '2022-11-24 16:04:50', '2022-12-03 16:38:27'),
(1497, 53, 1497, 1, 0, 0, '2022-11-24 16:04:50', '2022-12-03 16:38:27'),
(1498, 53, 1498, 1, 0, 0, '2022-11-24 16:04:50', '2022-12-03 16:38:27'),
(1500, 53, 1500, 1, 0, 0, '2022-11-24 16:04:50', '2022-12-03 16:38:27'),
(1502, 53, 1502, 1, 0, 0, '2022-11-24 16:04:50', '2022-12-03 16:38:27'),
(1505, 53, 1505, 1, 0, 0, '2022-11-24 16:04:50', '2022-12-03 16:38:27'),
(1506, 53, 1506, 1, 0, 0, '2022-11-24 16:04:50', '2022-12-03 16:38:27'),
(1508, 53, 1508, 1, 0, 0, '2022-11-24 16:04:50', '2022-12-03 16:38:27'),
(1509, 53, 1509, 1, 0, 0, '2022-11-24 16:04:50', '2022-12-03 16:38:27'),
(1511, 53, 1511, 1, 0, 0, '2022-11-24 16:04:50', '2022-12-03 16:38:27'),
(1513, 53, 1513, 1, 0, 0, '2022-11-24 16:04:50', '2022-12-03 16:38:27'),
(1514, 53, 1514, 1, 0, 0, '2022-11-24 16:04:50', '2022-12-03 16:38:27'),
(1515, 53, 1515, 1, 0, 0, '2022-11-24 16:04:50', '2022-12-03 16:38:27'),
(1521, 53, 1521, 1, 0, 0, '2022-11-24 16:04:50', '2022-12-03 16:38:27'),
(1522, 53, 1522, 1, 0, 0, '2022-11-24 16:04:50', '2022-12-03 16:38:27'),
(1524, 53, 1524, 1, 0, 0, '2022-11-24 16:04:50', '2022-12-03 16:38:27'),
(1526, 53, 1526, 1, 0, 0, '2022-11-24 16:04:50', '2022-12-03 16:38:27'),
(1528, 53, 1528, 1, 0, 0, '2022-11-24 16:04:50', '2022-12-03 16:38:27'),
(1531, 53, 1531, 1, 0, 0, '2022-11-24 16:04:50', '2022-12-03 16:38:27'),
(1532, 53, 1532, 1, 0, 0, '2022-11-24 16:04:50', '2022-12-03 16:38:27'),
(1533, 53, 1533, 1, 0, 0, '2022-11-24 16:04:50', '2022-12-03 16:38:27'),
(1535, 53, 1535, 1, 0, 0, '2022-11-24 16:04:50', '2022-12-03 16:38:27'),
(1536, 53, 1536, 1, 0, 0, '2022-11-24 16:04:50', '2022-12-03 16:38:27'),
(1537, 53, 1537, 1, 0, 0, '2022-11-24 16:04:50', '2022-12-03 16:38:27'),
(1539, 53, 1539, 1, 0, 0, '2022-11-24 16:04:50', '2022-12-03 16:38:27'),
(1540, 53, 1540, 1, 0, 0, '2022-11-24 16:04:50', '2022-12-03 16:38:27'),
(1541, 53, 1541, 1, 0, 0, '2022-11-24 16:04:50', '2022-12-03 16:38:27'),
(1542, 53, 1542, 1, 0, 0, '2022-11-24 16:04:50', '2022-12-03 16:38:27'),
(1544, 53, 1544, 1, 0, 0, '2022-11-24 16:04:50', '2022-12-03 16:38:27'),
(1545, 53, 1545, 1, 0, 0, '2022-11-24 16:04:50', '2022-12-03 16:38:27'),
(1546, 53, 1546, 1, 0, 0, '2022-11-24 16:04:50', '2022-12-03 16:38:27'),
(1550, 53, 1550, 1, 0, 0, '2022-11-24 16:04:50', '2022-12-03 16:38:27'),
(1552, 53, 1552, 1, 0, 0, '2022-11-24 16:04:50', '2022-12-03 16:38:27'),
(1553, 53, 1553, 1, 0, 0, '2022-11-24 16:04:50', '2022-12-03 16:38:27'),
(1554, 53, 1554, 1, 0, 0, '2022-11-24 16:04:50', '2022-12-03 16:38:27'),
(1555, 53, 1555, 1, 0, 0, '2022-11-24 16:04:50', '2022-12-03 16:38:27'),
(1556, 53, 1556, 1, 0, 0, '2022-11-24 16:04:50', '2022-12-03 16:38:27'),
(1558, 53, 1558, 1, 0, 0, '2022-11-24 16:04:50', '2022-12-03 16:38:27'),
(1559, 53, 1559, 1, 0, 0, '2022-11-24 16:04:50', '2022-12-03 16:38:27'),
(1560, 53, 1560, 1, 0, 0, '2022-11-24 16:04:50', '2022-12-03 16:38:27'),
(1562, 53, 1562, 1, 0, 0, '2022-11-24 16:04:50', '2022-12-03 16:38:27'),
(1564, 109, 1564, 1, 0, 0, '2022-11-24 16:04:50', '2022-12-03 16:38:27'),
(1565, 108, 1565, 1, 0, 0, '2022-11-24 16:04:50', '2022-12-03 16:38:27'),
(1566, 135, 1566, 1, 0, 0, '2022-11-24 16:04:50', '2022-12-03 16:38:27'),
(1567, 154, 1567, 1, 0, 0, '2022-11-24 16:04:50', '2022-12-03 16:38:27'),
(1568, 165, 1568, 1, 0, 0, '2022-11-24 16:04:50', '2022-12-03 16:38:27'),
(1569, 166, 1569, 1, 0, 0, '2022-11-24 16:04:50', '2022-12-03 16:38:27'),
(1570, 172, 1570, 1, 0, 0, '2022-11-24 16:04:50', '2022-12-03 16:38:27'),
(1571, 175, 1571, 1, 0, 0, '2022-11-24 16:04:50', '2022-12-03 16:38:27'),
(1572, 178, 1572, 1, 0, 0, '2022-11-24 16:04:50', '2022-12-03 16:38:27'),
(1573, 184, 1573, 1, 0, 0, '2022-11-24 16:04:50', '2022-12-03 16:38:27'),
(1574, 186, 1574, 1, 0, 0, '2022-11-24 16:04:50', '2022-12-03 16:38:27'),
(1575, 188, 1575, 1, 0, 0, '2022-11-24 16:04:50', '2022-12-03 16:38:27'),
(1576, 193, 1576, 1, 0, 0, '2022-11-24 16:04:50', '2022-12-03 16:38:27'),
(1577, 201, 1577, 1, 0, 0, '2022-11-24 16:04:50', '2022-12-03 16:38:27'),
(1578, 207, 1578, 1, 0, 0, '2022-11-24 16:04:50', '2022-12-03 16:38:27'),
(1579, 208, 1579, 1, 0, 0, '2022-11-24 16:04:50', '2022-12-03 16:38:27'),
(1580, 212, 1580, 1, 0, 0, '2022-11-24 16:04:50', '2022-12-03 16:38:27'),
(1581, 215, 1581, 1, 0, 0, '2022-11-24 16:04:50', '2022-12-03 16:38:27'),
(1582, 216, 1582, 1, 0, 0, '2022-11-24 16:04:50', '2022-12-03 16:38:27'),
(1583, 218, 1583, 1, 0, 0, '2022-11-24 16:04:50', '2022-12-03 16:38:27'),
(1584, 219, 1584, 1, 0, 0, '2022-11-24 16:04:50', '2022-12-03 16:38:27'),
(1585, 220, 1585, 1, 0, 0, '2022-11-24 16:04:50', '2022-12-03 16:38:27'),
(1586, 221, 1586, 1, 0, 0, '2022-11-24 16:04:50', '2022-12-03 16:38:27'),
(1587, 222, 1587, 1, 0, 0, '2022-11-24 16:04:50', '2022-12-03 16:38:27'),
(1588, 225, 1588, 1, 0, 0, '2022-11-24 16:04:50', '2022-12-03 16:38:27');
INSERT INTO `country_states` (`id_country_state`, `id_country`, `id_state`, `available`, `created_by`, `updated_by`, `created_at`, `updated_at`) VALUES
(1589, 226, 1589, 1, 0, 0, '2022-11-24 16:04:50', '2022-12-03 16:38:27'),
(1590, 227, 1590, 1, 0, 0, '2022-11-24 16:04:50', '2022-12-03 16:38:27'),
(1591, 229, 1591, 1, 0, 0, '2022-11-24 16:04:50', '2022-12-03 16:38:27'),
(1592, 235, 1592, 1, 0, 0, '2022-11-24 16:04:50', '2022-12-03 16:38:27'),
(1593, 237, 1593, 1, 0, 0, '2022-11-24 16:04:50', '2022-12-03 16:38:27'),
(1594, 241, 1594, 1, 0, 0, '2022-11-24 16:04:50', '2022-12-03 16:38:27'),
(1596, 89, 1596, 1, 0, 0, '2022-11-24 16:04:50', '2022-12-03 16:38:27'),
(1597, 89, 1597, 1, 0, 0, '2022-11-24 16:04:50', '2022-12-03 16:38:27'),
(1598, 89, 1598, 1, 0, 0, '2022-11-24 16:04:50', '2022-12-03 16:38:27'),
(1599, 89, 1599, 1, 0, 0, '2022-11-24 16:04:50', '2022-12-03 16:38:27'),
(1600, 89, 1600, 1, 0, 0, '2022-11-24 16:04:50', '2022-12-03 16:38:27'),
(1601, 89, 1601, 1, 0, 0, '2022-11-24 16:04:50', '2022-12-03 16:38:27'),
(1602, 89, 1602, 1, 0, 0, '2022-11-24 16:04:50', '2022-12-03 16:38:27'),
(1603, 89, 1603, 1, 0, 0, '2022-11-24 16:04:50', '2022-12-03 16:38:27'),
(1604, 89, 1604, 1, 0, 0, '2022-11-24 16:04:50', '2022-12-03 16:38:27'),
(1605, 89, 1605, 1, 0, 0, '2022-11-24 16:04:50', '2022-12-03 16:38:27'),
(1606, 89, 1606, 1, 0, 0, '2022-11-24 16:04:50', '2022-12-03 16:38:27'),
(1607, 89, 1607, 1, 0, 0, '2022-11-24 16:04:50', '2022-12-03 16:38:27'),
(1608, 89, 1608, 1, 0, 0, '2022-11-24 16:04:50', '2022-12-03 16:38:27'),
(1609, 89, 1609, 1, 0, 0, '2022-11-24 16:04:50', '2022-12-03 16:38:27'),
(1610, 89, 1610, 1, 0, 0, '2022-11-24 16:04:50', '2022-12-03 16:38:27'),
(1611, 89, 1611, 1, 0, 0, '2022-11-24 16:04:50', '2022-12-03 16:38:27'),
(1612, 89, 1612, 1, 0, 0, '2022-11-24 16:04:50', '2022-12-03 16:38:27'),
(1613, 89, 1613, 1, 0, 0, '2022-11-24 16:04:50', '2022-12-03 16:38:27'),
(1614, 89, 1614, 1, 0, 0, '2022-11-24 16:04:50', '2022-12-03 16:38:27'),
(1615, 89, 1615, 1, 0, 0, '2022-11-24 16:04:50', '2022-12-03 16:38:27'),
(1616, 89, 1616, 1, 0, 0, '2022-11-24 16:04:50', '2022-12-03 16:38:27'),
(1617, 89, 1617, 1, 0, 0, '2022-11-24 16:04:50', '2022-12-03 16:38:27'),
(1618, 89, 1618, 1, 0, 0, '2022-11-24 16:04:50', '2022-12-03 16:38:27'),
(1619, 89, 1619, 1, 0, 0, '2022-11-24 16:04:50', '2022-12-03 16:38:27'),
(1620, 89, 1620, 1, 0, 0, '2022-11-24 16:04:50', '2022-12-03 16:38:27'),
(1622, 110, 1622, 1, 0, 0, '2022-11-24 16:04:50', '2022-12-03 16:38:27'),
(1623, 110, 1623, 1, 0, 0, '2022-11-24 16:04:50', '2022-12-03 16:38:27'),
(1624, 110, 1624, 1, 0, 0, '2022-11-24 16:04:50', '2022-12-03 16:38:27'),
(1625, 110, 1625, 1, 0, 0, '2022-11-24 16:04:50', '2022-12-03 16:38:27'),
(1626, 110, 1626, 1, 0, 0, '2022-11-24 16:04:50', '2022-12-03 16:38:27'),
(1627, 110, 1627, 1, 0, 0, '2022-11-24 16:04:50', '2022-12-03 16:38:27'),
(1628, 110, 1628, 1, 0, 0, '2022-11-24 16:04:50', '2022-12-03 16:38:27'),
(1629, 110, 1629, 1, 0, 0, '2022-11-24 16:04:50', '2022-12-03 16:38:27'),
(1630, 110, 1630, 1, 0, 0, '2022-11-24 16:04:50', '2022-12-03 16:38:27'),
(1631, 110, 1631, 1, 0, 0, '2022-11-24 16:04:50', '2022-12-03 16:38:27'),
(1632, 110, 1632, 1, 0, 0, '2022-11-24 16:04:50', '2022-12-03 16:38:27'),
(1633, 110, 1633, 1, 0, 0, '2022-11-24 16:04:50', '2022-12-03 16:38:27'),
(1634, 110, 1634, 1, 0, 0, '2022-11-24 16:04:50', '2022-12-03 16:38:27'),
(1635, 110, 1635, 1, 0, 0, '2022-11-24 16:04:50', '2022-12-03 16:38:27'),
(1636, 110, 1636, 1, 0, 0, '2022-11-24 16:04:50', '2022-12-03 16:38:27'),
(1637, 110, 1637, 1, 0, 0, '2022-11-24 16:04:50', '2022-12-03 16:38:27'),
(1638, 110, 1638, 1, 0, 0, '2022-11-24 16:04:50', '2022-12-03 16:38:27'),
(1639, 110, 1639, 1, 0, 0, '2022-11-24 16:04:50', '2022-12-03 16:38:27'),
(1642, 111, 1642, 1, 0, 0, '2022-11-24 16:04:50', '2022-12-03 16:38:27'),
(1643, 111, 1643, 1, 0, 0, '2022-11-24 16:04:50', '2022-12-03 16:38:27'),
(1644, 111, 1644, 1, 0, 0, '2022-11-24 16:04:50', '2022-12-03 16:38:27'),
(1645, 111, 1645, 1, 0, 0, '2022-11-24 16:04:50', '2022-12-03 16:38:27'),
(1646, 111, 1646, 1, 0, 0, '2022-11-24 16:04:50', '2022-12-03 16:38:27'),
(1647, 111, 1647, 1, 0, 0, '2022-11-24 16:04:50', '2022-12-03 16:38:27'),
(1648, 111, 1648, 1, 0, 0, '2022-11-24 16:04:50', '2022-12-03 16:38:27'),
(1649, 111, 1649, 1, 0, 0, '2022-11-24 16:04:50', '2022-12-03 16:38:27'),
(1650, 111, 1650, 1, 0, 0, '2022-11-24 16:04:50', '2022-12-03 16:38:27'),
(1651, 111, 1651, 1, 0, 0, '2022-11-24 16:04:50', '2022-12-03 16:38:27'),
(1652, 111, 1652, 1, 0, 0, '2022-11-24 16:04:50', '2022-12-03 16:38:27'),
(1653, 111, 1653, 1, 0, 0, '2022-11-24 16:04:50', '2022-12-03 16:38:27'),
(1654, 111, 1654, 1, 0, 0, '2022-11-24 16:04:50', '2022-12-03 16:38:27'),
(1655, 111, 1655, 1, 0, 0, '2022-11-24 16:04:50', '2022-12-03 16:38:27'),
(1656, 111, 1656, 1, 0, 0, '2022-11-24 16:04:50', '2022-12-03 16:38:27'),
(1657, 111, 1657, 1, 0, 0, '2022-11-24 16:04:50', '2022-12-03 16:38:27'),
(1658, 111, 1658, 1, 0, 0, '2022-11-24 16:04:50', '2022-12-03 16:38:27'),
(1659, 111, 1659, 1, 0, 0, '2022-11-24 16:04:50', '2022-12-03 16:38:27'),
(1660, 111, 1660, 1, 0, 0, '2022-11-24 16:04:50', '2022-12-03 16:38:27'),
(1662, 81, 1662, 1, 0, 0, '2022-11-24 16:04:50', '2022-12-03 16:38:27'),
(1663, 81, 1663, 1, 0, 0, '2022-11-24 16:04:50', '2022-12-03 16:38:27'),
(1664, 81, 1664, 1, 0, 0, '2022-11-24 16:04:50', '2022-12-03 16:38:27'),
(1665, 81, 1665, 1, 0, 0, '2022-11-24 16:04:50', '2022-12-03 16:38:27'),
(1666, 81, 1666, 1, 0, 0, '2022-11-24 16:04:50', '2022-12-03 16:38:27'),
(1667, 81, 1667, 1, 0, 0, '2022-11-24 16:04:50', '2022-12-03 16:38:27'),
(1668, 81, 1668, 1, 0, 0, '2022-11-24 16:04:50', '2022-12-03 16:38:27'),
(1669, 81, 1669, 1, 0, 0, '2022-11-24 16:04:50', '2022-12-03 16:38:27'),
(1670, 81, 1670, 1, 0, 0, '2022-11-24 16:04:50', '2022-12-03 16:38:27'),
(1671, 81, 1671, 1, 0, 0, '2022-11-24 16:04:50', '2022-12-03 16:38:27'),
(1672, 81, 1672, 1, 0, 0, '2022-11-24 16:04:50', '2022-12-03 16:38:27'),
(1673, 81, 1673, 1, 0, 0, '2022-11-24 16:04:50', '2022-12-03 16:38:27'),
(1674, 81, 1674, 1, 0, 0, '2022-11-24 16:04:50', '2022-12-03 16:38:27'),
(1676, 185, 1676, 1, 0, 0, '2022-11-24 16:04:50', '2022-12-03 16:38:27'),
(1677, 185, 1677, 1, 0, 0, '2022-11-24 16:04:50', '2022-12-03 16:38:27'),
(1678, 185, 1678, 1, 0, 0, '2022-11-24 16:04:50', '2022-12-03 16:38:27'),
(1679, 185, 1679, 1, 0, 0, '2022-11-24 16:04:50', '2022-12-03 16:38:27'),
(1680, 185, 1680, 1, 0, 0, '2022-11-24 16:04:50', '2022-12-03 16:38:27'),
(1681, 185, 1681, 1, 0, 0, '2022-11-24 16:04:50', '2022-12-03 16:38:27'),
(1682, 185, 1682, 1, 0, 0, '2022-11-24 16:04:50', '2022-12-03 16:38:27'),
(1683, 185, 1683, 1, 0, 0, '2022-11-24 16:04:50', '2022-12-03 16:38:27'),
(1684, 185, 1684, 1, 0, 0, '2022-11-24 16:04:50', '2022-12-03 16:38:27'),
(1685, 185, 1685, 1, 0, 0, '2022-11-24 16:04:50', '2022-12-03 16:38:27'),
(1686, 185, 1686, 1, 0, 0, '2022-11-24 16:04:50', '2022-12-03 16:38:27'),
(1687, 185, 1687, 1, 0, 0, '2022-11-24 16:04:50', '2022-12-03 16:38:27'),
(1688, 185, 1688, 1, 0, 0, '2022-11-24 16:04:50', '2022-12-03 16:38:27'),
(1689, 185, 1689, 1, 0, 0, '2022-11-24 16:04:50', '2022-12-03 16:38:27'),
(1690, 185, 1690, 1, 0, 0, '2022-11-24 16:04:50', '2022-12-03 16:38:27'),
(1691, 185, 1691, 1, 0, 0, '2022-11-24 16:04:50', '2022-12-03 16:38:27'),
(1692, 185, 1692, 1, 0, 0, '2022-11-24 16:04:50', '2022-12-03 16:38:27'),
(1693, 185, 1693, 1, 0, 0, '2022-11-24 16:04:50', '2022-12-03 16:38:27'),
(1694, 185, 1694, 1, 0, 0, '2022-11-24 16:04:50', '2022-12-03 16:38:27'),
(1695, 185, 1695, 1, 0, 0, '2022-11-24 16:04:50', '2022-12-03 16:38:27'),
(1696, 185, 1696, 1, 0, 0, '2022-11-24 16:04:50', '2022-12-03 16:38:27'),
(1697, 185, 1697, 1, 0, 0, '2022-11-24 16:04:50', '2022-12-03 16:38:27'),
(1699, 82, 1699, 1, 0, 0, '2022-11-24 16:04:50', '2022-12-03 16:38:27'),
(1700, 82, 1700, 1, 0, 0, '2022-11-24 16:04:50', '2022-12-03 16:38:27'),
(1701, 82, 1701, 1, 0, 0, '2022-11-24 16:04:50', '2022-12-03 16:38:27'),
(1702, 82, 1702, 1, 0, 0, '2022-11-24 16:04:50', '2022-12-03 16:38:27'),
(1703, 82, 1703, 1, 0, 0, '2022-11-24 16:04:50', '2022-12-03 16:38:27'),
(1704, 82, 1704, 1, 0, 0, '2022-11-24 16:04:50', '2022-12-03 16:38:27'),
(1705, 82, 1705, 1, 0, 0, '2022-11-24 16:04:50', '2022-12-03 16:38:27'),
(1706, 82, 1706, 1, 0, 0, '2022-11-24 16:04:50', '2022-12-03 16:38:27'),
(1707, 82, 1707, 1, 0, 0, '2022-11-24 16:04:50', '2022-12-03 16:38:27'),
(1708, 82, 1708, 1, 0, 0, '2022-11-24 16:04:50', '2022-12-03 16:38:27'),
(1709, 82, 1709, 1, 0, 0, '2022-11-24 16:04:50', '2022-12-03 16:38:27'),
(1710, 82, 1710, 1, 0, 0, '2022-11-24 16:04:50', '2022-12-03 16:38:27'),
(1711, 82, 1711, 1, 0, 0, '2022-11-24 16:04:50', '2022-12-03 16:38:27'),
(1712, 82, 1712, 1, 0, 0, '2022-11-24 16:04:50', '2022-12-03 16:38:27'),
(1713, 82, 1713, 1, 0, 0, '2022-11-24 16:04:50', '2022-12-03 16:38:27'),
(1714, 82, 1714, 1, 0, 0, '2022-11-24 16:04:50', '2022-12-03 16:38:27'),
(1715, 82, 1715, 1, 0, 0, '2022-11-24 16:04:50', '2022-12-03 16:38:27'),
(1716, 82, 1716, 1, 0, 0, '2022-11-24 16:04:50', '2022-12-03 16:38:27'),
(1717, 82, 1717, 1, 0, 0, '2022-11-24 16:04:50', '2022-12-03 16:38:27'),
(1718, 82, 1718, 1, 0, 0, '2022-11-24 16:04:50', '2022-12-03 16:38:27'),
(1719, 82, 1719, 1, 0, 0, '2022-11-24 16:04:50', '2022-12-03 16:38:27'),
(1720, 82, 1720, 1, 0, 0, '2022-11-24 16:04:50', '2022-12-03 16:38:27'),
(1721, 82, 1721, 1, 0, 0, '2022-11-24 16:04:50', '2022-12-03 16:38:27'),
(1722, 82, 1722, 1, 0, 0, '2022-11-24 16:04:50', '2022-12-03 16:38:27'),
(1723, 82, 1723, 1, 0, 0, '2022-11-24 16:04:50', '2022-12-03 16:38:27'),
(1724, 82, 1724, 1, 0, 0, '2022-11-24 16:04:50', '2022-12-03 16:38:27'),
(1725, 82, 1725, 1, 0, 0, '2022-11-24 16:04:50', '2022-12-03 16:38:27'),
(1726, 82, 1726, 1, 0, 0, '2022-11-24 16:04:50', '2022-12-03 16:38:27'),
(1727, 82, 1727, 1, 0, 0, '2022-11-24 16:04:50', '2022-12-03 16:38:27'),
(1730, 82, 1730, 1, 0, 0, '2022-11-24 16:04:50', '2022-12-03 16:38:27'),
(1731, 82, 1731, 1, 0, 0, '2022-11-24 16:04:50', '2022-12-03 16:38:27'),
(1733, 42, 1733, 1, 0, 0, '2022-11-24 16:04:50', '2022-12-03 16:38:27'),
(1734, 42, 1734, 1, 0, 0, '2022-11-24 16:04:50', '2022-12-03 16:38:27'),
(1735, 42, 1735, 1, 0, 0, '2022-11-24 16:04:50', '2022-12-03 16:38:27'),
(1736, 42, 1736, 1, 0, 0, '2022-11-24 16:04:50', '2022-12-03 16:38:27'),
(1737, 42, 1737, 1, 0, 0, '2022-11-24 16:04:50', '2022-12-03 16:38:27'),
(1738, 42, 1738, 1, 0, 0, '2022-11-24 16:04:50', '2022-12-03 16:38:27'),
(1739, 42, 1739, 1, 0, 0, '2022-11-24 16:04:50', '2022-12-03 16:38:27'),
(1740, 42, 1740, 1, 0, 0, '2022-11-24 16:04:50', '2022-12-03 16:38:27'),
(1741, 42, 1741, 1, 0, 0, '2022-11-24 16:04:50', '2022-12-03 16:38:27'),
(1742, 42, 1742, 1, 0, 0, '2022-11-24 16:04:50', '2022-12-03 16:38:27'),
(1743, 42, 1743, 1, 0, 0, '2022-11-24 16:04:50', '2022-12-03 16:38:27'),
(1744, 42, 1744, 1, 0, 0, '2022-11-24 16:04:50', '2022-12-03 16:38:27'),
(1745, 42, 1745, 1, 0, 0, '2022-11-24 16:04:50', '2022-12-03 16:38:27'),
(1746, 42, 1746, 1, 0, 0, '2022-11-24 16:04:50', '2022-12-03 16:38:27'),
(1747, 42, 1747, 1, 0, 0, '2022-11-24 16:04:50', '2022-12-03 16:38:27'),
(1748, 42, 1748, 1, 0, 0, '2022-11-24 16:04:50', '2022-12-03 16:38:27'),
(1749, 42, 1749, 1, 0, 0, '2022-11-24 16:04:50', '2022-12-03 16:38:27'),
(1750, 42, 1750, 1, 0, 0, '2022-11-24 16:04:50', '2022-12-03 16:38:27'),
(1751, 42, 1751, 1, 0, 0, '2022-11-24 16:04:50', '2022-12-03 16:38:27'),
(1752, 42, 1752, 1, 0, 0, '2022-11-24 16:04:50', '2022-12-03 16:38:27'),
(1753, 42, 1753, 1, 0, 0, '2022-11-24 16:04:50', '2022-12-03 16:38:27'),
(1754, 42, 1754, 1, 0, 0, '2022-11-24 16:04:50', '2022-12-03 16:38:27'),
(1755, 42, 1755, 1, 0, 0, '2022-11-24 16:04:50', '2022-12-03 16:38:27'),
(1756, 42, 1756, 1, 0, 0, '2022-11-24 16:04:50', '2022-12-03 16:38:27'),
(1757, 42, 1757, 1, 0, 0, '2022-11-24 16:04:50', '2022-12-03 16:38:27'),
(1758, 42, 1758, 1, 0, 0, '2022-11-24 16:04:50', '2022-12-03 16:38:27'),
(1759, 42, 1759, 1, 0, 0, '2022-11-24 16:04:50', '2022-12-03 16:38:27'),
(1760, 42, 1760, 1, 0, 0, '2022-11-24 16:04:50', '2022-12-03 16:38:27'),
(1761, 42, 1761, 1, 0, 0, '2022-11-24 16:04:50', '2022-12-03 16:38:27'),
(1762, 42, 1762, 1, 0, 0, '2022-11-24 16:04:50', '2022-12-03 16:38:27'),
(1763, 42, 1763, 1, 0, 0, '2022-11-24 16:04:50', '2022-12-03 16:38:27'),
(1764, 42, 1764, 1, 0, 0, '2022-11-24 16:04:50', '2022-12-03 16:38:27'),
(1766, 124, 1766, 1, 0, 0, '2022-11-24 16:04:50', '2022-12-03 16:38:27'),
(1767, 124, 1767, 1, 0, 0, '2022-11-24 16:04:50', '2022-12-03 16:38:27'),
(1768, 124, 1768, 1, 0, 0, '2022-11-24 16:04:50', '2022-12-03 16:38:27'),
(1769, 124, 1769, 1, 0, 0, '2022-11-24 16:04:50', '2022-12-03 16:38:27'),
(1770, 124, 1770, 1, 0, 0, '2022-11-24 16:04:50', '2022-12-03 16:38:27'),
(1771, 124, 1771, 1, 0, 0, '2022-11-24 16:04:50', '2022-12-03 16:38:27'),
(1772, 124, 1772, 1, 0, 0, '2022-11-24 16:04:50', '2022-12-03 16:38:27'),
(1773, 124, 1773, 1, 0, 0, '2022-11-24 16:04:50', '2022-12-03 16:38:27'),
(1774, 124, 1774, 1, 0, 0, '2022-11-24 16:04:50', '2022-12-03 16:38:27'),
(1775, 124, 1775, 1, 0, 0, '2022-11-24 16:04:50', '2022-12-03 16:38:27'),
(1777, 123, 1777, 1, 0, 0, '2022-11-24 16:04:50', '2022-12-03 16:38:27'),
(1778, 123, 1778, 1, 0, 0, '2022-11-24 16:04:50', '2022-12-03 16:38:27'),
(1779, 123, 1779, 1, 0, 0, '2022-11-24 16:04:50', '2022-12-03 16:38:27'),
(1780, 123, 1780, 1, 0, 0, '2022-11-24 16:04:50', '2022-12-03 16:38:27'),
(1781, 123, 1781, 1, 0, 0, '2022-11-24 16:04:50', '2022-12-03 16:38:27'),
(1782, 123, 1782, 1, 0, 0, '2022-11-24 16:04:50', '2022-12-03 16:38:27'),
(1783, 123, 1783, 1, 0, 0, '2022-11-24 16:04:50', '2022-12-03 16:38:27'),
(1784, 123, 1784, 1, 0, 0, '2022-11-24 16:04:50', '2022-12-03 16:38:27'),
(1785, 123, 1785, 1, 0, 0, '2022-11-24 16:04:50', '2022-12-03 16:38:27'),
(1787, 36, 1787, 1, 0, 0, '2022-11-24 16:04:50', '2022-12-03 16:38:27'),
(1788, 36, 1788, 1, 0, 0, '2022-11-24 16:04:50', '2022-12-03 16:38:27'),
(1789, 36, 1789, 1, 0, 0, '2022-11-24 16:04:50', '2022-12-03 16:38:27'),
(1790, 36, 1790, 1, 0, 0, '2022-11-24 16:04:50', '2022-12-03 16:38:27'),
(1791, 36, 1791, 1, 0, 0, '2022-11-24 16:04:50', '2022-12-03 16:38:27'),
(1792, 36, 1792, 1, 0, 0, '2022-11-24 16:04:50', '2022-12-03 16:38:27'),
(1793, 36, 1793, 1, 0, 0, '2022-11-24 16:04:50', '2022-12-03 16:38:27'),
(1795, 103, 1795, 1, 0, 0, '2022-11-24 16:04:50', '2022-12-03 16:38:27'),
(1796, 103, 1796, 1, 0, 0, '2022-11-24 16:04:50', '2022-12-03 16:38:27'),
(1797, 103, 1797, 1, 0, 0, '2022-11-24 16:04:50', '2022-12-03 16:38:27'),
(1798, 103, 1798, 1, 0, 0, '2022-11-24 16:04:50', '2022-12-03 16:38:27'),
(1799, 103, 1799, 1, 0, 0, '2022-11-24 16:04:50', '2022-12-03 16:38:27'),
(1800, 103, 1800, 1, 0, 0, '2022-11-24 16:04:50', '2022-12-03 16:38:27'),
(1801, 103, 1801, 1, 0, 0, '2022-11-24 16:04:50', '2022-12-03 16:38:27'),
(1802, 103, 1802, 1, 0, 0, '2022-11-24 16:04:50', '2022-12-03 16:38:27'),
(1803, 103, 1803, 1, 0, 0, '2022-11-24 16:04:50', '2022-12-03 16:38:27'),
(1804, 103, 1804, 1, 0, 0, '2022-11-24 16:04:50', '2022-12-03 16:38:27'),
(1805, 103, 1805, 1, 0, 0, '2022-11-24 16:04:50', '2022-12-03 16:38:27'),
(1806, 103, 1806, 1, 0, 0, '2022-11-24 16:04:50', '2022-12-03 16:38:27'),
(1807, 103, 1807, 1, 0, 0, '2022-11-24 16:04:50', '2022-12-03 16:38:27'),
(1808, 103, 1808, 1, 0, 0, '2022-11-24 16:04:50', '2022-12-03 16:38:27'),
(1809, 103, 1809, 1, 0, 0, '2022-11-24 16:04:50', '2022-12-03 16:38:27'),
(1810, 103, 1810, 1, 0, 0, '2022-11-24 16:04:50', '2022-12-03 16:38:27'),
(1811, 103, 1811, 1, 0, 0, '2022-11-24 16:04:50', '2022-12-03 16:38:27'),
(1812, 103, 1812, 1, 0, 0, '2022-11-24 16:04:50', '2022-12-03 16:38:27'),
(1813, 103, 1813, 1, 0, 0, '2022-11-24 16:04:50', '2022-12-03 16:38:27'),
(1814, 103, 1814, 1, 0, 0, '2022-11-24 16:04:50', '2022-12-03 16:38:27'),
(1815, 103, 1815, 1, 0, 0, '2022-11-24 16:04:50', '2022-12-03 16:38:27'),
(1816, 103, 1816, 1, 0, 0, '2022-11-24 16:04:50', '2022-12-03 16:38:27'),
(1818, 5, 1818, 1, 0, 0, '2022-11-24 16:04:50', '2022-12-03 16:38:27'),
(1819, 5, 1819, 1, 0, 0, '2022-11-24 16:04:50', '2022-12-03 16:38:27'),
(1820, 5, 1820, 1, 0, 0, '2022-11-24 16:04:50', '2022-12-03 16:38:27'),
(1821, 5, 1821, 1, 0, 0, '2022-11-24 16:04:50', '2022-12-03 16:38:27'),
(1822, 5, 1822, 1, 0, 0, '2022-11-24 16:04:50', '2022-12-03 16:38:27'),
(1823, 5, 1823, 1, 0, 0, '2022-11-24 16:04:50', '2022-12-03 16:38:27'),
(1824, 5, 1824, 1, 0, 0, '2022-11-24 16:04:50', '2022-12-03 16:38:27'),
(1825, 5, 1825, 1, 0, 0, '2022-11-24 16:04:50', '2022-12-03 16:38:27'),
(1826, 5, 1826, 1, 0, 0, '2022-11-24 16:04:50', '2022-12-03 16:38:27'),
(1827, 5, 1827, 1, 0, 0, '2022-11-24 16:04:50', '2022-12-03 16:38:27'),
(1828, 5, 1828, 1, 0, 0, '2022-11-24 16:04:50', '2022-12-03 16:38:27'),
(1829, 5, 1829, 1, 0, 0, '2022-11-24 16:04:50', '2022-12-03 16:38:27'),
(1830, 5, 1830, 1, 0, 0, '2022-11-24 16:04:50', '2022-12-03 16:38:27'),
(1831, 5, 1831, 1, 0, 0, '2022-11-24 16:04:50', '2022-12-03 16:38:27'),
(1832, 5, 1832, 1, 0, 0, '2022-11-24 16:04:50', '2022-12-03 16:38:27'),
(1833, 5, 1833, 1, 0, 0, '2022-11-24 16:04:50', '2022-12-03 16:38:27'),
(1834, 5, 1834, 1, 0, 0, '2022-11-24 16:04:50', '2022-12-03 16:38:27'),
(1835, 5, 1835, 1, 0, 0, '2022-11-24 16:04:50', '2022-12-03 16:38:27'),
(1836, 5, 1836, 1, 0, 0, '2022-11-24 16:04:50', '2022-12-03 16:38:27'),
(1837, 5, 1837, 1, 0, 0, '2022-11-24 16:04:50', '2022-12-03 16:38:27'),
(1838, 5, 1838, 1, 0, 0, '2022-11-24 16:04:50', '2022-12-03 16:38:27'),
(1839, 5, 1839, 1, 0, 0, '2022-11-24 16:04:50', '2022-12-03 16:38:27'),
(1840, 5, 1840, 1, 0, 0, '2022-11-24 16:04:50', '2022-12-03 16:38:27'),
(1841, 5, 1841, 1, 0, 0, '2022-11-24 16:04:50', '2022-12-03 16:38:27'),
(1843, 95, 1843, 1, 0, 0, '2022-11-24 16:04:50', '2022-12-03 16:38:27'),
(1844, 95, 1844, 1, 0, 0, '2022-11-24 16:04:50', '2022-12-03 16:38:27'),
(1845, 95, 1845, 1, 0, 0, '2022-11-24 16:04:50', '2022-12-03 16:38:27'),
(1846, 95, 1846, 1, 0, 0, '2022-11-24 16:04:50', '2022-12-03 16:38:27'),
(1847, 95, 1847, 1, 0, 0, '2022-11-24 16:04:50', '2022-12-03 16:38:27'),
(1848, 95, 1848, 1, 0, 0, '2022-11-24 16:04:50', '2022-12-03 16:38:27'),
(1849, 95, 1849, 1, 0, 0, '2022-11-24 16:04:50', '2022-12-03 16:38:27'),
(1850, 95, 1850, 1, 0, 0, '2022-11-24 16:04:50', '2022-12-03 16:38:27'),
(1851, 95, 1851, 1, 0, 0, '2022-11-24 16:04:50', '2022-12-03 16:38:27'),
(1852, 95, 1852, 1, 0, 0, '2022-11-24 16:04:50', '2022-12-03 16:38:27'),
(1853, 95, 1853, 1, 0, 0, '2022-11-24 16:04:50', '2022-12-03 16:38:27'),
(1854, 95, 1854, 1, 0, 0, '2022-11-24 16:04:50', '2022-12-03 16:38:27'),
(1855, 95, 1855, 1, 0, 0, '2022-11-24 16:04:50', '2022-12-03 16:38:27'),
(1856, 95, 1856, 1, 0, 0, '2022-11-24 16:04:50', '2022-12-03 16:38:27'),
(1857, 95, 1857, 1, 0, 0, '2022-11-24 16:04:50', '2022-12-03 16:38:27'),
(1858, 95, 1858, 1, 0, 0, '2022-11-24 16:04:50', '2022-12-03 16:38:27'),
(1859, 95, 1859, 1, 0, 0, '2022-11-24 16:04:50', '2022-12-03 16:38:27'),
(1860, 95, 1860, 1, 0, 0, '2022-11-24 16:04:50', '2022-12-03 16:38:27'),
(1861, 95, 1861, 1, 0, 0, '2022-11-24 16:04:50', '2022-12-03 16:38:27'),
(1862, 95, 1862, 1, 0, 0, '2022-11-24 16:04:50', '2022-12-03 16:38:27'),
(1863, 95, 1863, 1, 0, 0, '2022-11-24 16:04:50', '2022-12-03 16:38:27'),
(1864, 95, 1864, 1, 0, 0, '2022-11-24 16:04:50', '2022-12-03 16:38:27'),
(1865, 95, 1865, 1, 0, 0, '2022-11-24 16:04:50', '2022-12-03 16:38:27'),
(1866, 95, 1866, 1, 0, 0, '2022-11-24 16:04:50', '2022-12-03 16:38:27'),
(1867, 95, 1867, 1, 0, 0, '2022-11-24 16:04:50', '2022-12-03 16:38:27'),
(1869, 209, 1869, 1, 0, 0, '2022-11-24 16:04:50', '2022-12-03 16:38:27'),
(1870, 209, 1870, 1, 0, 0, '2022-11-24 16:04:50', '2022-12-03 16:38:27'),
(1871, 209, 1871, 1, 0, 0, '2022-11-24 16:04:50', '2022-12-03 16:38:27'),
(1872, 209, 1872, 1, 0, 0, '2022-11-24 16:04:50', '2022-12-03 16:38:27'),
(1873, 209, 1873, 1, 0, 0, '2022-11-24 16:04:50', '2022-12-03 16:38:27'),
(1874, 209, 1874, 1, 0, 0, '2022-11-24 16:04:50', '2022-12-03 16:38:27'),
(1875, 209, 1875, 1, 0, 0, '2022-11-24 16:04:50', '2022-12-03 16:38:27'),
(1876, 209, 1876, 1, 0, 0, '2022-11-24 16:04:50', '2022-12-03 16:38:27'),
(1877, 209, 1877, 1, 0, 0, '2022-11-24 16:04:50', '2022-12-03 16:38:27'),
(1878, 209, 1878, 1, 0, 0, '2022-11-24 16:04:50', '2022-12-03 16:38:27'),
(1879, 209, 1879, 1, 0, 0, '2022-11-24 16:04:50', '2022-12-03 16:38:27'),
(1880, 209, 1880, 1, 0, 0, '2022-11-24 16:04:50', '2022-12-03 16:38:27'),
(1881, 209, 1881, 1, 0, 0, '2022-11-24 16:04:50', '2022-12-03 16:38:27'),
(1882, 209, 1882, 1, 0, 0, '2022-11-24 16:04:50', '2022-12-03 16:38:27'),
(1883, 209, 1883, 1, 0, 0, '2022-11-24 16:04:50', '2022-12-03 16:38:27'),
(1884, 209, 1884, 1, 0, 0, '2022-11-24 16:04:50', '2022-12-03 16:38:27'),
(1886, 113, 1886, 1, 0, 0, '2022-11-24 16:04:50', '2022-12-03 16:38:27'),
(1887, 113, 1887, 1, 0, 0, '2022-11-24 16:04:50', '2022-12-03 16:38:27'),
(1888, 113, 1888, 1, 0, 0, '2022-11-24 16:04:50', '2022-12-03 16:38:27'),
(1889, 113, 1889, 1, 0, 0, '2022-11-24 16:04:50', '2022-12-03 16:38:27'),
(1890, 113, 1890, 1, 0, 0, '2022-11-24 16:04:50', '2022-12-03 16:38:27'),
(1891, 113, 1891, 1, 0, 0, '2022-11-24 16:04:50', '2022-12-03 16:38:27'),
(1892, 113, 1892, 1, 0, 0, '2022-11-24 16:04:50', '2022-12-03 16:38:27'),
(1893, 113, 1893, 1, 0, 0, '2022-11-24 16:04:50', '2022-12-03 16:38:27'),
(1894, 113, 1894, 1, 0, 0, '2022-11-24 16:04:50', '2022-12-03 16:38:27'),
(1895, 113, 1895, 1, 0, 0, '2022-11-24 16:04:50', '2022-12-03 16:38:27'),
(1896, 113, 1896, 1, 0, 0, '2022-11-24 16:04:50', '2022-12-03 16:38:27'),
(1897, 113, 1897, 1, 0, 0, '2022-11-24 16:04:50', '2022-12-03 16:38:27'),
(1898, 113, 1898, 1, 0, 0, '2022-11-24 16:04:50', '2022-12-03 16:38:27'),
(1899, 113, 1899, 1, 0, 0, '2022-11-24 16:04:50', '2022-12-03 16:38:27'),
(1900, 113, 1900, 1, 0, 0, '2022-11-24 16:04:50', '2022-12-03 16:38:27'),
(1901, 12, 1901, 1, 0, 0, '2022-11-24 16:04:50', '2022-12-03 16:38:27'),
(1902, 12, 1902, 1, 0, 0, '2022-11-24 16:04:50', '2022-12-03 16:38:27'),
(1903, 12, 1903, 1, 0, 0, '2022-11-24 16:04:50', '2022-12-03 16:38:27'),
(1904, 12, 1904, 1, 0, 0, '2022-11-24 16:04:50', '2022-12-03 16:38:27'),
(1905, 12, 1905, 1, 0, 0, '2022-11-24 16:04:50', '2022-12-03 16:38:27'),
(1906, 12, 1906, 1, 0, 0, '2022-11-24 16:04:50', '2022-12-03 16:38:27'),
(1907, 12, 1907, 1, 0, 0, '2022-11-24 16:04:50', '2022-12-03 16:38:27'),
(1908, 12, 1908, 1, 0, 0, '2022-11-24 16:04:50', '2022-12-03 16:38:27'),
(1909, 12, 1909, 1, 0, 0, '2022-11-24 16:04:50', '2022-12-03 16:38:27'),
(1910, 12, 1910, 1, 0, 0, '2022-11-24 16:04:50', '2022-12-03 16:38:27'),
(1911, 12, 1911, 1, 0, 0, '2022-11-24 16:04:50', '2022-12-03 16:38:27'),
(1912, 12, 1912, 1, 0, 0, '2022-11-24 16:04:50', '2022-12-03 16:38:27'),
(1913, 12, 1913, 1, 0, 0, '2022-11-24 16:04:50', '2022-12-03 16:38:27'),
(1914, 12, 1914, 1, 0, 0, '2022-11-24 16:04:50', '2022-12-03 16:38:27'),
(1915, 12, 1915, 1, 0, 0, '2022-11-24 16:04:50', '2022-12-03 16:38:27'),
(1916, 12, 1916, 1, 0, 0, '2022-11-24 16:04:50', '2022-12-03 16:38:27'),
(1917, 12, 1917, 1, 0, 0, '2022-11-24 16:04:50', '2022-12-03 16:38:27'),
(1918, 12, 1918, 1, 0, 0, '2022-11-24 16:04:50', '2022-12-03 16:38:27'),
(1919, 12, 1919, 1, 0, 0, '2022-11-24 16:04:50', '2022-12-03 16:38:27'),
(1920, 12, 1920, 1, 0, 0, '2022-11-24 16:04:50', '2022-12-03 16:38:27'),
(1921, 12, 1921, 1, 0, 0, '2022-11-24 16:04:50', '2022-12-03 16:38:27'),
(1922, 12, 1922, 1, 0, 0, '2022-11-24 16:04:50', '2022-12-03 16:38:27'),
(1923, 12, 1923, 1, 0, 0, '2022-11-24 16:04:50', '2022-12-03 16:38:27'),
(1924, 12, 1924, 1, 0, 0, '2022-11-24 16:04:50', '2022-12-03 16:38:27'),
(1925, 12, 1925, 1, 0, 0, '2022-11-24 16:04:50', '2022-12-03 16:38:27'),
(1926, 12, 1926, 1, 0, 0, '2022-11-24 16:04:50', '2022-12-03 16:38:27'),
(1927, 12, 1927, 1, 0, 0, '2022-11-24 16:04:50', '2022-12-03 16:38:27'),
(1930, 83, 1930, 1, 0, 0, '2022-11-24 16:04:50', '2022-12-03 16:38:27'),
(1931, 83, 1931, 1, 0, 0, '2022-11-24 16:04:50', '2022-12-03 16:38:27'),
(1932, 83, 1932, 1, 0, 0, '2022-11-24 16:04:50', '2022-12-03 16:38:27'),
(1933, 83, 1933, 1, 0, 0, '2022-11-24 16:04:50', '2022-12-03 16:38:27'),
(1934, 83, 1934, 1, 0, 0, '2022-11-24 16:04:50', '2022-12-03 16:38:27'),
(1935, 83, 1935, 1, 0, 0, '2022-11-24 16:04:50', '2022-12-03 16:38:27'),
(1936, 83, 1936, 1, 0, 0, '2022-11-24 16:04:50', '2022-12-03 16:38:27'),
(1937, 83, 1937, 1, 0, 0, '2022-11-24 16:04:50', '2022-12-03 16:38:27'),
(1938, 83, 1938, 1, 0, 0, '2022-11-24 16:04:50', '2022-12-03 16:38:27'),
(1939, 83, 1939, 1, 0, 0, '2022-11-24 16:04:50', '2022-12-03 16:38:27'),
(1943, 83, 1943, 1, 0, 0, '2022-11-24 16:04:50', '2022-12-03 16:38:27'),
(1944, 83, 1944, 1, 0, 0, '2022-11-24 16:04:50', '2022-12-03 16:38:27'),
(1945, 83, 1945, 1, 0, 0, '2022-11-24 16:04:50', '2022-12-03 16:38:27'),
(1946, 83, 1946, 1, 0, 0, '2022-11-24 16:04:50', '2022-12-03 16:38:27'),
(1947, 83, 1947, 1, 0, 0, '2022-11-24 16:04:50', '2022-12-03 16:38:27'),
(1948, 83, 1948, 1, 0, 0, '2022-11-24 16:04:50', '2022-12-03 16:38:27'),
(1949, 83, 1949, 1, 0, 0, '2022-11-24 16:04:50', '2022-12-03 16:38:27'),
(1950, 83, 1950, 1, 0, 0, '2022-11-24 16:04:50', '2022-12-03 16:38:27'),
(1951, 83, 1951, 1, 0, 0, '2022-11-24 16:04:50', '2022-12-03 16:38:27'),
(1952, 83, 1952, 1, 0, 0, '2022-11-24 16:04:50', '2022-12-03 16:38:27'),
(1953, 83, 1953, 1, 0, 0, '2022-11-24 16:04:50', '2022-12-03 16:38:27'),
(1954, 83, 1954, 1, 0, 0, '2022-11-24 16:04:50', '2022-12-03 16:38:27'),
(1956, 83, 1956, 1, 0, 0, '2022-11-24 16:04:50', '2022-12-03 16:38:27'),
(1957, 83, 1957, 1, 0, 0, '2022-11-24 16:04:50', '2022-12-03 16:38:27'),
(1958, 83, 1958, 1, 0, 0, '2022-11-24 16:04:50', '2022-12-03 16:38:27'),
(1959, 83, 1959, 1, 0, 0, '2022-11-24 16:04:50', '2022-12-03 16:38:27'),
(1960, 83, 1960, 1, 0, 0, '2022-11-24 16:04:50', '2022-12-03 16:38:27'),
(1961, 83, 1961, 1, 0, 0, '2022-11-24 16:04:50', '2022-12-03 16:38:27'),
(1962, 83, 1962, 1, 0, 0, '2022-11-24 16:04:50', '2022-12-03 16:38:27'),
(1964, 83, 1964, 1, 0, 0, '2022-11-24 16:04:50', '2022-12-03 16:38:27'),
(1965, 83, 1965, 1, 0, 0, '2022-11-24 16:04:50', '2022-12-03 16:38:27'),
(1966, 35, 1966, 1, 0, 0, '2022-11-24 16:04:50', '2022-12-03 16:38:27'),
(1967, 35, 1967, 1, 0, 0, '2022-11-24 16:04:50', '2022-12-03 16:38:27'),
(1968, 35, 1968, 1, 0, 0, '2022-11-24 16:04:50', '2022-12-03 16:38:27'),
(1969, 35, 1969, 1, 0, 0, '2022-11-24 16:04:50', '2022-12-03 16:38:27'),
(1970, 35, 1970, 1, 0, 0, '2022-11-24 16:04:50', '2022-12-03 16:38:27'),
(1971, 35, 1971, 1, 0, 0, '2022-11-24 16:04:50', '2022-12-03 16:38:27'),
(1972, 35, 1972, 1, 0, 0, '2022-11-24 16:04:50', '2022-12-03 16:38:27'),
(1973, 35, 1973, 1, 0, 0, '2022-11-24 16:04:50', '2022-12-03 16:38:27'),
(1974, 35, 1974, 1, 0, 0, '2022-11-24 16:04:50', '2022-12-03 16:38:27'),
(1975, 35, 1975, 1, 0, 0, '2022-11-24 16:04:50', '2022-12-03 16:38:27'),
(1976, 35, 1976, 1, 0, 0, '2022-11-24 16:04:50', '2022-12-03 16:38:27'),
(1977, 35, 1977, 1, 0, 0, '2022-11-24 16:04:50', '2022-12-03 16:38:27'),
(1978, 35, 1978, 1, 0, 0, '2022-11-24 16:04:50', '2022-12-03 16:38:27'),
(1979, 35, 1979, 1, 0, 0, '2022-11-24 16:04:50', '2022-12-03 16:38:27'),
(1980, 35, 1980, 1, 0, 0, '2022-11-24 16:04:50', '2022-12-03 16:38:27'),
(1981, 35, 1981, 1, 0, 0, '2022-11-24 16:04:50', '2022-12-03 16:38:27'),
(1982, 35, 1982, 1, 0, 0, '2022-11-24 16:04:50', '2022-12-03 16:38:27'),
(1983, 35, 1983, 1, 0, 0, '2022-11-24 16:04:50', '2022-12-03 16:38:27'),
(1984, 35, 1984, 1, 0, 0, '2022-11-24 16:04:50', '2022-12-03 16:38:27'),
(1985, 35, 1985, 1, 0, 0, '2022-11-24 16:04:50', '2022-12-03 16:38:27'),
(1986, 35, 1986, 1, 0, 0, '2022-11-24 16:04:50', '2022-12-03 16:38:27'),
(1987, 35, 1987, 1, 0, 0, '2022-11-24 16:04:50', '2022-12-03 16:38:27'),
(1988, 35, 1988, 1, 0, 0, '2022-11-24 16:04:50', '2022-12-03 16:38:27'),
(1989, 35, 1989, 1, 0, 0, '2022-11-24 16:04:50', '2022-12-03 16:38:27'),
(1990, 35, 1990, 1, 0, 0, '2022-11-24 16:04:50', '2022-12-03 16:38:27'),
(1991, 35, 1991, 1, 0, 0, '2022-11-24 16:04:50', '2022-12-03 16:38:27'),
(1992, 35, 1992, 1, 0, 0, '2022-11-24 16:04:50', '2022-12-03 16:38:27'),
(1993, 35, 1993, 1, 0, 0, '2022-11-24 16:04:50', '2022-12-03 16:38:27'),
(1994, 35, 1994, 1, 0, 0, '2022-11-24 16:04:50', '2022-12-03 16:38:27'),
(1995, 35, 1995, 1, 0, 0, '2022-11-24 16:04:50', '2022-12-03 16:38:27'),
(1996, 35, 1996, 1, 0, 0, '2022-11-24 16:04:50', '2022-12-03 16:38:27'),
(1997, 97, 1997, 1, 0, 0, '2022-11-24 16:04:50', '2022-12-03 16:38:27'),
(1998, 97, 1998, 1, 0, 0, '2022-11-24 16:04:50', '2022-12-03 16:38:27'),
(1999, 97, 1999, 1, 0, 0, '2022-11-24 16:04:50', '2022-12-03 16:38:27'),
(2000, 97, 2000, 1, 0, 0, '2022-11-24 16:04:50', '2022-12-03 16:38:27'),
(2001, 97, 2001, 1, 0, 0, '2022-11-24 16:04:50', '2022-12-03 16:38:27'),
(2002, 97, 2002, 1, 0, 0, '2022-11-24 16:04:50', '2022-12-03 16:38:27'),
(2003, 97, 2003, 1, 0, 0, '2022-11-24 16:04:50', '2022-12-03 16:38:27'),
(2004, 97, 2004, 1, 0, 0, '2022-11-24 16:04:50', '2022-12-03 16:38:27'),
(2006, 195, 2006, 1, 0, 0, '2022-11-24 16:04:50', '2022-12-03 16:38:27'),
(2007, 195, 2007, 1, 0, 0, '2022-11-24 16:04:50', '2022-12-03 16:38:27'),
(2008, 195, 2008, 1, 0, 0, '2022-11-24 16:04:50', '2022-12-03 16:38:27'),
(2010, 1, 2010, 1, 0, 0, '2022-11-24 16:04:50', '2022-12-03 16:38:27'),
(2011, 1, 2011, 1, 0, 0, '2022-11-24 16:04:50', '2022-12-03 16:38:27'),
(2012, 1, 2012, 1, 0, 0, '2022-11-24 16:04:50', '2022-12-03 16:38:27'),
(2013, 1, 2013, 1, 0, 0, '2022-11-24 16:04:50', '2022-12-03 16:38:27'),
(2014, 1, 2014, 1, 0, 0, '2022-11-24 16:04:50', '2022-12-03 16:38:27'),
(2015, 1, 2015, 1, 0, 0, '2022-11-24 16:04:50', '2022-12-03 16:38:27'),
(2016, 1, 2016, 1, 0, 0, '2022-11-24 16:04:50', '2022-12-03 16:38:27'),
(2017, 1, 2017, 1, 0, 0, '2022-11-24 16:04:50', '2022-12-03 16:38:27'),
(2018, 27, 2018, 1, 0, 0, '2022-11-24 16:04:50', '2022-12-03 16:38:27'),
(2019, 27, 2019, 1, 0, 0, '2022-11-24 16:04:50', '2022-12-03 16:38:27'),
(2020, 27, 2020, 1, 0, 0, '2022-11-24 16:04:50', '2022-12-03 16:38:27'),
(2021, 27, 2021, 1, 0, 0, '2022-11-24 16:04:50', '2022-12-03 16:38:27'),
(2022, 27, 2022, 1, 0, 0, '2022-11-24 16:04:50', '2022-12-03 16:38:27'),
(2023, 27, 2023, 1, 0, 0, '2022-11-24 16:04:50', '2022-12-03 16:38:27'),
(2024, 27, 2024, 1, 0, 0, '2022-11-24 16:04:50', '2022-12-03 16:38:27'),
(2025, 27, 2025, 1, 0, 0, '2022-11-24 16:04:50', '2022-12-03 16:38:27'),
(2026, 27, 2026, 1, 0, 0, '2022-11-24 16:04:50', '2022-12-03 16:38:27'),
(2027, 27, 2027, 1, 0, 0, '2022-11-24 16:04:50', '2022-12-03 16:38:27'),
(2028, 27, 2028, 1, 0, 0, '2022-11-24 16:04:50', '2022-12-03 16:38:27'),
(2029, 27, 2029, 1, 0, 0, '2022-11-24 16:04:50', '2022-12-03 16:38:27'),
(2030, 27, 2030, 1, 0, 0, '2022-11-24 16:04:50', '2022-12-03 16:38:27'),
(2031, 27, 2031, 1, 0, 0, '2022-11-24 16:04:50', '2022-12-03 16:38:27'),
(2032, 27, 2032, 1, 0, 0, '2022-11-24 16:04:50', '2022-12-03 16:38:27'),
(2033, 27, 2033, 1, 0, 0, '2022-11-24 16:04:50', '2022-12-03 16:38:27'),
(2034, 27, 2034, 1, 0, 0, '2022-11-24 16:04:50', '2022-12-03 16:38:27'),
(2035, 27, 2035, 1, 0, 0, '2022-11-24 16:04:50', '2022-12-03 16:38:27'),
(2036, 27, 2036, 1, 0, 0, '2022-11-24 16:04:50', '2022-12-03 16:38:27'),
(2037, 27, 2037, 1, 0, 0, '2022-11-24 16:04:50', '2022-12-03 16:38:27'),
(2038, 27, 2038, 1, 0, 0, '2022-11-24 16:04:50', '2022-12-03 16:38:27'),
(2039, 27, 2039, 1, 0, 0, '2022-11-24 16:04:50', '2022-12-03 16:38:27'),
(2040, 27, 2040, 1, 0, 0, '2022-11-24 16:04:50', '2022-12-03 16:38:27'),
(2041, 27, 2041, 1, 0, 0, '2022-11-24 16:04:50', '2022-12-03 16:38:27'),
(2042, 27, 2042, 1, 0, 0, '2022-11-24 16:04:50', '2022-12-03 16:38:27'),
(2043, 27, 2043, 1, 0, 0, '2022-11-24 16:04:50', '2022-12-03 16:38:27'),
(2044, 50, 2044, 1, 0, 0, '2022-11-24 16:04:50', '2022-12-03 16:38:27'),
(2045, 50, 2045, 1, 0, 0, '2022-11-24 16:04:50', '2022-12-03 16:38:27'),
(2046, 50, 2046, 1, 0, 0, '2022-11-24 16:04:50', '2022-12-03 16:38:27'),
(2047, 32, 2047, 1, 0, 0, '2022-11-24 16:04:50', '2022-12-03 16:38:27'),
(2048, 32, 2048, 1, 0, 0, '2022-11-24 16:04:50', '2022-12-03 16:38:27'),
(2049, 32, 2049, 1, 0, 0, '2022-11-24 16:04:50', '2022-12-03 16:38:27'),
(2050, 32, 2050, 1, 0, 0, '2022-11-24 16:04:50', '2022-12-03 16:38:27'),
(2051, 32, 2051, 1, 0, 0, '2022-11-24 16:04:50', '2022-12-03 16:38:27'),
(2052, 32, 2052, 1, 0, 0, '2022-11-24 16:04:50', '2022-12-03 16:38:27'),
(2053, 32, 2053, 1, 0, 0, '2022-11-24 16:04:50', '2022-12-03 16:38:27'),
(2054, 32, 2054, 1, 0, 0, '2022-11-24 16:04:50', '2022-12-03 16:38:27'),
(2055, 32, 2055, 1, 0, 0, '2022-11-24 16:04:50', '2022-12-03 16:38:27'),
(2056, 32, 2056, 1, 0, 0, '2022-11-24 16:04:50', '2022-12-03 16:38:27'),
(2057, 32, 2057, 1, 0, 0, '2022-11-24 16:04:50', '2022-12-03 16:38:27'),
(2058, 32, 2058, 1, 0, 0, '2022-11-24 16:04:50', '2022-12-03 16:38:27'),
(2059, 32, 2059, 1, 0, 0, '2022-11-24 16:04:50', '2022-12-03 16:38:27'),
(2060, 19, 2060, 1, 0, 0, '2022-11-24 16:04:50', '2022-12-03 16:38:27'),
(2061, 19, 2061, 1, 0, 0, '2022-11-24 16:04:50', '2022-12-03 16:38:27'),
(2062, 19, 2062, 1, 0, 0, '2022-11-24 16:04:50', '2022-12-03 16:38:27'),
(2063, 19, 2063, 1, 0, 0, '2022-11-24 16:04:50', '2022-12-03 16:38:27'),
(2064, 19, 2064, 1, 0, 0, '2022-11-24 16:04:50', '2022-12-03 16:38:27'),
(2065, 19, 2065, 1, 0, 0, '2022-11-24 16:04:50', '2022-12-03 16:38:27'),
(2066, 19, 2066, 1, 0, 0, '2022-11-24 16:04:50', '2022-12-03 16:38:27'),
(2067, 19, 2067, 1, 0, 0, '2022-11-24 16:04:50', '2022-12-03 16:38:27'),
(2068, 19, 2068, 1, 0, 0, '2022-11-24 16:04:50', '2022-12-03 16:38:27'),
(2069, 19, 2069, 1, 0, 0, '2022-11-24 16:04:50', '2022-12-03 16:38:27'),
(2071, 19, 2071, 1, 0, 0, '2022-11-24 16:04:50', '2022-12-03 16:38:27'),
(2072, 19, 2072, 1, 0, 0, '2022-11-24 16:04:50', '2022-12-03 16:38:27'),
(2073, 138, 2073, 1, 0, 0, '2022-11-24 16:04:50', '2022-12-03 16:38:27'),
(2074, 138, 2074, 1, 0, 0, '2022-11-24 16:04:50', '2022-12-03 16:38:27'),
(2075, 138, 2075, 1, 0, 0, '2022-11-24 16:04:50', '2022-12-03 16:38:27'),
(2076, 138, 2076, 1, 0, 0, '2022-11-24 16:04:50', '2022-12-03 16:38:27'),
(2077, 138, 2077, 1, 0, 0, '2022-11-24 16:04:50', '2022-12-03 16:38:27'),
(2078, 138, 2078, 1, 0, 0, '2022-11-24 16:04:50', '2022-12-03 16:38:27'),
(2079, 138, 2079, 1, 0, 0, '2022-11-24 16:04:50', '2022-12-03 16:38:27'),
(2080, 138, 2080, 1, 0, 0, '2022-11-24 16:04:50', '2022-12-03 16:38:27'),
(2081, 138, 2081, 1, 0, 0, '2022-11-24 16:04:50', '2022-12-03 16:38:27'),
(2082, 138, 2082, 1, 0, 0, '2022-11-24 16:04:50', '2022-12-03 16:38:27'),
(2083, 138, 2083, 1, 0, 0, '2022-11-24 16:04:50', '2022-12-03 16:38:27'),
(2084, 138, 2084, 1, 0, 0, '2022-11-24 16:04:50', '2022-12-03 16:38:27'),
(2085, 138, 2085, 1, 0, 0, '2022-11-24 16:04:50', '2022-12-03 16:38:27'),
(2086, 138, 2086, 1, 0, 0, '2022-11-24 16:04:50', '2022-12-03 16:38:27'),
(2087, 138, 2087, 1, 0, 0, '2022-11-24 16:04:50', '2022-12-03 16:38:27'),
(2088, 138, 2088, 1, 0, 0, '2022-11-24 16:04:50', '2022-12-03 16:38:27'),
(2089, 138, 2089, 1, 0, 0, '2022-11-24 16:04:50', '2022-12-03 16:38:27'),
(2090, 138, 2090, 1, 0, 0, '2022-11-24 16:04:50', '2022-12-03 16:38:27'),
(2091, 138, 2091, 1, 0, 0, '2022-11-24 16:04:50', '2022-12-03 16:38:27'),
(2092, 138, 2092, 1, 0, 0, '2022-11-24 16:04:50', '2022-12-03 16:38:27'),
(2093, 138, 2093, 1, 0, 0, '2022-11-24 16:04:50', '2022-12-03 16:38:27'),
(2094, 138, 2094, 1, 0, 0, '2022-11-24 16:04:50', '2022-12-03 16:38:27'),
(2095, 138, 2095, 1, 0, 0, '2022-11-24 16:04:50', '2022-12-03 16:38:27'),
(2096, 138, 2096, 1, 0, 0, '2022-11-24 16:04:50', '2022-12-03 16:38:27'),
(2097, 138, 2097, 1, 0, 0, '2022-11-24 16:04:50', '2022-12-03 16:38:27'),
(2098, 138, 2098, 1, 0, 0, '2022-11-24 16:04:50', '2022-12-03 16:38:27'),
(2099, 138, 2099, 1, 0, 0, '2022-11-24 16:04:50', '2022-12-03 16:38:27'),
(2100, 138, 2100, 1, 0, 0, '2022-11-24 16:04:50', '2022-12-03 16:38:27'),
(2101, 138, 2101, 1, 0, 0, '2022-11-24 16:04:50', '2022-12-03 16:38:27'),
(2102, 138, 2102, 1, 0, 0, '2022-11-24 16:04:50', '2022-12-03 16:38:27'),
(2103, 70, 2103, 1, 0, 0, '2022-11-24 16:04:50', '2022-12-03 16:38:27'),
(2104, 70, 2104, 1, 0, 0, '2022-11-24 16:04:50', '2022-12-03 16:38:27'),
(2105, 70, 2105, 1, 0, 0, '2022-11-24 16:04:50', '2022-12-03 16:38:27'),
(2106, 85, 2106, 1, 0, 0, '2022-11-24 16:04:50', '2022-12-03 16:38:27'),
(2108, 35, 2108, 1, 0, 0, '2022-11-24 16:04:50', '2022-12-03 16:38:27'),
(2109, 35, 2109, 1, 0, 0, '2022-11-24 16:04:50', '2022-12-03 16:38:27'),
(2110, 35, 2110, 1, 0, 0, '2022-11-24 16:04:50', '2022-12-03 16:38:27'),
(2111, 35, 2111, 1, 0, 0, '2022-11-24 16:04:50', '2022-12-03 16:38:27'),
(2112, 92, 2112, 1, 0, 0, '2022-11-24 16:04:50', '2022-12-03 16:38:27'),
(2113, 92, 2113, 1, 0, 0, '2022-11-24 16:04:50', '2022-12-03 16:38:27'),
(2114, 92, 2114, 1, 0, 0, '2022-11-24 16:04:50', '2022-12-03 16:38:27'),
(2115, 92, 2115, 1, 0, 0, '2022-11-24 16:04:50', '2022-12-03 16:38:27'),
(2116, 92, 2116, 1, 0, 0, '2022-11-24 16:04:50', '2022-12-03 16:38:27'),
(2117, 92, 2117, 1, 0, 0, '2022-11-24 16:04:50', '2022-12-03 16:38:27'),
(2118, 92, 2118, 1, 0, 0, '2022-11-24 16:04:50', '2022-12-03 16:38:27'),
(2119, 92, 2119, 1, 0, 0, '2022-11-24 16:04:50', '2022-12-03 16:38:27'),
(2120, 92, 2120, 1, 0, 0, '2022-11-24 16:04:50', '2022-12-03 16:38:27'),
(2121, 92, 2121, 1, 0, 0, '2022-11-24 16:04:50', '2022-12-03 16:38:27'),
(2122, 92, 2122, 1, 0, 0, '2022-11-24 16:04:50', '2022-12-03 16:38:27'),
(2124, 92, 2124, 1, 0, 0, '2022-11-24 16:04:50', '2022-12-03 16:38:27'),
(2126, 92, 2126, 1, 0, 0, '2022-11-24 16:04:50', '2022-12-03 16:38:27'),
(2127, 92, 2127, 1, 0, 0, '2022-11-24 16:04:50', '2022-12-03 16:38:27'),
(2128, 92, 2128, 1, 0, 0, '2022-11-24 16:04:50', '2022-12-03 16:38:27'),
(2129, 92, 2129, 1, 0, 0, '2022-11-24 16:04:50', '2022-12-03 16:38:27'),
(2131, 92, 2131, 1, 0, 0, '2022-11-24 16:04:50', '2022-12-03 16:38:27'),
(2132, 92, 2132, 1, 0, 0, '2022-11-24 16:04:50', '2022-12-03 16:38:27'),
(2133, 92, 2133, 1, 0, 0, '2022-11-24 16:04:50', '2022-12-03 16:38:27'),
(2134, 92, 2134, 1, 0, 0, '2022-11-24 16:04:50', '2022-12-03 16:38:27'),
(2137, 92, 2137, 1, 0, 0, '2022-11-24 16:04:50', '2022-12-03 16:38:27'),
(2139, 92, 2139, 1, 0, 0, '2022-11-24 16:04:50', '2022-12-03 16:38:27'),
(2140, 92, 2140, 1, 0, 0, '2022-11-24 16:04:50', '2022-12-03 16:38:27'),
(2141, 92, 2141, 1, 0, 0, '2022-11-24 16:04:50', '2022-12-03 16:38:27'),
(2143, 92, 2143, 1, 0, 0, '2022-11-24 16:04:50', '2022-12-03 16:38:27'),
(2144, 92, 2144, 1, 0, 0, '2022-11-24 16:04:50', '2022-12-03 16:38:27'),
(2145, 92, 2145, 1, 0, 0, '2022-11-24 16:04:50', '2022-12-03 16:38:27'),
(2146, 92, 2146, 1, 0, 0, '2022-11-24 16:04:50', '2022-12-03 16:38:27'),
(2147, 92, 2147, 1, 0, 0, '2022-11-24 16:04:50', '2022-12-03 16:38:27'),
(2148, 92, 2148, 1, 0, 0, '2022-11-24 16:04:50', '2022-12-03 16:38:27'),
(2149, 92, 2149, 1, 0, 0, '2022-11-24 16:04:50', '2022-12-03 16:38:27'),
(2150, 92, 2150, 1, 0, 0, '2022-11-24 16:04:50', '2022-12-03 16:38:27'),
(2154, 92, 2154, 1, 0, 0, '2022-11-24 16:04:50', '2022-12-03 16:38:27'),
(2155, 92, 2155, 1, 0, 0, '2022-11-24 16:04:50', '2022-12-03 16:38:27'),
(2156, 92, 2156, 1, 0, 0, '2022-11-24 16:04:50', '2022-12-03 16:38:27'),
(2157, 92, 2157, 1, 0, 0, '2022-11-24 16:04:50', '2022-12-03 16:38:27'),
(2158, 92, 2158, 1, 0, 0, '2022-11-24 16:04:50', '2022-12-03 16:38:27'),
(2159, 92, 2159, 1, 0, 0, '2022-11-24 16:04:50', '2022-12-03 16:38:27'),
(2160, 92, 2160, 1, 0, 0, '2022-11-24 16:04:50', '2022-12-03 16:38:27'),
(2162, 92, 2162, 1, 0, 0, '2022-11-24 16:04:50', '2022-12-03 16:38:27'),
(2163, 92, 2163, 1, 0, 0, '2022-11-24 16:04:50', '2022-12-03 16:38:27'),
(2164, 92, 2164, 1, 0, 0, '2022-11-24 16:04:50', '2022-12-03 16:38:27'),
(2165, 92, 2165, 1, 0, 0, '2022-11-24 16:04:50', '2022-12-03 16:38:27'),
(2166, 92, 2166, 1, 0, 0, '2022-11-24 16:04:50', '2022-12-03 16:38:27'),
(2167, 92, 2167, 1, 0, 0, '2022-11-24 16:04:50', '2022-12-03 16:38:27'),
(2168, 92, 2168, 1, 0, 0, '2022-11-24 16:04:50', '2022-12-03 16:38:27'),
(2169, 92, 2169, 1, 0, 0, '2022-11-24 16:04:50', '2022-12-03 16:38:27'),
(2170, 92, 2170, 1, 0, 0, '2022-11-24 16:04:50', '2022-12-03 16:38:27'),
(2172, 92, 2172, 1, 0, 0, '2022-11-24 16:04:50', '2022-12-03 16:38:27'),
(2173, 92, 2173, 1, 0, 0, '2022-11-24 16:04:50', '2022-12-03 16:38:27'),
(2174, 92, 2174, 1, 0, 0, '2022-11-24 16:04:50', '2022-12-03 16:38:27'),
(2175, 92, 2175, 1, 0, 0, '2022-11-24 16:04:50', '2022-12-03 16:38:27'),
(2176, 92, 2176, 1, 0, 0, '2022-11-24 16:04:50', '2022-12-03 16:38:27'),
(2177, 92, 2177, 1, 0, 0, '2022-11-24 16:04:50', '2022-12-03 16:38:27'),
(2178, 92, 2178, 1, 0, 0, '2022-11-24 16:04:50', '2022-12-03 16:38:27'),
(2180, 92, 2180, 1, 0, 0, '2022-11-24 16:04:50', '2022-12-03 16:38:27'),
(2182, 92, 2182, 1, 0, 0, '2022-11-24 16:04:50', '2022-12-03 16:38:27'),
(2183, 92, 2183, 1, 0, 0, '2022-11-24 16:04:50', '2022-12-03 16:38:27'),
(2184, 92, 2184, 1, 0, 0, '2022-11-24 16:04:50', '2022-12-03 16:38:27'),
(2185, 92, 2185, 1, 0, 0, '2022-11-24 16:04:50', '2022-12-03 16:38:27'),
(2186, 92, 2186, 1, 0, 0, '2022-11-24 16:04:50', '2022-12-03 16:38:27'),
(2187, 92, 2187, 1, 0, 0, '2022-11-24 16:04:50', '2022-12-03 16:38:27'),
(2188, 69, 2188, 1, 0, 0, '2022-11-24 16:04:50', '2022-12-03 16:38:27'),
(2189, 69, 2189, 1, 0, 0, '2022-11-24 16:04:50', '2022-12-03 16:38:27'),
(2191, 69, 2191, 1, 0, 0, '2022-11-24 16:04:50', '2022-12-03 16:38:27'),
(2192, 69, 2192, 1, 0, 0, '2022-11-24 16:04:50', '2022-12-03 16:38:27'),
(2193, 69, 2193, 1, 0, 0, '2022-11-24 16:04:50', '2022-12-03 16:38:27'),
(2194, 69, 2194, 1, 0, 0, '2022-11-24 16:04:50', '2022-12-03 16:38:27'),
(2195, 69, 2195, 1, 0, 0, '2022-11-24 16:04:50', '2022-12-03 16:38:27'),
(2196, 69, 2196, 1, 0, 0, '2022-11-24 16:04:50', '2022-12-03 16:38:27'),
(2201, 25, 2201, 1, 0, 0, '2022-11-24 16:04:50', '2022-12-03 16:38:27'),
(2202, 81, 2202, 1, 0, 0, '2022-11-24 16:04:50', '2022-12-03 16:38:27'),
(2203, 81, 2203, 1, 0, 0, '2022-11-24 16:04:50', '2022-12-03 16:38:27'),
(2204, 247, 2204, 1, 0, 0, '2023-05-03 20:34:18', '2023-05-03 20:34:18');

-- --------------------------------------------------------

--
-- Estructura de tabla para la tabla `deliverables`
--

CREATE TABLE `deliverables` (
  `id_deliverable` int(11) NOT NULL,
  `participant_number` varchar(50) NOT NULL DEFAULT '',
  `participant_pin` varchar(4) DEFAULT '-',
  `file_qr1` varchar(150) DEFAULT '-',
  `file_qr2` varchar(150) DEFAULT '-',
  `file_credential` varchar(150) DEFAULT '-',
  `file_certificate` varchar(150) DEFAULT '-',
  `file_lodging` varchar(150) DEFAULT '-',
  `checkin` tinyint(1) NOT NULL DEFAULT 0,
  `date_checkin` timestamp NOT NULL DEFAULT current_timestamp() ON UPDATE current_timestamp(),
  `available` tinyint(1) NOT NULL DEFAULT 1,
  `created_by` int(8) NOT NULL DEFAULT 0,
  `updated_by` int(8) NOT NULL DEFAULT 0,
  `created_at` timestamp NOT NULL DEFAULT current_timestamp(),
  `updated_at` timestamp NOT NULL DEFAULT current_timestamp() ON UPDATE current_timestamp()
) ENGINE=InnoDB DEFAULT CHARSET=latin1 COLLATE=latin1_swedish_ci;

--
-- Volcado de datos para la tabla `deliverables`
--

INSERT INTO `deliverables` (`id_deliverable`, `participant_number`, `participant_pin`, `file_qr1`, `file_qr2`, `file_credential`, `file_certificate`, `file_lodging`, `checkin`, `date_checkin`, `available`, `created_by`, `updated_by`, `created_at`, `updated_at`) VALUES
(171, 'P-MPM1', '-', '-', '-', '-', '-', '-', 0, '2024-03-22 22:27:27', 1, 0, 0, '2024-03-22 22:27:27', '2024-03-22 22:27:27'),
(172, 'P-MPM2', '-', '-', '-', '-', '-', '-', 0, '2024-03-22 22:29:00', 1, 0, 0, '2024-03-22 22:29:00', '2024-03-22 22:29:00'),
(173, 'P-MPM3', '-', '-', '-', '-', '-', '-', 0, '2024-03-22 22:30:08', 1, 0, 0, '2024-03-22 22:30:08', '2024-03-22 22:30:08'),
(174, 'P-MPM4', '-', '-', '-', '-', '-', '-', 1, '2024-03-23 20:07:11', 1, 0, 0, '2024-03-23 18:10:59', '2024-03-23 20:07:11'),
(175, 'P-ECJ5', '-', '-', '-', '-', '-', '-', 0, '2024-03-23 22:44:15', 1, 0, 0, '2024-03-23 22:44:15', '2024-03-23 22:44:15'),
(176, 'P-ECB6', '-', '-', '-', '-', '-', '-', 1, '2024-03-24 00:06:43', 1, 0, 0, '2024-03-23 22:47:48', '2024-03-24 00:06:43');

-- --------------------------------------------------------

--
-- Estructura de tabla para la tabla `document_settings`
--

CREATE TABLE `document_settings` (
  `id_document` int(10) NOT NULL,
  `id_producto` int(10) NOT NULL,
  `type_document` enum('Certificado','Diploma','-') CHARACTER SET utf8mb4 COLLATE utf8mb4_general_ci NOT NULL DEFAULT '-',
  `orientation` enum('portrait','landscape') NOT NULL,
  `image_background` varchar(200) CHARACTER SET utf8mb4 COLLATE utf8mb4_general_ci NOT NULL,
  `structure_document` text CHARACTER SET utf8mb4 COLLATE utf8mb4_general_ci NOT NULL,
  `id_font` int(10) NOT NULL DEFAULT 0,
  `available` int(1) NOT NULL DEFAULT 1
) ENGINE=InnoDB DEFAULT CHARSET=latin1 COLLATE=latin1_swedish_ci;

--
-- Volcado de datos para la tabla `document_settings`
--

INSERT INTO `document_settings` (`id_document`, `id_producto`, `type_document`, `orientation`, `image_background`, `structure_document`, `id_font`, `available`) VALUES
(1, 3, 'Certificado', 'portrait', 'Background_Certificado_3.png', '\r\n                <div class=\"content-diploma anim-skeleton orien-portrait\" id=\"contentDiploma\" style=\"background-image: url(/admin/images/design_diploma/Background_Certificado_3.png?v=1711482368464);\">  \r\n               \r\n                <div class=\"element-tag tag-name\" id=\"tagtogNameUser\" draggable=\"true\" style=\"transform: translate(154px, 125px);\" data-x=\"154\" data-y=\"125\">Nombre completo del participante</div><div class=\"element-tag tag-credit anim-skeleton\" id=\"tagtogCredits\" draggable=\"true\" style=\"transform: translate(361px, 468px);\" data-x=\"361\" data-y=\"468\">\r\n                            Texto de creditos opcionales\r\n                        </div></div>\r\n            ', 0, 0),
(2, 6, 'Certificado', 'landscape', 'Background_Certificado_6.png', '\r\n                <div class=\"content-diploma anim-skeleton orien-landscape\" id=\"contentDiploma\" style=\"background-image: url(/admin/images/design_diploma/Background_Certificado_6.png?v=1711483139942);\">  \r\n               \r\n                <div class=\"element-tag tag-name anim-skeleton\" id=\"tagtogNameUser\" draggable=\"true\" style=\"transform: translate(409px, 322px);\" data-x=\"409\" data-y=\"322\">\r\n                            Nombre completo del participante\r\n                        </div><div class=\"element-tag tag-credit anim-skeleton\" id=\"tagtogCredits\" draggable=\"true\" style=\"transform: translate(723px, 729px);\" data-x=\"723\" data-y=\"729\">\r\n                            Texto de creditos opcionales\r\n                        </div></div>\r\n            ', 0, 0),
(3, 2, 'Certificado', 'landscape', 'Background_Certificado_2.png', '\r\n                <div class=\"content-diploma anim-skeleton orien-landscape\" id=\"contentDiploma\" style=\"background-image: url(/admin/images/design_diploma/Background_Certificado_2.png?v=1711490715813);\">  \r\n               \r\n                </div>\r\n            ', 0, 0),
(4, 2, 'Certificado', 'portrait', 'Background_Certificado_2.png', '\r\n                <div class=\"content-diploma anim-skeleton orien-portrait\" id=\"contentDiploma\" style=\"background-image: url(/admin/images/design_diploma/Background_Certificado_2.png?v=1711490863210);\">  \r\n               \r\n                <div class=\"element-tag tag-name anim-skeleton\" id=\"tagtogNameUser\" draggable=\"true\" style=\"transform: translate(356px, 464px);\" data-x=\"356\" data-y=\"464\">\r\n                            Nombre completo del participante\r\n                        </div></div>\r\n            ', 0, 0),
(5, 5, 'Certificado', 'portrait', 'Background_Certificado_5.png', '\r\n                <div class=\"content-diploma anim-skeleton orien-portrait\" id=\"contentDiploma\" style=\"background-image: url(/admin/images/design_diploma/Background_Certificado_5.png?v=1711493635540);\">  \r\n               \r\n                <div class=\"element-tag tag-name\" id=\"tagtogNameUser\" draggable=\"true\" style=\"transform: translate(343px, 469px);\" data-x=\"343\" data-y=\"469\">Nombre completo del participante</div></div>\r\n            ', 0, 0),
(6, 3, 'Certificado', 'portrait', 'Background_Certificado_3.png', '\r\n                <div class=\"content-diploma anim-skeleton orien-portrait\" id=\"contentDiploma\" style=\"background-image: url(/admin/images/design_diploma/Background_Certificado_3.png?v=1711492538023);\">  \r\n               \r\n                <div class=\"element-tag tag-name anim-skeleton\" id=\"tagtogNameUser\" draggable=\"true\" style=\"transform: translate(380px, 457px);\" data-x=\"380\" data-y=\"457\">\r\n                            Nombre completo del participante\r\n                        </div></div>\r\n            ', 0, 1),
(7, 5, 'Certificado', 'portrait', 'Background_Certificado_5.png', '\r\n                <div class=\"content-diploma anim-skeleton orien-portrait\" id=\"contentDiploma\" style=\"background-image: url(/admin/images/design_diploma/Background_Certificado_5.png?v=1711495164517);\">  \r\n               \r\n                </div>\r\n            ', 0, 0),
(8, 5, 'Certificado', 'portrait', 'Background_Certificado_5.png', '\r\n                <div class=\"content-diploma anim-skeleton orien-portrait\" id=\"contentDiploma\" style=\"background-image: url(/admin/images/design_diploma/Background_Certificado_5.png?v=1712858074572);\">  \r\n               \r\n                <div class=\"element-tag tag-name anim-skeleton\" id=\"tagtogNameUser\" draggable=\"true\" style=\"transform: translate(290px, 522px); font-family: Poppins;\" data-x=\"290\" data-y=\"522\">\r\n                            Nombre completo del participante\r\n                        </div></div>\r\n            ', 1, 0),
(9, 5, 'Certificado', 'landscape', 'Background_Certificado_5.png', '\r\n                <div class=\"content-diploma anim-skeleton orien-landscape\" id=\"contentDiploma\" style=\"background-image: url(/admin/images/design_diploma/Background_Certificado_5.png?v=1714062914845);\">  \r\n               \r\n                <div class=\"element-tag tag-name anim-skeleton\" id=\"tagtogNameUser\" draggable=\"true\" style=\"transform: translate(376px, 456px); font-family: Poppins;\" data-x=\"376\" data-y=\"456\">\r\n                            Nombre completo del participante\r\n                        </div></div>\r\n            ', 1, 1);

-- --------------------------------------------------------

--
-- Estructura de tabla para la tabla `empresa`
--

CREATE TABLE `empresa` (
  `idsystemEmpresa` int(11) NOT NULL,
  `nombre_empresa` varchar(60) NOT NULL,
  `nombre_corto_empresa` varchar(20) NOT NULL,
  `rfc_empresa` varchar(13) NOT NULL,
  `telefono_empresa` varchar(15) NOT NULL,
  `email_empresa` varchar(50) NOT NULL,
  `paypal_clientid` varchar(150) DEFAULT NULL,
  `openpay_merchantid` varchar(35) DEFAULT NULL,
  `openpay_llaveprivada` varchar(50) DEFAULT NULL,
  `openpay_llavepublica` varchar(50) DEFAULT NULL,
  `openpay_sandboxmode` tinyint(1) DEFAULT 0,
  `canastas_transferencia_beneficiario` varchar(120) DEFAULT NULL,
  `canastas_transferencia_banco` varchar(70) DEFAULT NULL,
  `canastas_transferencia_clabe` varchar(20) DEFAULT NULL,
  `transferencia_beneficiario` varchar(120) DEFAULT NULL,
  `transferencia_banco` varchar(70) DEFAULT NULL,
  `transferencia_clabe` varchar(20) DEFAULT NULL,
  `establecimiento_beneficiario` varchar(120) DEFAULT NULL,
  `establecimiento_banco` varchar(70) DEFAULT NULL,
  `establecimiento_nocta` varchar(22) DEFAULT NULL,
  `establecimiento_notarjeta` varchar(22) DEFAULT NULL,
  `key_public_mp` varchar(80) NOT NULL,
  `token_secret_mp` varchar(100) NOT NULL,
  `type_pasarela` enum('MercadoPago','OpenPay','','') NOT NULL
) ENGINE=InnoDB DEFAULT CHARSET=latin1 COLLATE=latin1_swedish_ci ROW_FORMAT=DYNAMIC;

--
-- Volcado de datos para la tabla `empresa`
--

INSERT INTO `empresa` (`idsystemEmpresa`, `nombre_empresa`, `nombre_corto_empresa`, `rfc_empresa`, `telefono_empresa`, `email_empresa`, `paypal_clientid`, `openpay_merchantid`, `openpay_llaveprivada`, `openpay_llavepublica`, `openpay_sandboxmode`, `canastas_transferencia_beneficiario`, `canastas_transferencia_banco`, `canastas_transferencia_clabe`, `transferencia_beneficiario`, `transferencia_banco`, `transferencia_clabe`, `establecimiento_beneficiario`, `establecimiento_banco`, `establecimiento_nocta`, `establecimiento_notarjeta`, `key_public_mp`, `token_secret_mp`, `type_pasarela`) VALUES
(1, 'SPIVET BOLETERA', 'SPIVET BOLETERA', 'RFCRFCRFCRFC', '1111111111', 'spivet@mail.com.mx', '', 'mnabkpooq9tls05d05f3', 'sk_df0dc789aa214cc0b17f7261a9751968', 'pk_725f34d7526a48f1ac1b038b858615e1', 0, '', '', '', 'Luis Cesar Villarreal Quiroz', 'Mercado Pago', '722969010343467285', '', '', '', '', 'APP_USR-48e94dfd-7e04-4152-aade-588b11a47d17', 'APP_USR-966395776950040-110909-98030b24d6a695fdb7d652161a537634-252319780', 'MercadoPago');

-- --------------------------------------------------------

--
-- Estructura de tabla para la tabla `estados`
--

CREATE TABLE `estados` (
  `id` int(11) NOT NULL,
  `estado` varchar(100) NOT NULL
) ENGINE=InnoDB DEFAULT CHARSET=latin1 COLLATE=latin1_swedish_ci ROW_FORMAT=DYNAMIC;

--
-- Volcado de datos para la tabla `estados`
--

INSERT INTO `estados` (`id`, `estado`) VALUES
(1, 'Aguascalientes'),
(2, 'Baja California'),
(3, 'Baja California Sur'),
(4, 'Campeche'),
(5, 'Coahuila de Zaragoza'),
(6, 'Colima'),
(7, 'Chiapas'),
(8, 'Chihuahua'),
(9, 'Ciudad de México'),
(10, 'Durango'),
(11, 'Guanajuato'),
(12, 'Guerrero'),
(13, 'Hidalgo'),
(14, 'Jalisco'),
(15, 'Estado de México'),
(16, 'Michoacán de Ocampo'),
(17, 'Morelos'),
(18, 'Nayarit'),
(19, 'Nuevo León'),
(20, 'Oaxaca de Juárez'),
(21, 'Puebla'),
(22, 'Querétaro'),
(23, 'Quintana Roo'),
(24, 'San Luis Potosí'),
(25, 'Sinaloa'),
(26, 'Sonora'),
(27, 'Tabasco'),
(28, 'Tamaulipas'),
(29, 'Tlaxcala'),
(30, 'Veracruz de Ignacio de la Llave'),
(31, 'Yucatán'),
(32, 'Zacatecas'),
(33, 'Otro');

-- --------------------------------------------------------

--
-- Estructura de tabla para la tabla `estados_municipios`
--

CREATE TABLE `estados_municipios` (
  `id` int(11) NOT NULL,
  `estados_id` int(11) NOT NULL,
  `municipios_id` int(11) NOT NULL
) ENGINE=InnoDB DEFAULT CHARSET=latin1 COLLATE=latin1_swedish_ci ROW_FORMAT=DYNAMIC;

--
-- Volcado de datos para la tabla `estados_municipios`
--

INSERT INTO `estados_municipios` (`id`, `estados_id`, `municipios_id`) VALUES
(1, 1, 1),
(2, 1, 2),
(3, 1, 3),
(4, 1, 4),
(5, 1, 5),
(6, 1, 6),
(7, 1, 7),
(8, 1, 8),
(9, 1, 9),
(10, 1, 10),
(11, 1, 11),
(12, 2, 12),
(13, 2, 13),
(14, 2, 14),
(15, 2, 15),
(16, 2, 16),
(17, 3, 17),
(18, 3, 18),
(19, 3, 19),
(20, 3, 20),
(21, 3, 21),
(22, 4, 22),
(23, 4, 23),
(24, 4, 24),
(25, 4, 25),
(26, 4, 26),
(27, 4, 27),
(28, 4, 28),
(29, 4, 29),
(30, 4, 30),
(31, 4, 31),
(32, 4, 32),
(33, 5, 33),
(34, 5, 34),
(35, 5, 35),
(36, 5, 36),
(37, 5, 37),
(38, 5, 38),
(39, 5, 39),
(40, 5, 40),
(41, 5, 41),
(42, 5, 42),
(43, 5, 43),
(44, 5, 44),
(45, 5, 45),
(46, 5, 46),
(47, 5, 47),
(48, 5, 48),
(49, 5, 49),
(50, 5, 50),
(51, 5, 51),
(52, 5, 52),
(53, 5, 53),
(54, 5, 54),
(55, 5, 55),
(56, 5, 56),
(57, 5, 57),
(58, 5, 58),
(59, 5, 59),
(60, 5, 60),
(61, 5, 61),
(62, 5, 62),
(63, 5, 63),
(64, 5, 64),
(65, 5, 65),
(66, 5, 66),
(67, 5, 67),
(68, 5, 68),
(69, 5, 69),
(70, 5, 70),
(71, 6, 71),
(72, 6, 72),
(73, 6, 73),
(74, 6, 74),
(75, 6, 75),
(76, 6, 76),
(77, 6, 77),
(78, 6, 78),
(79, 6, 79),
(80, 6, 80),
(81, 7, 81),
(82, 7, 82),
(83, 7, 83),
(84, 7, 84),
(85, 7, 85),
(86, 7, 86),
(87, 7, 87),
(88, 7, 88),
(89, 7, 89),
(90, 7, 90),
(91, 7, 91),
(92, 7, 92),
(93, 7, 93),
(94, 7, 94),
(95, 7, 95),
(96, 7, 96),
(97, 7, 97),
(98, 7, 98),
(99, 7, 99),
(100, 7, 100),
(101, 7, 101),
(102, 7, 102),
(103, 7, 103),
(104, 7, 104),
(105, 7, 105),
(106, 7, 106),
(107, 7, 107),
(108, 7, 108),
(109, 7, 109),
(110, 7, 110),
(111, 7, 111),
(112, 7, 112),
(113, 7, 113),
(114, 7, 114),
(115, 7, 115),
(116, 7, 116),
(117, 7, 117),
(118, 7, 118),
(119, 7, 119),
(120, 7, 120),
(121, 7, 121),
(122, 7, 122),
(123, 7, 123),
(124, 7, 124),
(125, 7, 125),
(126, 7, 126),
(127, 7, 127),
(128, 7, 128),
(129, 7, 129),
(130, 7, 130),
(131, 7, 131),
(132, 7, 132),
(133, 7, 133),
(134, 7, 134),
(135, 7, 135),
(136, 7, 136),
(137, 7, 137),
(138, 7, 138),
(139, 7, 139),
(140, 7, 140),
(141, 7, 141),
(142, 7, 142),
(143, 7, 143),
(144, 7, 144),
(145, 7, 145),
(146, 7, 146),
(147, 7, 147),
(148, 7, 148),
(149, 7, 149),
(150, 7, 150),
(151, 7, 151),
(152, 7, 152),
(153, 7, 153),
(154, 7, 154),
(155, 7, 155),
(156, 7, 156),
(157, 7, 157),
(158, 7, 158),
(159, 7, 159),
(160, 7, 160),
(161, 7, 161),
(162, 7, 162),
(163, 7, 163),
(164, 7, 164),
(165, 7, 165),
(166, 7, 166),
(167, 7, 167),
(168, 7, 168),
(169, 7, 169),
(170, 7, 170),
(171, 7, 171),
(172, 7, 172),
(173, 7, 173),
(174, 7, 174),
(175, 7, 175),
(176, 7, 176),
(177, 7, 177),
(178, 7, 178),
(179, 7, 179),
(180, 7, 180),
(181, 7, 181),
(182, 7, 182),
(183, 7, 183),
(184, 7, 184),
(185, 7, 185),
(186, 7, 186),
(187, 7, 187),
(188, 7, 188),
(189, 7, 189),
(190, 7, 190),
(191, 7, 191),
(192, 7, 192),
(193, 7, 193),
(194, 7, 194),
(195, 7, 195),
(196, 7, 196),
(197, 7, 197),
(198, 7, 198),
(199, 8, 199),
(200, 8, 200),
(201, 8, 201),
(202, 8, 202),
(203, 8, 203),
(204, 8, 204),
(205, 8, 205),
(206, 8, 206),
(207, 8, 207),
(208, 8, 208),
(209, 8, 209),
(210, 8, 210),
(211, 8, 211),
(212, 8, 212),
(213, 8, 213),
(214, 8, 214),
(215, 8, 215),
(216, 8, 216),
(217, 8, 217),
(218, 8, 218),
(219, 8, 219),
(220, 8, 220),
(221, 8, 221),
(222, 8, 222),
(223, 8, 223),
(224, 8, 224),
(225, 8, 225),
(226, 8, 226),
(227, 8, 227),
(228, 8, 228),
(229, 8, 229),
(230, 8, 230),
(231, 8, 231),
(232, 8, 232),
(233, 8, 233),
(234, 8, 234),
(235, 8, 235),
(236, 8, 236),
(237, 8, 237),
(238, 8, 238),
(239, 8, 239),
(240, 8, 240),
(241, 8, 241),
(242, 8, 242),
(243, 8, 243),
(244, 8, 244),
(245, 8, 245),
(246, 8, 246),
(247, 8, 247),
(248, 8, 248),
(249, 8, 249),
(250, 8, 250),
(251, 8, 251),
(252, 8, 252),
(253, 8, 253),
(254, 8, 254),
(255, 8, 255),
(256, 8, 256),
(257, 8, 257),
(258, 8, 258),
(259, 8, 259),
(260, 8, 260),
(261, 8, 261),
(262, 8, 262),
(263, 8, 263),
(264, 8, 264),
(265, 8, 265),
(266, 9, 266),
(267, 9, 267),
(268, 9, 268),
(269, 9, 269),
(270, 9, 270),
(271, 9, 271),
(272, 9, 272),
(273, 9, 273),
(274, 9, 274),
(275, 9, 275),
(276, 9, 276),
(277, 9, 277),
(278, 9, 278),
(279, 9, 279),
(280, 9, 280),
(281, 9, 281),
(282, 10, 282),
(283, 10, 283),
(284, 10, 284),
(285, 10, 285),
(286, 10, 286),
(287, 10, 287),
(288, 10, 288),
(289, 10, 289),
(290, 10, 290),
(291, 10, 291),
(292, 10, 292),
(293, 10, 293),
(294, 10, 294),
(295, 10, 295),
(296, 10, 296),
(297, 10, 297),
(298, 10, 298),
(299, 10, 299),
(300, 10, 300),
(301, 10, 301),
(302, 10, 302),
(303, 10, 303),
(304, 10, 304),
(305, 10, 305),
(306, 10, 306),
(307, 10, 307),
(308, 10, 308),
(309, 10, 309),
(310, 10, 310),
(311, 10, 311),
(312, 10, 312),
(313, 10, 313),
(314, 10, 314),
(315, 10, 315),
(316, 10, 316),
(317, 10, 317),
(318, 10, 318),
(319, 10, 319),
(320, 10, 320),
(321, 11, 321),
(322, 11, 322),
(323, 11, 323),
(324, 11, 324),
(325, 11, 325),
(326, 11, 326),
(327, 11, 327),
(328, 11, 328),
(329, 11, 329),
(330, 11, 330),
(331, 11, 331),
(332, 11, 332),
(333, 11, 333),
(334, 11, 334),
(335, 11, 335),
(336, 11, 336),
(337, 11, 337),
(338, 11, 338),
(339, 11, 339),
(340, 11, 340),
(341, 11, 341),
(342, 11, 342),
(343, 11, 343),
(344, 11, 344),
(345, 11, 345),
(346, 11, 346),
(347, 11, 347),
(348, 11, 348),
(349, 11, 349),
(350, 11, 350),
(351, 11, 351),
(352, 11, 352),
(353, 11, 353),
(354, 11, 354),
(355, 11, 355),
(356, 11, 356),
(357, 11, 357),
(358, 11, 358),
(359, 11, 359),
(360, 11, 360),
(361, 11, 361),
(362, 11, 362),
(363, 11, 363),
(364, 11, 364),
(365, 11, 365),
(366, 11, 366),
(367, 12, 367),
(368, 12, 368),
(369, 12, 369),
(370, 12, 370),
(371, 12, 371),
(372, 12, 372),
(373, 12, 373),
(374, 12, 374),
(375, 12, 375),
(376, 12, 376),
(377, 12, 377),
(378, 12, 378),
(379, 12, 379),
(380, 12, 380),
(381, 12, 381),
(382, 12, 382),
(383, 12, 383),
(384, 12, 384),
(385, 12, 385),
(386, 12, 386),
(387, 12, 387),
(388, 12, 388),
(389, 12, 389),
(390, 12, 390),
(391, 12, 391),
(392, 12, 392),
(393, 12, 393),
(394, 12, 394),
(395, 12, 395),
(396, 12, 396),
(397, 12, 397),
(398, 12, 398),
(399, 12, 399),
(400, 12, 400),
(401, 12, 401),
(402, 12, 402),
(403, 12, 403),
(404, 12, 404),
(405, 12, 405),
(406, 12, 406),
(407, 12, 407),
(408, 12, 408),
(409, 12, 409),
(410, 12, 410),
(411, 12, 411),
(412, 12, 412),
(413, 12, 413),
(414, 12, 414),
(415, 12, 415),
(416, 12, 416),
(417, 12, 417),
(418, 12, 418),
(419, 12, 419),
(420, 12, 420),
(421, 12, 421),
(422, 12, 422),
(423, 12, 423),
(424, 12, 424),
(425, 12, 425),
(426, 12, 426),
(427, 12, 427),
(428, 12, 428),
(429, 12, 429),
(430, 12, 430),
(431, 12, 431),
(432, 12, 432),
(433, 12, 433),
(434, 12, 434),
(435, 12, 435),
(436, 12, 436),
(437, 12, 437),
(438, 12, 438),
(439, 12, 439),
(440, 12, 440),
(441, 12, 441),
(442, 12, 442),
(443, 12, 443),
(444, 12, 444),
(445, 12, 445),
(446, 12, 446),
(447, 12, 447),
(448, 13, 448),
(449, 13, 449),
(450, 13, 450),
(451, 13, 451),
(452, 13, 452),
(453, 13, 453),
(454, 13, 454),
(455, 13, 455),
(456, 13, 456),
(457, 13, 457),
(458, 13, 458),
(459, 13, 459),
(460, 13, 460),
(461, 13, 461),
(462, 13, 462),
(463, 13, 463),
(464, 13, 464),
(465, 13, 465),
(466, 13, 466),
(467, 13, 467),
(468, 13, 468),
(469, 13, 469),
(470, 13, 470),
(471, 13, 471),
(472, 13, 472),
(473, 13, 473),
(474, 13, 474),
(475, 13, 475),
(476, 13, 476),
(477, 13, 477),
(478, 13, 478),
(479, 13, 479),
(480, 13, 480),
(481, 13, 481),
(482, 13, 482),
(483, 13, 483),
(484, 13, 484),
(485, 13, 485),
(486, 13, 486),
(487, 13, 487),
(488, 13, 488),
(489, 13, 489),
(490, 13, 490),
(491, 13, 491),
(492, 13, 492),
(493, 13, 493),
(494, 13, 494),
(495, 13, 495),
(496, 13, 496),
(497, 13, 497),
(498, 13, 498),
(499, 13, 499),
(500, 13, 500),
(501, 13, 501),
(502, 13, 502),
(503, 13, 503),
(504, 13, 504),
(505, 13, 505),
(506, 13, 506),
(507, 13, 507),
(508, 13, 508),
(509, 13, 509),
(510, 13, 510),
(511, 13, 511),
(512, 13, 512),
(513, 13, 513),
(514, 13, 514),
(515, 13, 515),
(516, 13, 516),
(517, 13, 517),
(518, 13, 518),
(519, 13, 519),
(520, 13, 520),
(521, 13, 521),
(522, 13, 522),
(523, 13, 523),
(524, 13, 524),
(525, 13, 525),
(526, 13, 526),
(527, 13, 527),
(528, 13, 528),
(529, 13, 529),
(530, 13, 530),
(531, 13, 531),
(532, 14, 532),
(533, 14, 533),
(534, 14, 534),
(535, 14, 535),
(536, 14, 536),
(537, 14, 537),
(538, 14, 538),
(539, 14, 539),
(540, 14, 540),
(541, 14, 541),
(542, 14, 542),
(543, 14, 543),
(544, 14, 544),
(545, 14, 545),
(546, 14, 546),
(547, 14, 547),
(548, 14, 548),
(549, 14, 549),
(550, 14, 550),
(551, 14, 551),
(552, 14, 552),
(553, 14, 553),
(554, 14, 554),
(555, 14, 555),
(556, 14, 556),
(557, 14, 557),
(558, 14, 558),
(559, 14, 559),
(560, 14, 560),
(561, 14, 561),
(562, 14, 562),
(563, 14, 563),
(564, 14, 564),
(565, 14, 565),
(566, 14, 566),
(567, 14, 567),
(568, 14, 568),
(569, 14, 569),
(570, 14, 570),
(571, 14, 571),
(572, 14, 572),
(573, 14, 573),
(574, 14, 574),
(575, 14, 575),
(576, 14, 576),
(577, 14, 577),
(578, 14, 578),
(579, 14, 579),
(580, 14, 580),
(581, 14, 581),
(582, 14, 582),
(583, 14, 583),
(584, 14, 584),
(585, 14, 585),
(586, 14, 586),
(587, 14, 587),
(588, 14, 588),
(589, 14, 589),
(590, 14, 590),
(591, 14, 591),
(592, 14, 592),
(593, 14, 593),
(594, 14, 594),
(595, 14, 595),
(596, 14, 596),
(597, 14, 597),
(598, 14, 598),
(599, 14, 599),
(600, 14, 600),
(601, 14, 601),
(602, 14, 602),
(603, 14, 603),
(604, 14, 604),
(605, 14, 605),
(606, 14, 606),
(607, 14, 607),
(608, 14, 608),
(609, 14, 609),
(610, 14, 610),
(611, 14, 611),
(612, 14, 612),
(613, 14, 613),
(614, 14, 614),
(615, 14, 615),
(616, 14, 616),
(617, 14, 617),
(618, 14, 618),
(619, 14, 619),
(620, 14, 620),
(621, 14, 621),
(622, 14, 622),
(623, 14, 623),
(624, 14, 624),
(625, 14, 625),
(626, 14, 626),
(627, 14, 627),
(628, 14, 628),
(629, 14, 629),
(630, 14, 630),
(631, 14, 631),
(632, 14, 632),
(633, 14, 633),
(634, 14, 634),
(635, 14, 635),
(636, 14, 636),
(637, 14, 637),
(638, 14, 638),
(639, 14, 639),
(640, 14, 640),
(641, 14, 641),
(642, 14, 642),
(643, 14, 643),
(644, 14, 644),
(645, 14, 645),
(646, 14, 646),
(647, 14, 647),
(648, 14, 648),
(649, 14, 649),
(650, 14, 650),
(651, 14, 651),
(652, 14, 652),
(653, 14, 653),
(654, 14, 654),
(655, 14, 655),
(656, 14, 656),
(657, 15, 657),
(658, 15, 658),
(659, 15, 659),
(660, 15, 660),
(661, 15, 661),
(662, 15, 662),
(663, 15, 663),
(664, 15, 664),
(665, 15, 665),
(666, 15, 666),
(667, 15, 667),
(668, 15, 668),
(669, 15, 669),
(670, 15, 670),
(671, 15, 671),
(672, 15, 672),
(673, 15, 673),
(674, 15, 674),
(675, 15, 675),
(676, 15, 676),
(677, 15, 677),
(678, 15, 678),
(679, 15, 679),
(680, 15, 680),
(681, 15, 681),
(682, 15, 682),
(683, 15, 683),
(684, 15, 684),
(685, 15, 685),
(686, 15, 686),
(687, 15, 687),
(688, 15, 688),
(689, 15, 689),
(690, 15, 690),
(691, 15, 691),
(692, 15, 692),
(693, 15, 693),
(694, 15, 694),
(695, 15, 695),
(696, 15, 696),
(697, 15, 697),
(698, 15, 698),
(699, 15, 699),
(700, 15, 700),
(701, 15, 701),
(702, 15, 702),
(703, 15, 703),
(704, 15, 704),
(705, 15, 705),
(706, 15, 706),
(707, 15, 707),
(708, 15, 708),
(709, 15, 709),
(710, 15, 710),
(711, 15, 711),
(712, 15, 712),
(713, 15, 713),
(714, 15, 714),
(715, 15, 715),
(716, 15, 716),
(717, 15, 717),
(718, 15, 718),
(719, 15, 719),
(720, 15, 720),
(721, 15, 721),
(722, 15, 722),
(723, 15, 723),
(724, 15, 724),
(725, 15, 725),
(726, 15, 726),
(727, 15, 727),
(728, 15, 728),
(729, 15, 729),
(730, 15, 730),
(731, 15, 731),
(732, 15, 732),
(733, 15, 733),
(734, 15, 734),
(735, 15, 735),
(736, 15, 736),
(737, 15, 737),
(738, 15, 738),
(739, 15, 739),
(740, 15, 740),
(741, 15, 741),
(742, 15, 742),
(743, 15, 743),
(744, 15, 744),
(745, 15, 745),
(746, 15, 746),
(747, 15, 747),
(748, 15, 748),
(749, 15, 749),
(750, 15, 750),
(751, 15, 751),
(752, 15, 752),
(753, 15, 753),
(754, 15, 754),
(755, 15, 755),
(756, 15, 756),
(757, 15, 757),
(758, 15, 758),
(759, 15, 759),
(760, 15, 760),
(761, 15, 761),
(762, 15, 762),
(763, 15, 763),
(764, 15, 764),
(765, 15, 765),
(766, 15, 766),
(767, 15, 767),
(768, 15, 768),
(769, 15, 769),
(770, 15, 770),
(771, 15, 771),
(772, 15, 772),
(773, 15, 773),
(774, 15, 774),
(775, 15, 775),
(776, 15, 776),
(777, 15, 777),
(778, 15, 778),
(779, 15, 779),
(780, 15, 780),
(781, 15, 781),
(782, 16, 782),
(783, 16, 783),
(784, 16, 784),
(785, 16, 785),
(786, 16, 786),
(787, 16, 787),
(788, 16, 788),
(789, 16, 789),
(790, 16, 790),
(791, 16, 791),
(792, 16, 792),
(793, 16, 793),
(794, 16, 794),
(795, 16, 795),
(796, 16, 796),
(797, 16, 797),
(798, 16, 798),
(799, 16, 799),
(800, 16, 800),
(801, 16, 801),
(802, 16, 802),
(803, 16, 803),
(804, 16, 804),
(805, 16, 805),
(806, 16, 806),
(807, 16, 807),
(808, 16, 808),
(809, 16, 809),
(810, 16, 810),
(811, 16, 811),
(812, 16, 812),
(813, 16, 813),
(814, 16, 814),
(815, 16, 815),
(816, 16, 816),
(817, 16, 817),
(818, 16, 818),
(819, 16, 819),
(820, 16, 820),
(821, 16, 821),
(822, 16, 822),
(823, 16, 823),
(824, 16, 824),
(825, 16, 825),
(826, 16, 826),
(827, 16, 827),
(828, 16, 828),
(829, 16, 829),
(830, 16, 830),
(831, 16, 831),
(832, 16, 832),
(833, 16, 833),
(834, 16, 834),
(835, 16, 835),
(836, 16, 836),
(837, 16, 837),
(838, 16, 838),
(839, 16, 839),
(840, 16, 840),
(841, 16, 841),
(842, 16, 842),
(843, 16, 843),
(844, 16, 844),
(845, 16, 845),
(846, 16, 846),
(847, 16, 847),
(848, 16, 848),
(849, 16, 849),
(850, 16, 850),
(851, 16, 851),
(852, 16, 852),
(853, 16, 853),
(854, 16, 854),
(855, 16, 855),
(856, 16, 856),
(857, 16, 857),
(858, 16, 858),
(859, 16, 859),
(860, 16, 860),
(861, 16, 861),
(862, 16, 862),
(863, 16, 863),
(864, 16, 864),
(865, 16, 865),
(866, 16, 866),
(867, 16, 867),
(868, 16, 868),
(869, 16, 869),
(870, 16, 870),
(871, 16, 871),
(872, 16, 872),
(873, 16, 873),
(874, 16, 874),
(875, 16, 875),
(876, 16, 876),
(877, 16, 877),
(878, 16, 878),
(879, 16, 879),
(880, 16, 880),
(881, 16, 881),
(882, 16, 882),
(883, 16, 883),
(884, 16, 884),
(885, 16, 885),
(886, 16, 886),
(887, 16, 887),
(888, 16, 888),
(889, 16, 889),
(890, 16, 890),
(891, 16, 891),
(892, 16, 892),
(893, 16, 893),
(894, 16, 894),
(895, 17, 895),
(896, 17, 896),
(897, 17, 897),
(898, 17, 898),
(899, 17, 899),
(900, 17, 900),
(901, 17, 901),
(902, 17, 902),
(903, 17, 903),
(904, 17, 904),
(905, 17, 905),
(906, 17, 906),
(907, 17, 907),
(908, 17, 908),
(909, 17, 909),
(910, 17, 910),
(911, 17, 911),
(912, 17, 912),
(913, 17, 913),
(914, 17, 914),
(915, 17, 915),
(916, 17, 916),
(917, 17, 917),
(918, 17, 918),
(919, 17, 919),
(920, 17, 920),
(921, 17, 921),
(922, 17, 922),
(923, 17, 923),
(924, 17, 924),
(925, 17, 925),
(926, 17, 926),
(927, 17, 927),
(928, 18, 928),
(929, 18, 929),
(930, 18, 930),
(931, 18, 931),
(932, 18, 932),
(933, 18, 933),
(934, 18, 934),
(935, 18, 935),
(936, 18, 936),
(937, 18, 937),
(938, 18, 938),
(939, 18, 939),
(940, 18, 940),
(941, 18, 941),
(942, 18, 942),
(943, 18, 943),
(944, 18, 944),
(945, 18, 945),
(946, 18, 946),
(947, 18, 947),
(948, 19, 948),
(949, 19, 949),
(950, 19, 950),
(951, 19, 951),
(952, 19, 952),
(953, 19, 953),
(954, 19, 954),
(955, 19, 955),
(956, 19, 956),
(957, 19, 957),
(958, 19, 958),
(959, 19, 959),
(960, 19, 960),
(961, 19, 961),
(962, 19, 962),
(963, 19, 963),
(964, 19, 964),
(965, 19, 965),
(966, 19, 966),
(967, 19, 967),
(968, 19, 968),
(969, 19, 969),
(970, 19, 970),
(971, 19, 971),
(972, 19, 972),
(973, 19, 973),
(974, 19, 974),
(975, 19, 975),
(976, 19, 976),
(977, 19, 977),
(978, 19, 978),
(979, 19, 979),
(980, 19, 980),
(981, 19, 981),
(982, 19, 982),
(983, 19, 983),
(984, 19, 984),
(985, 19, 985),
(986, 19, 986),
(987, 19, 987),
(988, 19, 988),
(989, 19, 989),
(990, 19, 990),
(991, 19, 991),
(992, 19, 992),
(993, 19, 993),
(994, 19, 994),
(995, 19, 995),
(996, 19, 996),
(997, 19, 997),
(998, 19, 998),
(999, 20, 999),
(1000, 20, 1000),
(1001, 20, 1001),
(1002, 20, 1002),
(1003, 20, 1003),
(1004, 20, 1004),
(1005, 20, 1005),
(1006, 20, 1006),
(1007, 20, 1007),
(1008, 20, 1008),
(1009, 20, 1009),
(1010, 20, 1010),
(1011, 20, 1011),
(1012, 20, 1012),
(1013, 20, 1013),
(1014, 20, 1014),
(1015, 20, 1015),
(1016, 20, 1016),
(1017, 20, 1017),
(1018, 20, 1018),
(1019, 20, 1019),
(1020, 20, 1020),
(1021, 20, 1021),
(1022, 20, 1022),
(1023, 20, 1023),
(1024, 20, 1024),
(1025, 20, 1025),
(1026, 20, 1026),
(1027, 20, 1027),
(1028, 20, 1028),
(1029, 20, 1029),
(1030, 20, 1030),
(1031, 20, 1031),
(1032, 20, 1032),
(1033, 20, 1033),
(1034, 20, 1034),
(1035, 20, 1035),
(1036, 20, 1036),
(1037, 20, 1037),
(1038, 20, 1038),
(1039, 20, 1039),
(1040, 20, 1040),
(1041, 20, 1041),
(1042, 20, 1042),
(1043, 20, 1043),
(1044, 20, 1044),
(1045, 20, 1045),
(1046, 20, 1046),
(1047, 20, 1047),
(1048, 20, 1048),
(1049, 20, 1049),
(1050, 20, 1050),
(1051, 20, 1051),
(1052, 20, 1052),
(1053, 20, 1053),
(1054, 20, 1054),
(1055, 20, 1055),
(1056, 20, 1056),
(1057, 20, 1057),
(1058, 20, 1058),
(1059, 20, 1059),
(1060, 20, 1060),
(1061, 20, 1061),
(1062, 20, 1062),
(1063, 20, 1063),
(1064, 20, 1064),
(1065, 20, 1065),
(1066, 20, 1066),
(1067, 20, 1067),
(1068, 20, 1068),
(1069, 20, 1069),
(1070, 20, 1070),
(1071, 20, 1071),
(1072, 20, 1072),
(1073, 20, 1073),
(1074, 20, 1074),
(1075, 20, 1075),
(1076, 20, 1076),
(1077, 20, 1077),
(1078, 20, 1078),
(1079, 20, 1079),
(1080, 20, 1080),
(1081, 20, 1081),
(1082, 20, 1082),
(1083, 20, 1083),
(1084, 20, 1084),
(1085, 20, 1085),
(1086, 20, 1086),
(1087, 20, 1087),
(1088, 20, 1088),
(1089, 20, 1089),
(1090, 20, 1090),
(1091, 20, 1091),
(1092, 20, 1092),
(1093, 20, 1093),
(1094, 20, 1094),
(1095, 20, 1095),
(1096, 20, 1096),
(1097, 20, 1097),
(1098, 20, 1098),
(1099, 20, 1099),
(1100, 20, 1100),
(1101, 20, 1101),
(1102, 20, 1102),
(1103, 20, 1103),
(1104, 20, 1104),
(1105, 20, 1105),
(1106, 20, 1106),
(1107, 20, 1107),
(1108, 20, 1108),
(1109, 20, 1109),
(1110, 20, 1110),
(1111, 20, 1111),
(1112, 20, 1112),
(1113, 20, 1113),
(1114, 20, 1114),
(1115, 20, 1115),
(1116, 20, 1116),
(1117, 20, 1117),
(1118, 20, 1118),
(1119, 20, 1119),
(1120, 20, 1120),
(1121, 20, 1121),
(1122, 20, 1122),
(1123, 20, 1123),
(1124, 20, 1124),
(1125, 20, 1125),
(1126, 20, 1126),
(1127, 20, 1127),
(1128, 20, 1128),
(1129, 20, 1129),
(1130, 20, 1130),
(1131, 20, 1131),
(1132, 20, 1132),
(1133, 20, 1133),
(1134, 20, 1134),
(1135, 20, 1135),
(1136, 20, 1136),
(1137, 20, 1137),
(1138, 20, 1138),
(1139, 20, 1139),
(1140, 20, 1140),
(1141, 20, 1141),
(1142, 20, 1142),
(1143, 20, 1143),
(1144, 20, 1144),
(1145, 20, 1145),
(1146, 20, 1146),
(1147, 20, 1147),
(1148, 20, 1148),
(1149, 20, 1149),
(1150, 20, 1150),
(1151, 20, 1151),
(1152, 20, 1152),
(1153, 20, 1153),
(1154, 20, 1154),
(1155, 20, 1155),
(1156, 20, 1156),
(1157, 20, 1157),
(1158, 20, 1158),
(1159, 20, 1159),
(1160, 20, 1160),
(1161, 20, 1161),
(1162, 20, 1162),
(1163, 20, 1163),
(1164, 20, 1164),
(1165, 20, 1165),
(1166, 20, 1166),
(1167, 20, 1167),
(1168, 20, 1168),
(1169, 20, 1169),
(1170, 20, 1170),
(1171, 20, 1171),
(1172, 20, 1172),
(1173, 20, 1173),
(1174, 20, 1174),
(1175, 20, 1175),
(1176, 20, 1176),
(1177, 20, 1177),
(1178, 20, 1178),
(1179, 20, 1179),
(1180, 20, 1180),
(1181, 20, 1181),
(1182, 20, 1182),
(1183, 20, 1183),
(1184, 20, 1184),
(1185, 20, 1185),
(1186, 20, 1186),
(1187, 20, 1187),
(1188, 20, 1188),
(1189, 20, 1189),
(1190, 20, 1190),
(1191, 20, 1191),
(1192, 20, 1192),
(1193, 20, 1193),
(1194, 20, 1194),
(1195, 20, 1195),
(1196, 20, 1196),
(1197, 20, 1197),
(1198, 20, 1198),
(1199, 20, 1199),
(1200, 20, 1200),
(1201, 20, 1201),
(1202, 20, 1202),
(1203, 20, 1203),
(1204, 20, 1204),
(1205, 20, 1205),
(1206, 20, 1206),
(1207, 20, 1207),
(1208, 20, 1208),
(1209, 20, 1209),
(1210, 20, 1210),
(1211, 20, 1211),
(1212, 20, 1212),
(1213, 20, 1213),
(1214, 20, 1214),
(1215, 20, 1215),
(1216, 20, 1216),
(1217, 20, 1217),
(1218, 20, 1218),
(1219, 20, 1219),
(1220, 20, 1220),
(1221, 20, 1221),
(1222, 20, 1222),
(1223, 20, 1223),
(1224, 20, 1224),
(1225, 20, 1225),
(1226, 20, 1226),
(1227, 20, 1227),
(1228, 20, 1228),
(1229, 20, 1229),
(1230, 20, 1230),
(1231, 20, 1231),
(1232, 20, 1232),
(1233, 20, 1233),
(1234, 20, 1234),
(1235, 20, 1235),
(1236, 20, 1236),
(1237, 20, 1237),
(1238, 20, 1238),
(1239, 20, 1239),
(1240, 20, 1240),
(1241, 20, 1241),
(1242, 20, 1242),
(1243, 20, 1243),
(1244, 20, 1244),
(1245, 20, 1245),
(1246, 20, 1246),
(1247, 20, 1247),
(1248, 20, 1248),
(1249, 20, 1249),
(1250, 20, 1250),
(1251, 20, 1251),
(1252, 20, 1252),
(1253, 20, 1253),
(1254, 20, 1254),
(1255, 20, 1255),
(1256, 20, 1256),
(1257, 20, 1257),
(1258, 20, 1258),
(1259, 20, 1259),
(1260, 20, 1260),
(1261, 20, 1261),
(1262, 20, 1262),
(1263, 20, 1263),
(1264, 20, 1264),
(1265, 20, 1265),
(1266, 20, 1266),
(1267, 20, 1267),
(1268, 20, 1268),
(1269, 20, 1269),
(1270, 20, 1270),
(1271, 20, 1271),
(1272, 20, 1272),
(1273, 20, 1273),
(1274, 20, 1274),
(1275, 20, 1275),
(1276, 20, 1276),
(1277, 20, 1277),
(1278, 20, 1278),
(1279, 20, 1279),
(1280, 20, 1280),
(1281, 20, 1281),
(1282, 20, 1282),
(1283, 20, 1283),
(1284, 20, 1284),
(1285, 20, 1285),
(1286, 20, 1286),
(1287, 20, 1287),
(1288, 20, 1288),
(1289, 20, 1289),
(1290, 20, 1290),
(1291, 20, 1291),
(1292, 20, 1292),
(1293, 20, 1293),
(1294, 20, 1294),
(1295, 20, 1295),
(1296, 20, 1296),
(1297, 20, 1297),
(1298, 20, 1298),
(1299, 20, 1299),
(1300, 20, 1300),
(1301, 20, 1301),
(1302, 20, 1302),
(1303, 20, 1303),
(1304, 20, 1304),
(1305, 20, 1305),
(1306, 20, 1306),
(1307, 20, 1307),
(1308, 20, 1308),
(1309, 20, 1309),
(1310, 20, 1310),
(1311, 20, 1311),
(1312, 20, 1312),
(1313, 20, 1313),
(1314, 20, 1314),
(1315, 20, 1315),
(1316, 20, 1316),
(1317, 20, 1317),
(1318, 20, 1318),
(1319, 20, 1319),
(1320, 20, 1320),
(1321, 20, 1321),
(1322, 20, 1322),
(1323, 20, 1323),
(1324, 20, 1324),
(1325, 20, 1325),
(1326, 20, 1326),
(1327, 20, 1327),
(1328, 20, 1328),
(1329, 20, 1329),
(1330, 20, 1330),
(1331, 20, 1331),
(1332, 20, 1332),
(1333, 20, 1333),
(1334, 20, 1334),
(1335, 20, 1335),
(1336, 20, 1336),
(1337, 20, 1337),
(1338, 20, 1338),
(1339, 20, 1339),
(1340, 20, 1340),
(1341, 20, 1341),
(1342, 20, 1342),
(1343, 20, 1343),
(1344, 20, 1344),
(1345, 20, 1345),
(1346, 20, 1346),
(1347, 20, 1347),
(1348, 20, 1348),
(1349, 20, 1349),
(1350, 20, 1350),
(1351, 20, 1351),
(1352, 20, 1352),
(1353, 20, 1353),
(1354, 20, 1354),
(1355, 20, 1355),
(1356, 20, 1356),
(1357, 20, 1357),
(1358, 20, 1358),
(1359, 20, 1359),
(1360, 20, 1360),
(1361, 20, 1361),
(1362, 20, 1362),
(1363, 20, 1363),
(1364, 20, 1364),
(1365, 20, 1365),
(1366, 20, 1366),
(1367, 20, 1367),
(1368, 20, 1368),
(1369, 20, 1369),
(1370, 20, 1370),
(1371, 20, 1371),
(1372, 20, 1372),
(1373, 20, 1373),
(1374, 20, 1374),
(1375, 20, 1375),
(1376, 20, 1376),
(1377, 20, 1377),
(1378, 20, 1378),
(1379, 20, 1379),
(1380, 20, 1380),
(1381, 20, 1381),
(1382, 20, 1382),
(1383, 20, 1383),
(1384, 20, 1384),
(1385, 20, 1385),
(1386, 20, 1386),
(1387, 20, 1387),
(1388, 20, 1388),
(1389, 20, 1389),
(1390, 20, 1390),
(1391, 20, 1391),
(1392, 20, 1392),
(1393, 20, 1393),
(1394, 20, 1394),
(1395, 20, 1395),
(1396, 20, 1396),
(1397, 20, 1397),
(1398, 20, 1398),
(1399, 20, 1399),
(1400, 20, 1400),
(1401, 20, 1401),
(1402, 20, 1402),
(1403, 20, 1403),
(1404, 20, 1404),
(1405, 20, 1405),
(1406, 20, 1406),
(1407, 20, 1407),
(1408, 20, 1408),
(1409, 20, 1409),
(1410, 20, 1410),
(1411, 20, 1411),
(1412, 20, 1412),
(1413, 20, 1413),
(1414, 20, 1414),
(1415, 20, 1415),
(1416, 20, 1416),
(1417, 20, 1417),
(1418, 20, 1418),
(1419, 20, 1419),
(1420, 20, 1420),
(1421, 20, 1421),
(1422, 20, 1422),
(1423, 20, 1423),
(1424, 20, 1424),
(1425, 20, 1425),
(1426, 20, 1426),
(1427, 20, 1427),
(1428, 20, 1428),
(1429, 20, 1429),
(1430, 20, 1430),
(1431, 20, 1431),
(1432, 20, 1432),
(1433, 20, 1433),
(1434, 20, 1434),
(1435, 20, 1435),
(1436, 20, 1436),
(1437, 20, 1437),
(1438, 20, 1438),
(1439, 20, 1439),
(1440, 20, 1440),
(1441, 20, 1441),
(1442, 20, 1442),
(1443, 20, 1443),
(1444, 20, 1444),
(1445, 20, 1445),
(1446, 20, 1446),
(1447, 20, 1447),
(1448, 20, 1448),
(1449, 20, 1449),
(1450, 20, 1450),
(1451, 20, 1451),
(1452, 20, 1452),
(1453, 20, 1453),
(1454, 20, 1454),
(1455, 20, 1455),
(1456, 20, 1456),
(1457, 20, 1457),
(1458, 20, 1458),
(1459, 20, 1459),
(1460, 20, 1460),
(1461, 20, 1461),
(1462, 20, 1462),
(1463, 20, 1463),
(1464, 20, 1464),
(1465, 20, 1465),
(1466, 20, 1466),
(1467, 20, 1467),
(1468, 20, 1468),
(1469, 20, 1469),
(1470, 20, 1470),
(1471, 20, 1471),
(1472, 20, 1472),
(1473, 20, 1473),
(1474, 20, 1474),
(1475, 20, 1475),
(1476, 20, 1476),
(1477, 20, 1477),
(1478, 20, 1478),
(1479, 20, 1479),
(1480, 20, 1480),
(1481, 20, 1481),
(1482, 20, 1482),
(1483, 20, 1483),
(1484, 20, 1484),
(1485, 20, 1485),
(1486, 20, 1486),
(1487, 20, 1487),
(1488, 20, 1488),
(1489, 20, 1489),
(1490, 20, 1490),
(1491, 20, 1491),
(1492, 20, 1492),
(1493, 20, 1493),
(1494, 20, 1494),
(1495, 20, 1495),
(1496, 20, 1496),
(1497, 20, 1497),
(1498, 20, 1498),
(1499, 20, 1499),
(1500, 20, 1500),
(1501, 20, 1501),
(1502, 20, 1502),
(1503, 20, 1503),
(1504, 20, 1504),
(1505, 20, 1505),
(1506, 20, 1506),
(1507, 20, 1507),
(1508, 20, 1508),
(1509, 20, 1509),
(1510, 20, 1510),
(1511, 20, 1511),
(1512, 20, 1512),
(1513, 20, 1513),
(1514, 20, 1514),
(1515, 20, 1515),
(1516, 20, 1516),
(1517, 20, 1517),
(1518, 20, 1518),
(1519, 20, 1519),
(1520, 20, 1520),
(1521, 20, 1521),
(1522, 20, 1522),
(1523, 20, 1523),
(1524, 20, 1524),
(1525, 20, 1525),
(1526, 20, 1526),
(1527, 20, 1527),
(1528, 20, 1528),
(1529, 20, 1529),
(1530, 20, 1530),
(1531, 20, 1531),
(1532, 20, 1532),
(1533, 20, 1533),
(1534, 20, 1534),
(1535, 20, 1535),
(1536, 20, 1536),
(1537, 20, 1537),
(1538, 20, 1538),
(1539, 20, 1539),
(1540, 20, 1540),
(1541, 20, 1541),
(1542, 20, 1542),
(1543, 20, 1543),
(1544, 20, 1544),
(1545, 20, 1545),
(1546, 20, 1546),
(1547, 20, 1547),
(1548, 20, 1548),
(1549, 20, 1549),
(1550, 20, 1550),
(1551, 20, 1551),
(1552, 20, 1552),
(1553, 20, 1553),
(1554, 20, 1554),
(1555, 20, 1555),
(1556, 20, 1556),
(1557, 20, 1557),
(1558, 20, 1558),
(1559, 20, 1559),
(1560, 20, 1560),
(1561, 20, 1561),
(1562, 20, 1562),
(1563, 20, 1563),
(1564, 20, 1564),
(1565, 20, 1565),
(1566, 20, 1566),
(1567, 20, 1567),
(1568, 20, 1568),
(1569, 21, 1569),
(1570, 21, 1570),
(1571, 21, 1571),
(1572, 21, 1572),
(1573, 21, 1573),
(1574, 21, 1574),
(1575, 21, 1575),
(1576, 21, 1576),
(1577, 21, 1577),
(1578, 21, 1578),
(1579, 21, 1579),
(1580, 21, 1580),
(1581, 21, 1581),
(1582, 21, 1582),
(1583, 21, 1583),
(1584, 21, 1584),
(1585, 21, 1585),
(1586, 21, 1586),
(1587, 21, 1587),
(1588, 21, 1588),
(1589, 21, 1589),
(1590, 21, 1590),
(1591, 21, 1591),
(1592, 21, 1592),
(1593, 21, 1593),
(1594, 21, 1594),
(1595, 21, 1595),
(1596, 21, 1596),
(1597, 21, 1597),
(1598, 21, 1598),
(1599, 21, 1599),
(1600, 21, 1600),
(1601, 21, 1601),
(1602, 21, 1602),
(1603, 21, 1603),
(1604, 21, 1604),
(1605, 21, 1605),
(1606, 21, 1606),
(1607, 21, 1607),
(1608, 21, 1608),
(1609, 21, 1609),
(1610, 21, 1610),
(1611, 21, 1611),
(1612, 21, 1612),
(1613, 21, 1613),
(1614, 21, 1614),
(1615, 21, 1615),
(1616, 21, 1616),
(1617, 21, 1617),
(1618, 21, 1618),
(1619, 21, 1619),
(1620, 21, 1620),
(1621, 21, 1621),
(1622, 21, 1622),
(1623, 21, 1623),
(1624, 21, 1624),
(1625, 21, 1625),
(1626, 21, 1626),
(1627, 21, 1627),
(1628, 21, 1628),
(1629, 21, 1629),
(1630, 21, 1630),
(1631, 21, 1631),
(1632, 21, 1632),
(1633, 21, 1633),
(1634, 21, 1634),
(1635, 21, 1635),
(1636, 21, 1636),
(1637, 21, 1637),
(1638, 21, 1638),
(1639, 21, 1639),
(1640, 21, 1640),
(1641, 21, 1641),
(1642, 21, 1642),
(1643, 21, 1643),
(1644, 21, 1644),
(1645, 21, 1645),
(1646, 21, 1646),
(1647, 21, 1647),
(1648, 21, 1648),
(1649, 21, 1649),
(1650, 21, 1650),
(1651, 21, 1651),
(1652, 21, 1652),
(1653, 21, 1653),
(1654, 21, 1654),
(1655, 21, 1655),
(1656, 21, 1656),
(1657, 21, 1657),
(1658, 21, 1658),
(1659, 21, 1659),
(1660, 21, 1660),
(1661, 21, 1661),
(1662, 21, 1662),
(1663, 21, 1663),
(1664, 21, 1664),
(1665, 21, 1665),
(1666, 21, 1666),
(1667, 21, 1667),
(1668, 21, 1668),
(1669, 21, 1669),
(1670, 21, 1670),
(1671, 21, 1671),
(1672, 21, 1672),
(1673, 21, 1673),
(1674, 21, 1674),
(1675, 21, 1675),
(1676, 21, 1676),
(1677, 21, 1677),
(1678, 21, 1678),
(1679, 21, 1679),
(1680, 21, 1680),
(1681, 21, 1681),
(1682, 21, 1682),
(1683, 21, 1683),
(1684, 21, 1684),
(1685, 21, 1685),
(1686, 21, 1686),
(1687, 21, 1687),
(1688, 21, 1688),
(1689, 21, 1689),
(1690, 21, 1690),
(1691, 21, 1691),
(1692, 21, 1692),
(1693, 21, 1693),
(1694, 21, 1694),
(1695, 21, 1695),
(1696, 21, 1696),
(1697, 21, 1697),
(1698, 21, 1698),
(1699, 21, 1699),
(1700, 21, 1700),
(1701, 21, 1701),
(1702, 21, 1702),
(1703, 21, 1703),
(1704, 21, 1704),
(1705, 21, 1705),
(1706, 21, 1706),
(1707, 21, 1707),
(1708, 21, 1708),
(1709, 21, 1709),
(1710, 21, 1710),
(1711, 21, 1711),
(1712, 21, 1712),
(1713, 21, 1713),
(1714, 21, 1714),
(1715, 21, 1715),
(1716, 21, 1716),
(1717, 21, 1717),
(1718, 21, 1718),
(1719, 21, 1719),
(1720, 21, 1720),
(1721, 21, 1721),
(1722, 21, 1722),
(1723, 21, 1723),
(1724, 21, 1724),
(1725, 21, 1725),
(1726, 21, 1726),
(1727, 21, 1727),
(1728, 21, 1728),
(1729, 21, 1729),
(1730, 21, 1730),
(1731, 21, 1731),
(1732, 21, 1732),
(1733, 21, 1733),
(1734, 21, 1734),
(1735, 21, 1735),
(1736, 21, 1736),
(1737, 21, 1737),
(1738, 21, 1738),
(1739, 21, 1739),
(1740, 21, 1740),
(1741, 21, 1741),
(1742, 21, 1742),
(1743, 21, 1743),
(1744, 21, 1744),
(1745, 21, 1745),
(1746, 21, 1746),
(1747, 21, 1747),
(1748, 21, 1748),
(1749, 21, 1749),
(1750, 21, 1750),
(1751, 21, 1751),
(1752, 21, 1752),
(1753, 21, 1753),
(1754, 21, 1754),
(1755, 21, 1755),
(1756, 21, 1756),
(1757, 21, 1757),
(1758, 21, 1758),
(1759, 21, 1759),
(1760, 21, 1760),
(1761, 21, 1761),
(1762, 21, 1762),
(1763, 21, 1763),
(1764, 21, 1764),
(1765, 21, 1765),
(1766, 21, 1766),
(1767, 21, 1767),
(1768, 21, 1768),
(1769, 21, 1769),
(1770, 21, 1770),
(1771, 21, 1771),
(1772, 21, 1772),
(1773, 21, 1773),
(1774, 21, 1774),
(1775, 21, 1775),
(1776, 21, 1776),
(1777, 21, 1777),
(1778, 21, 1778),
(1779, 21, 1779),
(1780, 21, 1780),
(1781, 21, 1781),
(1782, 21, 1782),
(1783, 21, 1783),
(1784, 21, 1784),
(1785, 21, 1785),
(1786, 22, 1786),
(1787, 22, 1787),
(1788, 22, 1788),
(1789, 22, 1789),
(1790, 22, 1790),
(1791, 22, 1791),
(1792, 22, 1792),
(1793, 22, 1793),
(1794, 22, 1794),
(1795, 22, 1795),
(1796, 22, 1796),
(1797, 22, 1797),
(1798, 22, 1798),
(1799, 22, 1799),
(1800, 22, 1800),
(1801, 22, 1801),
(1802, 22, 1802),
(1803, 22, 1803),
(1804, 23, 1804),
(1805, 23, 1805),
(1806, 23, 1806),
(1807, 23, 1807),
(1808, 23, 1808),
(1809, 23, 1809),
(1810, 23, 1810),
(1811, 23, 1811),
(1812, 23, 1812),
(1813, 23, 1813),
(1814, 24, 1814),
(1815, 24, 1815),
(1816, 24, 1816),
(1817, 24, 1817),
(1818, 24, 1818),
(1819, 24, 1819),
(1820, 24, 1820),
(1821, 24, 1821),
(1822, 24, 1822),
(1823, 24, 1823),
(1824, 24, 1824),
(1825, 24, 1825),
(1826, 24, 1826),
(1827, 24, 1827),
(1828, 24, 1828),
(1829, 24, 1829),
(1830, 24, 1830),
(1831, 24, 1831),
(1832, 24, 1832),
(1833, 24, 1833),
(1834, 24, 1834),
(1835, 24, 1835),
(1836, 24, 1836),
(1837, 24, 1837),
(1838, 24, 1838),
(1839, 24, 1839),
(1840, 24, 1840),
(1841, 24, 1841),
(1842, 24, 1842),
(1843, 24, 1843),
(1844, 24, 1844),
(1845, 24, 1845),
(1846, 24, 1846),
(1847, 24, 1847),
(1848, 24, 1848),
(1849, 24, 1849),
(1850, 24, 1850),
(1851, 24, 1851),
(1852, 24, 1852),
(1853, 24, 1853),
(1854, 24, 1854),
(1855, 24, 1855),
(1856, 24, 1856),
(1857, 24, 1857),
(1858, 24, 1858),
(1859, 24, 1859),
(1860, 24, 1860),
(1861, 24, 1861),
(1862, 24, 1862),
(1863, 24, 1863),
(1864, 24, 1864),
(1865, 24, 1865),
(1866, 24, 1866),
(1867, 24, 1867),
(1868, 24, 1868),
(1869, 24, 1869),
(1870, 24, 1870),
(1871, 24, 1871),
(1872, 25, 1872),
(1873, 25, 1873),
(1874, 25, 1874),
(1875, 25, 1875),
(1876, 25, 1876),
(1877, 25, 1877),
(1878, 25, 1878),
(1879, 25, 1879),
(1880, 25, 1880),
(1881, 25, 1881),
(1882, 25, 1882),
(1883, 25, 1883),
(1884, 25, 1884),
(1885, 25, 1885),
(1886, 25, 1886),
(1887, 25, 1887),
(1888, 25, 1888),
(1889, 25, 1889),
(1890, 26, 1890),
(1891, 26, 1891),
(1892, 26, 1892),
(1893, 26, 1893),
(1894, 26, 1894),
(1895, 26, 1895),
(1896, 26, 1896),
(1897, 26, 1897),
(1898, 26, 1898),
(1899, 26, 1899),
(1900, 26, 1900),
(1901, 26, 1901),
(1902, 26, 1902),
(1903, 26, 1903),
(1904, 26, 1904),
(1905, 26, 1905),
(1906, 26, 1906),
(1907, 26, 1907),
(1908, 26, 1908),
(1909, 26, 1909),
(1910, 26, 1910),
(1911, 26, 1911),
(1912, 26, 1912),
(1913, 26, 1913),
(1914, 26, 1914),
(1915, 26, 1915),
(1916, 26, 1916),
(1917, 26, 1917),
(1918, 26, 1918),
(1919, 26, 1919),
(1920, 26, 1920),
(1921, 26, 1921),
(1922, 26, 1922),
(1923, 26, 1923),
(1924, 26, 1924),
(1925, 26, 1925),
(1926, 26, 1926),
(1927, 26, 1927),
(1928, 26, 1928),
(1929, 26, 1929),
(1930, 26, 1930),
(1931, 26, 1931),
(1932, 26, 1932),
(1933, 26, 1933),
(1934, 26, 1934),
(1935, 26, 1935),
(1936, 26, 1936),
(1937, 26, 1937),
(1938, 26, 1938),
(1939, 26, 1939),
(1940, 26, 1940),
(1941, 26, 1941),
(1942, 26, 1942),
(1943, 26, 1943),
(1944, 26, 1944),
(1945, 26, 1945),
(1946, 26, 1946),
(1947, 26, 1947),
(1948, 26, 1948),
(1949, 26, 1949),
(1950, 26, 1950),
(1951, 26, 1951),
(1952, 26, 1952),
(1953, 26, 1953),
(1954, 26, 1954),
(1955, 26, 1955),
(1956, 26, 1956),
(1957, 26, 1957),
(1958, 26, 1958),
(1959, 26, 1959),
(1960, 26, 1960),
(1961, 26, 1961),
(1962, 27, 1962),
(1963, 27, 1963),
(1964, 27, 1964),
(1965, 27, 1965),
(1966, 27, 1966),
(1967, 27, 1967),
(1968, 27, 1968),
(1969, 27, 1969),
(1970, 27, 1970),
(1971, 27, 1971),
(1972, 27, 1972),
(1973, 27, 1973),
(1974, 27, 1974),
(1975, 27, 1975),
(1976, 27, 1976),
(1977, 27, 1977),
(1978, 27, 1978),
(1979, 28, 1979),
(1980, 28, 1980),
(1981, 28, 1981),
(1982, 28, 1982),
(1983, 28, 1983),
(1984, 28, 1984),
(1985, 28, 1985),
(1986, 28, 1986),
(1987, 28, 1987),
(1988, 28, 1988),
(1989, 28, 1989),
(1990, 28, 1990),
(1991, 28, 1991),
(1992, 28, 1992),
(1993, 28, 1993),
(1994, 28, 1994),
(1995, 28, 1995),
(1996, 28, 1996),
(1997, 28, 1997),
(1998, 28, 1998),
(1999, 28, 1999),
(2000, 28, 2000),
(2001, 28, 2001),
(2002, 28, 2002),
(2003, 28, 2003),
(2004, 28, 2004),
(2005, 28, 2005),
(2006, 28, 2006),
(2007, 28, 2007),
(2008, 28, 2008),
(2009, 28, 2009),
(2010, 28, 2010),
(2011, 28, 2011),
(2012, 28, 2012),
(2013, 28, 2013),
(2014, 28, 2014),
(2015, 28, 2015),
(2016, 28, 2016),
(2017, 28, 2017),
(2018, 28, 2018),
(2019, 28, 2019),
(2020, 28, 2020),
(2021, 28, 2021),
(2022, 29, 2022),
(2023, 29, 2023),
(2024, 29, 2024),
(2025, 29, 2025),
(2026, 29, 2026),
(2027, 29, 2027),
(2028, 29, 2028),
(2029, 29, 2029),
(2030, 29, 2030),
(2031, 29, 2031),
(2032, 29, 2032),
(2033, 29, 2033),
(2034, 29, 2034),
(2035, 29, 2035),
(2036, 29, 2036),
(2037, 29, 2037),
(2038, 29, 2038),
(2039, 29, 2039),
(2040, 29, 2040),
(2041, 29, 2041),
(2042, 29, 2042),
(2043, 29, 2043),
(2044, 29, 2044),
(2045, 29, 2045),
(2046, 29, 2046),
(2047, 29, 2047),
(2048, 29, 2048),
(2049, 29, 2049),
(2050, 29, 2050),
(2051, 29, 2051),
(2052, 29, 2052),
(2053, 29, 2053),
(2054, 29, 2054),
(2055, 29, 2055),
(2056, 29, 2056),
(2057, 29, 2057),
(2058, 29, 2058),
(2059, 29, 2059),
(2060, 29, 2060),
(2061, 29, 2061),
(2062, 29, 2062),
(2063, 29, 2063),
(2064, 29, 2064),
(2065, 29, 2065),
(2066, 29, 2066),
(2067, 29, 2067),
(2068, 29, 2068),
(2069, 29, 2069),
(2070, 29, 2070),
(2071, 29, 2071),
(2072, 29, 2072),
(2073, 29, 2073),
(2074, 29, 2074),
(2075, 29, 2075),
(2076, 29, 2076),
(2077, 29, 2077),
(2078, 29, 2078),
(2079, 29, 2079),
(2080, 29, 2080),
(2081, 29, 2081),
(2082, 30, 2082),
(2083, 30, 2083),
(2084, 30, 2084),
(2085, 30, 2085),
(2086, 30, 2086),
(2087, 30, 2087),
(2088, 30, 2088),
(2089, 30, 2089),
(2090, 30, 2090),
(2091, 30, 2091),
(2092, 30, 2092),
(2093, 30, 2093),
(2094, 30, 2094),
(2095, 30, 2095),
(2096, 30, 2096),
(2097, 30, 2097),
(2098, 30, 2098),
(2099, 30, 2099),
(2100, 30, 2100),
(2101, 30, 2101),
(2102, 30, 2102),
(2103, 30, 2103),
(2104, 30, 2104),
(2105, 30, 2105),
(2106, 30, 2106),
(2107, 30, 2107),
(2108, 30, 2108),
(2109, 30, 2109),
(2110, 30, 2110),
(2111, 30, 2111),
(2112, 30, 2112),
(2113, 30, 2113),
(2114, 30, 2114),
(2115, 30, 2115),
(2116, 30, 2116),
(2117, 30, 2117),
(2118, 30, 2118),
(2119, 30, 2119),
(2120, 30, 2120),
(2121, 30, 2121),
(2122, 30, 2122),
(2123, 30, 2123),
(2124, 30, 2124),
(2125, 30, 2125),
(2126, 30, 2126),
(2127, 30, 2127),
(2128, 30, 2128),
(2129, 30, 2129),
(2130, 30, 2130),
(2131, 30, 2131),
(2132, 30, 2132),
(2133, 30, 2133),
(2134, 30, 2134),
(2135, 30, 2135),
(2136, 30, 2136),
(2137, 30, 2137),
(2138, 30, 2138),
(2139, 30, 2139),
(2140, 30, 2140),
(2141, 30, 2141),
(2142, 30, 2142),
(2143, 30, 2143),
(2144, 30, 2144),
(2145, 30, 2145),
(2146, 30, 2146),
(2147, 30, 2147),
(2148, 30, 2148),
(2149, 30, 2149),
(2150, 30, 2150),
(2151, 30, 2151),
(2152, 30, 2152),
(2153, 30, 2153),
(2154, 30, 2154),
(2155, 30, 2155),
(2156, 30, 2156),
(2157, 30, 2157),
(2158, 30, 2158),
(2159, 30, 2159),
(2160, 30, 2160),
(2161, 30, 2161),
(2162, 30, 2162),
(2163, 30, 2163),
(2164, 30, 2164),
(2165, 30, 2165),
(2166, 30, 2166),
(2167, 30, 2167),
(2168, 30, 2168),
(2169, 30, 2169),
(2170, 30, 2170),
(2171, 30, 2171),
(2172, 30, 2172),
(2173, 30, 2173),
(2174, 30, 2174),
(2175, 30, 2175),
(2176, 30, 2176),
(2177, 30, 2177),
(2178, 30, 2178),
(2179, 30, 2179),
(2180, 30, 2180),
(2181, 30, 2181),
(2182, 30, 2182),
(2183, 30, 2183),
(2184, 30, 2184),
(2185, 30, 2185),
(2186, 30, 2186),
(2187, 30, 2187),
(2188, 30, 2188),
(2189, 30, 2189),
(2190, 30, 2190),
(2191, 30, 2191),
(2192, 30, 2192),
(2193, 30, 2193),
(2194, 30, 2194),
(2195, 30, 2195),
(2196, 30, 2196),
(2197, 30, 2197),
(2198, 30, 2198),
(2199, 30, 2199),
(2200, 30, 2200),
(2201, 30, 2201),
(2202, 30, 2202),
(2203, 30, 2203),
(2204, 30, 2204),
(2205, 30, 2205),
(2206, 30, 2206),
(2207, 30, 2207),
(2208, 30, 2208),
(2209, 30, 2209),
(2210, 30, 2210),
(2211, 30, 2211),
(2212, 30, 2212),
(2213, 30, 2213),
(2214, 30, 2214),
(2215, 30, 2215),
(2216, 30, 2216),
(2217, 30, 2217),
(2218, 30, 2218),
(2219, 30, 2219),
(2220, 30, 2220),
(2221, 30, 2221),
(2222, 30, 2222),
(2223, 30, 2223),
(2224, 30, 2224),
(2225, 30, 2225),
(2226, 30, 2226),
(2227, 30, 2227),
(2228, 30, 2228),
(2229, 30, 2229),
(2230, 30, 2230),
(2231, 30, 2231),
(2232, 30, 2232),
(2233, 30, 2233),
(2234, 30, 2234),
(2235, 30, 2235),
(2236, 30, 2236),
(2237, 30, 2237),
(2238, 30, 2238),
(2239, 30, 2239),
(2240, 30, 2240),
(2241, 30, 2241),
(2242, 30, 2242),
(2243, 30, 2243),
(2244, 30, 2244),
(2245, 30, 2245),
(2246, 30, 2246),
(2247, 30, 2247),
(2248, 30, 2248),
(2249, 30, 2249),
(2250, 30, 2250),
(2251, 30, 2251),
(2252, 30, 2252),
(2253, 30, 2253),
(2254, 30, 2254),
(2255, 30, 2255),
(2256, 30, 2256),
(2257, 30, 2257),
(2258, 30, 2258),
(2259, 30, 2259),
(2260, 30, 2260),
(2261, 30, 2261),
(2262, 30, 2262),
(2263, 30, 2263),
(2264, 30, 2264),
(2265, 30, 2265),
(2266, 30, 2266),
(2267, 30, 2267),
(2268, 30, 2268),
(2269, 30, 2269),
(2270, 30, 2270),
(2271, 30, 2271),
(2272, 30, 2272),
(2273, 30, 2273),
(2274, 30, 2274),
(2275, 30, 2275),
(2276, 30, 2276),
(2277, 30, 2277),
(2278, 30, 2278),
(2279, 30, 2279),
(2280, 30, 2280),
(2281, 30, 2281),
(2282, 30, 2282),
(2283, 30, 2283),
(2284, 30, 2284),
(2285, 30, 2285),
(2286, 30, 2286),
(2287, 30, 2287),
(2288, 30, 2288),
(2289, 30, 2289),
(2290, 30, 2290),
(2291, 30, 2291),
(2292, 30, 2292),
(2293, 30, 2293),
(2294, 31, 2294),
(2295, 31, 2295),
(2296, 31, 2296),
(2297, 31, 2297),
(2298, 31, 2298),
(2299, 31, 2299),
(2300, 31, 2300),
(2301, 31, 2301),
(2302, 31, 2302),
(2303, 31, 2303),
(2304, 31, 2304),
(2305, 31, 2305),
(2306, 31, 2306),
(2307, 31, 2307),
(2308, 31, 2308),
(2309, 31, 2309),
(2310, 31, 2310),
(2311, 31, 2311),
(2312, 31, 2312),
(2313, 31, 2313),
(2314, 31, 2314),
(2315, 31, 2315),
(2316, 31, 2316),
(2317, 31, 2317),
(2318, 31, 2318),
(2319, 31, 2319),
(2320, 31, 2320),
(2321, 31, 2321),
(2322, 31, 2322),
(2323, 31, 2323),
(2324, 31, 2324),
(2325, 31, 2325),
(2326, 31, 2326),
(2327, 31, 2327),
(2328, 31, 2328),
(2329, 31, 2329),
(2330, 31, 2330),
(2331, 31, 2331),
(2332, 31, 2332),
(2333, 31, 2333),
(2334, 31, 2334),
(2335, 31, 2335),
(2336, 31, 2336),
(2337, 31, 2337),
(2338, 31, 2338),
(2339, 31, 2339),
(2340, 31, 2340),
(2341, 31, 2341),
(2342, 31, 2342),
(2343, 31, 2343),
(2344, 31, 2344),
(2345, 31, 2345),
(2346, 31, 2346),
(2347, 31, 2347),
(2348, 31, 2348),
(2349, 31, 2349),
(2350, 31, 2350),
(2351, 31, 2351),
(2352, 31, 2352),
(2353, 31, 2353),
(2354, 31, 2354),
(2355, 31, 2355),
(2356, 31, 2356),
(2357, 31, 2357),
(2358, 31, 2358),
(2359, 31, 2359),
(2360, 31, 2360),
(2361, 31, 2361),
(2362, 31, 2362),
(2363, 31, 2363),
(2364, 31, 2364),
(2365, 31, 2365),
(2366, 31, 2366),
(2367, 31, 2367),
(2368, 31, 2368),
(2369, 31, 2369),
(2370, 31, 2370),
(2371, 31, 2371),
(2372, 31, 2372),
(2373, 31, 2373),
(2374, 31, 2374),
(2375, 31, 2375),
(2376, 31, 2376),
(2377, 31, 2377),
(2378, 31, 2378),
(2379, 31, 2379),
(2380, 31, 2380),
(2381, 31, 2381),
(2382, 31, 2382),
(2383, 31, 2383),
(2384, 31, 2384),
(2385, 31, 2385),
(2386, 31, 2386),
(2387, 31, 2387),
(2388, 31, 2388),
(2389, 31, 2389),
(2390, 31, 2390),
(2391, 31, 2391),
(2392, 31, 2392),
(2393, 31, 2393),
(2394, 31, 2394),
(2395, 31, 2395),
(2396, 31, 2396),
(2397, 31, 2397),
(2398, 31, 2398),
(2399, 31, 2399),
(2400, 32, 2400),
(2401, 32, 2401),
(2402, 32, 2402),
(2403, 32, 2403),
(2404, 32, 2404),
(2405, 32, 2405),
(2406, 32, 2406),
(2407, 32, 2407),
(2408, 32, 2408),
(2409, 32, 2409),
(2410, 32, 2410),
(2411, 32, 2411),
(2412, 32, 2412),
(2413, 32, 2413),
(2414, 32, 2414),
(2415, 32, 2415),
(2416, 32, 2416),
(2417, 32, 2417),
(2418, 32, 2418),
(2419, 32, 2419),
(2420, 32, 2420),
(2421, 32, 2421),
(2422, 32, 2422),
(2423, 32, 2423),
(2424, 32, 2424),
(2425, 32, 2425),
(2426, 32, 2426),
(2427, 32, 2427),
(2428, 32, 2428),
(2429, 32, 2429),
(2430, 32, 2430),
(2431, 32, 2431),
(2432, 32, 2432),
(2433, 32, 2433),
(2434, 32, 2434),
(2435, 32, 2435),
(2436, 32, 2436),
(2437, 32, 2437),
(2438, 32, 2438),
(2439, 32, 2439),
(2440, 32, 2440),
(2441, 32, 2441),
(2442, 32, 2442),
(2443, 32, 2443),
(2444, 32, 2444),
(2445, 32, 2445),
(2446, 32, 2446),
(2447, 32, 2447),
(2448, 32, 2448),
(2449, 32, 2449),
(2450, 32, 2450),
(2451, 32, 2451),
(2452, 32, 2452),
(2453, 32, 2453),
(2454, 32, 2454),
(2455, 32, 2455),
(2456, 32, 2456),
(2457, 32, 2457),
(2458, 33, 2458);

-- --------------------------------------------------------

--
-- Estructura de tabla para la tabla `fonts_for_desgin`
--

CREATE TABLE `fonts_for_desgin` (
  `id_font` int(10) NOT NULL,
  `name_font` varchar(50) CHARACTER SET utf8mb4 COLLATE utf8mb4_general_ci NOT NULL,
  `link_font` text CHARACTER SET utf8mb4 COLLATE utf8mb4_general_ci NOT NULL,
  `linkhtml` text NOT NULL,
  `available` int(1) NOT NULL DEFAULT 1
) ENGINE=InnoDB DEFAULT CHARSET=latin1 COLLATE=latin1_swedish_ci;

--
-- Volcado de datos para la tabla `fonts_for_desgin`
--

INSERT INTO `fonts_for_desgin` (`id_font`, `name_font`, `link_font`, `linkhtml`, `available`) VALUES
(1, 'Poppins', '@import url(\'https://fonts.googleapis.com/css2?family=Poppins:ital,wght@0,100;0,200;0,300;0,400;0,500;0,600;0,700;0,800;0,900;1,100;1,200;1,300;1,400;1,500;1,600;1,700;1,800;1,900&display=swap\');', '<link href=\"https://fonts.googleapis.com/css2?family=Poppins:ital,wght@0,100;0,200;0,300;0,400;0,500;0,600;0,700;0,800;0,900;1,100;1,200;1,300;1,400;1,500;1,600;1,700;1,800;1,900&family=Roboto:ital,wght@0,100;0,300;0,400;0,500;0,700;0,900;1,100;1,300;1,400;1,500;1,700;1,900&display=swap\" rel=\"stylesheet\">', 1),
(2, 'Roboto', '@import url(\'https://fonts.googleapis.com/css2?family=Roboto:ital,wght@0,100;0,300;0,400;0,500;0,700;0,900;1,100;1,300;1,400;1,500;1,700;1,900&display=swap\');\n', '<link href=\"https://fonts.googleapis.com/css2?family=Roboto:ital,wght@0,100;0,300;0,400;0,500;0,700;0,900;1,100;1,300;1,400;1,500;1,700;1,900&display=swap\" rel=\"stylesheet\">', 1),
(3, 'Ubuntu', '@import url(\'https://fonts.googleapis.com/css2?family=Ubuntu:ital,wght@0,300;0,400;0,500;0,700;1,300;1,400;1,500;1,700&display=swap\');', '<link href=\"https://fonts.googleapis.com/css2?family=Ubuntu:ital,wght@0,300;0,400;0,500;0,700;1,300;1,400;1,500;1,700&display=swap\" rel=\"stylesheet\">', 1);

-- --------------------------------------------------------

--
-- Estructura de tabla para la tabla `logueo`
--

CREATE TABLE `logueo` (
  `id_logueo` int(11) NOT NULL,
  `email_logueo` varchar(50) NOT NULL,
  `username_logueo` varchar(30) NOT NULL,
  `password_logueo` varchar(60) NOT NULL,
  `logueoroles_IDsystemlogueorol` int(11) NOT NULL
) ENGINE=InnoDB DEFAULT CHARSET=latin1 COLLATE=latin1_swedish_ci ROW_FORMAT=DYNAMIC;

--
-- Volcado de datos para la tabla `logueo`
--

INSERT INTO `logueo` (`id_logueo`, `email_logueo`, `username_logueo`, `password_logueo`, `logueoroles_IDsystemlogueorol`) VALUES
(1, 'admin@spivetboletera.com', 'admin@spivetboletera.com', '$2y$12$.qvPLZXRKw.hSZRwqxuX6e0ArKLp/HuKUFdIqKfKJ2loInfRJy4nC', 1),
(3, 'atencion@spivet.com.mx', 'atencion@spivet.com.mx', '$2y$12$lAHJwaTVtv0vrQCLn6bbwOU3xA.grP8M2Mh4lZDYbbCgTSHgr6FIu', 2),
(4, 'contabilidad@spivet.com.mx', 'contabilidad@spivet.com.mx', '$2y$12$twPakaPp6mUyxwwwmWyxTennqa0t5Zqq9Q6RHHwztAhTFIOQ4yOrO', 3);

-- --------------------------------------------------------

--
-- Estructura de tabla para la tabla `logueoroles`
--

CREATE TABLE `logueoroles` (
  `IDsystemlogueorol` int(11) NOT NULL,
  `tipo` varchar(25) NOT NULL
) ENGINE=InnoDB DEFAULT CHARSET=latin1 COLLATE=latin1_swedish_ci ROW_FORMAT=DYNAMIC;

--
-- Volcado de datos para la tabla `logueoroles`
--

INSERT INTO `logueoroles` (`IDsystemlogueorol`, `tipo`) VALUES
(1, 'Super admin'),
(2, 'Atencion'),
(3, 'Contabilidad');

-- --------------------------------------------------------

--
-- Estructura de tabla para la tabla `municipios`
--

CREATE TABLE `municipios` (
  `id` int(11) NOT NULL,
  `municipio` varchar(100) NOT NULL
) ENGINE=InnoDB DEFAULT CHARSET=latin1 COLLATE=latin1_swedish_ci ROW_FORMAT=DYNAMIC;

--
-- Volcado de datos para la tabla `municipios`
--

INSERT INTO `municipios` (`id`, `municipio`) VALUES
(1, 'Aguascalientes'),
(2, 'San Francisco de los Romo'),
(3, 'El Llano'),
(4, 'Rincón de Romos'),
(5, 'Cosío'),
(6, 'San José de Gracia'),
(7, 'Tepezalá'),
(8, 'Pabellón de Arteaga'),
(9, 'Asientos'),
(10, 'Calvillo'),
(11, 'Jesús María'),
(12, 'Mexicali'),
(13, 'Tecate'),
(14, 'Tijuana'),
(15, 'Playas de Rosarito'),
(16, 'Ensenada'),
(17, 'La Paz'),
(18, 'Los Cabos'),
(19, 'Comondú'),
(20, 'Loreto'),
(21, 'Mulegé'),
(22, 'Campeche'),
(23, 'Carmen'),
(24, 'Palizada'),
(25, 'Candelaria'),
(26, 'Escárcega'),
(27, 'Champotón'),
(28, 'Hopelchén'),
(29, 'Calakmul'),
(30, 'Tenabo'),
(31, 'Hecelchakán'),
(32, 'Calkiní'),
(33, 'Saltillo'),
(34, 'Arteaga'),
(35, 'Juárez'),
(36, 'Progreso'),
(37, 'Escobedo'),
(38, 'San Buenaventura'),
(39, 'Abasolo'),
(40, 'Candela'),
(41, 'Frontera'),
(42, 'Monclova'),
(43, 'Castaños'),
(44, 'Ramos Arizpe'),
(45, 'General Cepeda'),
(46, 'Piedras Negras'),
(47, 'Nava'),
(48, 'Acuña'),
(49, 'Múzquiz'),
(50, 'Jiménez'),
(51, 'Zaragoza'),
(52, 'Morelos'),
(53, 'Allende'),
(54, 'Villa Unión'),
(55, 'Guerrero'),
(56, 'Hidalgo'),
(57, 'Sabinas'),
(58, 'San Juan de Sabinas'),
(59, 'Torreón'),
(60, 'Matamoros'),
(61, 'Viesca'),
(62, 'Ocampo'),
(63, 'Nadadores'),
(64, 'Sierra Mojada'),
(65, 'Cuatro Ciénegas'),
(66, 'Lamadrid'),
(67, 'Sacramento'),
(68, 'San Pedro'),
(69, 'Francisco I. Madero'),
(70, 'Parras'),
(71, 'Colima'),
(72, 'Tecomán'),
(73, 'Manzanillo'),
(74, 'Armería'),
(75, 'Coquimatlán'),
(76, 'Comala'),
(77, 'Cuauhtémoc'),
(78, 'Ixtlahuacán'),
(79, 'Minatitlán'),
(80, 'Villa de Álvarez'),
(81, 'Tuxtla Gutiérrez'),
(82, 'San Fernando'),
(83, 'Berriozábal'),
(84, 'Ocozocoautla de Espinosa'),
(85, 'Suchiapa'),
(86, 'Chiapa de Corzo'),
(87, 'Osumacinta'),
(88, 'San Cristóbal de las Casas'),
(89, 'Chamula'),
(90, 'Ixtapa'),
(91, 'Zinacantán'),
(92, 'Acala'),
(93, 'Chiapilla'),
(94, 'San Lucas'),
(95, 'Teopisca'),
(96, 'Amatenango del Valle'),
(97, 'Chanal'),
(98, 'Oxchuc'),
(99, 'Huixtán'),
(100, 'Tenejapa'),
(101, 'Mitontic'),
(102, 'Reforma'),
(103, 'Juárez'),
(104, 'Pichucalco'),
(105, 'Sunuapa'),
(106, 'Ostuacán'),
(107, 'Francisco León'),
(108, 'Ixtacomitán'),
(109, 'Solosuchiapa'),
(110, 'Ixtapangajoya'),
(111, 'Tecpatán'),
(112, 'Copainalá'),
(113, 'Chicoasén'),
(114, 'Coapilla'),
(115, 'Pantepec'),
(116, 'Tapalapa'),
(117, 'Ocotepec'),
(118, 'Chapultenango'),
(119, 'Amatán'),
(120, 'Huitiupán'),
(121, 'Ixhuatán'),
(122, 'Tapilula'),
(123, 'Rayón'),
(124, 'Pueblo Nuevo Solistahuacán'),
(125, 'Jitotol'),
(126, 'Bochil'),
(127, 'Soyaló'),
(128, 'San Juan Cancuc'),
(129, 'Sabanilla'),
(130, 'Simojovel'),
(131, 'San Andrés Duraznal'),
(132, 'El Bosque'),
(133, 'Chalchihuitán'),
(134, 'Larráinzar'),
(135, 'Santiago el Pinar'),
(136, 'Chenalhó'),
(137, 'Aldama'),
(138, 'Pantelhó'),
(139, 'Sitalá'),
(140, 'Salto de Agua'),
(141, 'Tila'),
(142, 'Tumbalá'),
(143, 'Yajalón'),
(144, 'Ocosingo'),
(145, 'Chilón'),
(146, 'Benemérito de las Américas'),
(147, 'Marqués de Comillas'),
(148, 'Palenque'),
(149, 'La Libertad'),
(150, 'Catazajá'),
(151, 'Comitán de Domínguez'),
(152, 'Tzimol'),
(153, 'Chicomuselo'),
(154, 'Bella Vista'),
(155, 'Frontera Comalapa'),
(156, 'La Trinitaria'),
(157, 'La Independencia'),
(158, 'Maravilla Tenejapa'),
(159, 'Las Margaritas'),
(160, 'Altamirano'),
(161, 'Venustiano Carranza'),
(162, 'Totolapa'),
(163, 'Nicolás Ruíz'),
(164, 'Las Rosas'),
(165, 'La Concordia'),
(166, 'Angel Albino Corzo'),
(167, 'Montecristo de Guerrero'),
(168, 'Socoltenango'),
(169, 'Cintalapa'),
(170, 'Jiquipilas'),
(171, 'Arriaga'),
(172, 'Villaflores'),
(173, 'Tonalá'),
(174, 'Villa Corzo'),
(175, 'Pijijiapan'),
(176, 'Mapastepec'),
(177, 'Acapetahua'),
(178, 'Acacoyagua'),
(179, 'Escuintla'),
(180, 'Villa Comaltitlán'),
(181, 'Huixtla'),
(182, 'Mazatán'),
(183, 'Huehuetán'),
(184, 'Tuzantán'),
(185, 'Tapachula'),
(186, 'Suchiate'),
(187, 'Frontera Hidalgo'),
(188, 'Metapa'),
(189, 'Tuxtla Chico'),
(190, 'Unión Juárez'),
(191, 'Cacahoatán'),
(192, 'Motozintla'),
(193, 'Mazapa de Madero'),
(194, 'Amatenango de la Frontera'),
(195, 'Bejucal de Ocampo'),
(196, 'La Grandeza'),
(197, 'El Porvenir'),
(198, 'Siltepec'),
(199, 'Chihuahua'),
(200, 'Cuauhtémoc'),
(201, 'Riva Palacio'),
(202, 'Aquiles Serdán'),
(203, 'Bachíniva'),
(204, 'Guerrero'),
(205, 'Nuevo Casas Grandes'),
(206, 'Ascensión'),
(207, 'Janos'),
(208, 'Casas Grandes'),
(209, 'Galeana'),
(210, 'Buenaventura'),
(211, 'Gómez Farías'),
(212, 'Ignacio Zaragoza'),
(213, 'Madera'),
(214, 'Namiquipa'),
(215, 'Temósachic'),
(216, 'Matachí'),
(217, 'Juárez'),
(218, 'Guadalupe'),
(219, 'Praxedis G. Guerrero'),
(220, 'Ahumada'),
(221, 'Coyame del Sotol'),
(222, 'Ojinaga'),
(223, 'Aldama'),
(224, 'Julimes'),
(225, 'Manuel Benavides'),
(226, 'Delicias'),
(227, 'Rosales'),
(228, 'Meoqui'),
(229, 'Dr. Belisario Domínguez'),
(230, 'Satevó'),
(231, 'San Francisco de Borja'),
(232, 'Nonoava'),
(233, 'Guachochi'),
(234, 'Bocoyna'),
(235, 'Cusihuiriachi'),
(236, 'Gran Morelos'),
(237, 'Santa Isabel'),
(238, 'Carichí'),
(239, 'Uruachi'),
(240, 'Ocampo'),
(241, 'Moris'),
(242, 'Chínipas'),
(243, 'Maguarichi'),
(244, 'Guazapares'),
(245, 'Batopilas'),
(246, 'Urique'),
(247, 'Morelos'),
(248, 'Guadalupe y Calvo'),
(249, 'San Francisco del Oro'),
(250, 'Rosario'),
(251, 'Huejotitán'),
(252, 'El Tule'),
(253, 'Balleza'),
(254, 'Santa Bárbara'),
(255, 'Camargo'),
(256, 'Saucillo'),
(257, 'Valle de Zaragoza'),
(258, 'La Cruz'),
(259, 'San Francisco de Conchos'),
(260, 'Hidalgo del Parral'),
(261, 'Allende'),
(262, 'López'),
(263, 'Matamoros'),
(264, 'Jiménez'),
(265, 'Coronado'),
(266, 'Álvaro Obregón'),
(267, 'Azcapotzalco'),
(268, 'Benito Juárez'),
(269, 'Coyoacán'),
(270, 'Cuajimalpa de Morelos'),
(271, 'Cuauhtémoc'),
(272, 'Gustavo A. Madero'),
(273, 'Iztacalco'),
(274, 'Iztapalapa'),
(275, 'La Magdalena Contreras'),
(276, 'Miguel Hidalgo'),
(277, 'Milpa Alta'),
(278, 'Tláhuac'),
(279, 'Tlalpan'),
(280, 'Venustiano Carranza'),
(281, 'Xochimilco'),
(282, 'Durango'),
(283, 'Canatlán'),
(284, 'Nuevo Ideal'),
(285, 'Coneto de Comonfort'),
(286, 'San Juan del Río'),
(287, 'Canelas'),
(288, 'Topia'),
(289, 'Tamazula'),
(290, 'Santiago Papasquiaro'),
(291, 'Otáez'),
(292, 'San Dimas'),
(293, 'Guadalupe Victoria'),
(294, 'Peñón Blanco'),
(295, 'Pánuco de Coronado'),
(296, 'Poanas'),
(297, 'Nombre de Dios'),
(298, 'Vicente Guerrero'),
(299, 'Súchil'),
(300, 'Pueblo Nuevo'),
(301, 'Mezquital'),
(302, 'Gómez Palacio'),
(303, 'Lerdo'),
(304, 'Mapimí'),
(305, 'Tlahualilo'),
(306, 'Hidalgo'),
(307, 'Ocampo'),
(308, 'Guanaceví'),
(309, 'San Bernardo'),
(310, 'Indé'),
(311, 'San Pedro del Gallo'),
(312, 'Tepehuanes'),
(313, 'El Oro'),
(314, 'Nazas'),
(315, 'San Luis del Cordero'),
(316, 'Rodeo'),
(317, 'Cuencamé'),
(318, 'Santa Clara'),
(319, 'San Juan de Guadalupe'),
(320, 'General Simón Bolívar'),
(321, 'Guanajuato'),
(322, 'Silao de la Victoria'),
(323, 'Romita'),
(324, 'San Francisco del Rincón'),
(325, 'Purísima del Rincón'),
(326, 'Manuel Doblado'),
(327, 'Irapuato'),
(328, 'Salamanca'),
(329, 'Pueblo Nuevo'),
(330, 'Pénjamo'),
(331, 'Cuerámaro'),
(332, 'Abasolo'),
(333, 'Huanímaro'),
(334, 'León'),
(335, 'San Felipe'),
(336, 'Ocampo'),
(337, 'San Miguel de Allende'),
(338, 'Dolores Hidalgo Cuna de la Independencia Nacional'),
(339, 'San Diego de la Unión'),
(340, 'San Luis de la Paz'),
(341, 'Victoria'),
(342, 'Xichú'),
(343, 'Atarjea'),
(344, 'Santa Catarina'),
(345, 'Doctor Mora'),
(346, 'Tierra Blanca'),
(347, 'San José Iturbide'),
(348, 'Celaya'),
(349, 'Apaseo el Grande'),
(350, 'Comonfort'),
(351, 'Santa Cruz de Juventino Rosas'),
(352, 'Villagrán'),
(353, 'Cortazar'),
(354, 'Valle de Santiago'),
(355, 'Jaral del Progreso'),
(356, 'Apaseo el Alto'),
(357, 'Jerécuaro'),
(358, 'Coroneo'),
(359, 'Acámbaro'),
(360, 'Tarimoro'),
(361, 'Tarandacuao'),
(362, 'Moroleón'),
(363, 'Salvatierra'),
(364, 'Yuriria'),
(365, 'Santiago Maravatío'),
(366, 'Uriangato'),
(367, 'Chilpancingo de los Bravo'),
(368, 'General Heliodoro Castillo'),
(369, 'Leonardo Bravo'),
(370, 'Tixtla de Guerrero'),
(371, 'Ayutla de los Libres'),
(372, 'Mochitlán'),
(373, 'Quechultenango'),
(374, 'Tecoanapa'),
(375, 'Acapulco de Juárez'),
(376, 'Juan R. Escudero'),
(377, 'San Marcos'),
(378, 'Iguala de la Independencia'),
(379, 'Huitzuco de los Figueroa'),
(380, 'Tepecoacuilco de Trujano'),
(381, 'Eduardo Neri'),
(382, 'Taxco de Alarcón'),
(383, 'Buenavista de Cuéllar'),
(384, 'Tetipac'),
(385, 'Pilcaya'),
(386, 'Teloloapan'),
(387, 'Ixcateopan de Cuauhtémoc'),
(388, 'Pedro Ascencio Alquisiras'),
(389, 'General Canuto A. Neri'),
(390, 'Arcelia'),
(391, 'Apaxtla'),
(392, 'Cuetzala del Progreso'),
(393, 'Cocula'),
(394, 'Tlapehuala'),
(395, 'Cutzamala de Pinzón'),
(396, 'Pungarabato'),
(397, 'Tlalchapa'),
(398, 'Coyuca de Catalán'),
(399, 'Ajuchitlán del Progreso'),
(400, 'Zirándaro'),
(401, 'San Miguel Totolapan'),
(402, 'La Unión de Isidoro Montes de Oca'),
(403, 'Petatlán'),
(404, 'Coahuayutla de José María Izazaga'),
(405, 'Zihuatanejo de Azueta'),
(406, 'Técpan de Galeana'),
(407, 'Atoyac de Álvarez'),
(408, 'Benito Juárez'),
(409, 'Coyuca de Benítez'),
(410, 'Olinalá'),
(411, 'Atenango del Río'),
(412, 'Copalillo'),
(413, 'Cualác'),
(414, 'Chilapa de Álvarez'),
(415, 'José Joaquín de Herrera'),
(416, 'Ahuacuotzingo'),
(417, 'Zitlala'),
(418, 'Mártir de Cuilapan'),
(419, 'Huamuxtitlán'),
(420, 'Xochihuehuetlán'),
(421, 'Alpoyeca'),
(422, 'Tlapa de Comonfort'),
(423, 'Tlalixtaquilla de Maldonado'),
(424, 'Xalpatláhuac'),
(425, 'Zapotitlán Tablas'),
(426, 'Acatepec'),
(427, 'Atlixtac'),
(428, 'Copanatoyac'),
(429, 'Malinaltepec'),
(430, 'Iliatenco'),
(431, 'Tlacoapa'),
(432, 'Atlamajalcingo del Monte'),
(433, 'San Luis Acatlán'),
(434, 'Metlatónoc'),
(435, 'Cochoapa el Grande'),
(436, 'Alcozauca de Guerrero'),
(437, 'Ometepec'),
(438, 'Tlacoachistlahuaca'),
(439, 'Xochistlahuaca'),
(440, 'Florencio Villarreal'),
(441, 'Cuautepec'),
(442, 'Copala'),
(443, 'Azoyú'),
(444, 'Juchitán'),
(445, 'Marquelia'),
(446, 'Cuajinicuilapa'),
(447, 'Igualapa'),
(448, 'Pachuca de Soto'),
(449, 'Mineral del Chico'),
(450, 'Mineral del Monte'),
(451, 'Ajacuba'),
(452, 'San Agustín Tlaxiaca'),
(453, 'Mineral de la Reforma'),
(454, 'Zapotlán de Juárez'),
(455, 'Jacala de Ledezma'),
(456, 'Pisaflores'),
(457, 'Pacula'),
(458, 'La Misión'),
(459, 'Chapulhuacán'),
(460, 'Ixmiquilpan'),
(461, 'Zimapán'),
(462, 'Nicolás Flores'),
(463, 'Cardonal'),
(464, 'Tasquillo'),
(465, 'Alfajayucan'),
(466, 'Huichapan'),
(467, 'Tecozautla'),
(468, 'Nopala de Villagrán'),
(469, 'Actopan'),
(470, 'Santiago de Anaya'),
(471, 'San Salvador'),
(472, 'Francisco I. Madero'),
(473, 'El Arenal'),
(474, 'Mixquiahuala de Juárez'),
(475, 'Progreso de Obregón'),
(476, 'Chilcuautla'),
(477, 'Tezontepec de Aldama'),
(478, 'Tlahuelilpan'),
(479, 'Tula de Allende'),
(480, 'Tepeji del Río de Ocampo'),
(481, 'Chapantongo'),
(482, 'Tepetitlán'),
(483, 'Tetepango'),
(484, 'Tlaxcoapan'),
(485, 'Atitalaquia'),
(486, 'Atotonilco de Tula'),
(487, 'Huejutla de Reyes'),
(488, 'San Felipe Orizatlán'),
(489, 'Jaltocán'),
(490, 'Huautla'),
(491, 'Atlapexco'),
(492, 'Huazalingo'),
(493, 'Yahualica'),
(494, 'Xochiatipan'),
(495, 'Molango de Escamilla'),
(496, 'Tepehuacán de Guerrero'),
(497, 'Lolotla'),
(498, 'Tlanchinol'),
(499, 'Tlahuiltepa'),
(500, 'Juárez Hidalgo'),
(501, 'Zacualtipán de Ángeles'),
(502, 'Calnali'),
(503, 'Xochicoatlán'),
(504, 'Tianguistengo'),
(505, 'Atotonilco el Grande'),
(506, 'Eloxochitlán'),
(507, 'Metztitlán'),
(508, 'San Agustín Metzquititlán'),
(509, 'Metepec'),
(510, 'Huehuetla'),
(511, 'San Bartolo Tutotepec'),
(512, 'Agua Blanca de Iturbide'),
(513, 'Tenango de Doria'),
(514, 'Huasca de Ocampo'),
(515, 'Acatlán'),
(516, 'Omitlán de Juárez'),
(517, 'Epazoyucan'),
(518, 'Tulancingo de Bravo'),
(519, 'Acaxochitlán'),
(520, 'Cuautepec de Hinojosa'),
(521, 'Santiago Tulantepec de Lugo Guerrero'),
(522, 'Singuilucan'),
(523, 'Tizayuca'),
(524, 'Zempoala'),
(525, 'Tolcayuca'),
(526, 'Villa de Tezontepec'),
(527, 'Apan'),
(528, 'Tlanalapa'),
(529, 'Almoloya'),
(530, 'Emiliano Zapata'),
(531, 'Tepeapulco'),
(532, 'Guadalajara'),
(533, 'Zapopan'),
(534, 'San Cristóbal de la Barranca'),
(535, 'Ixtlahuacán del Río'),
(536, 'Tala'),
(537, 'El Arenal'),
(538, 'Amatitán'),
(539, 'Tonalá'),
(540, 'Zapotlanejo'),
(541, 'Acatic'),
(542, 'Cuquío'),
(543, 'San Pedro Tlaquepaque'),
(544, 'Tlajomulco de Zúñiga'),
(545, 'El Salto'),
(546, 'Acatlán de Juárez'),
(547, 'Villa Corona'),
(548, 'Zacoalco de Torres'),
(549, 'Atemajac de Brizuela'),
(550, 'Jocotepec'),
(551, 'Ixtlahuacán de los Membrillos'),
(552, 'Juanacatlán'),
(553, 'Chapala'),
(554, 'Poncitlán'),
(555, 'Zapotlán del Rey'),
(556, 'Huejuquilla el Alto'),
(557, 'Mezquitic'),
(558, 'Villa Guerrero'),
(559, 'Bolaños'),
(560, 'Totatiche'),
(561, 'Colotlán'),
(562, 'Santa María de los Ángeles'),
(563, 'Huejúcar'),
(564, 'Chimaltitán'),
(565, 'San Martín de Bolaños'),
(566, 'Tequila'),
(567, 'Hostotipaquillo'),
(568, 'Magdalena'),
(569, 'Etzatlán'),
(570, 'San Marcos'),
(571, 'San Juanito de Escobedo'),
(572, 'Ameca'),
(573, 'Ahualulco de Mercado'),
(574, 'Teuchitlán'),
(575, 'San Martín Hidalgo'),
(576, 'Guachinango'),
(577, 'Mixtlán'),
(578, 'Mascota'),
(579, 'San Sebastián del Oeste'),
(580, 'San Juan de los Lagos'),
(581, 'Jalostotitlán'),
(582, 'San Miguel el Alto'),
(583, 'San Julián'),
(584, 'Arandas'),
(585, 'San Ignacio Cerro Gordo'),
(586, 'Teocaltiche'),
(587, 'Villa Hidalgo'),
(588, 'Encarnación de Díaz'),
(589, 'Yahualica de González Gallo'),
(590, 'Mexticacán'),
(591, 'Cañadas de Obregón'),
(592, 'Valle de Guadalupe'),
(593, 'Lagos de Moreno'),
(594, 'Ojuelos de Jalisco'),
(595, 'Unión de San Antonio'),
(596, 'San Diego de Alejandría'),
(597, 'Tepatitlán de Morelos'),
(598, 'Tototlán'),
(599, 'Atotonilco el Alto'),
(600, 'Ocotlán'),
(601, 'Jamay'),
(602, 'La Barca'),
(603, 'Ayotlán'),
(604, 'Jesús María'),
(605, 'Degollado'),
(606, 'Unión de Tula'),
(607, 'Ayutla'),
(608, 'Atenguillo'),
(609, 'Cuautla'),
(610, 'Atengo'),
(611, 'Talpa de Allende'),
(612, 'Puerto Vallarta'),
(613, 'Cabo Corrientes'),
(614, 'Tomatlán'),
(615, 'Cocula'),
(616, 'Tecolotlán'),
(617, 'Tenamaxtlán'),
(618, 'Juchitlán'),
(619, 'Chiquilistlán'),
(620, 'Ejutla'),
(621, 'El Limón'),
(622, 'El Grullo'),
(623, 'Tonaya'),
(624, 'Tuxcacuesco'),
(625, 'Villa Purificación'),
(626, 'La Huerta'),
(627, 'Autlán de Navarro'),
(628, 'Casimiro Castillo'),
(629, 'Cuautitlán de García Barragán'),
(630, 'Cihuatlán'),
(631, 'Zapotlán el Grande'),
(632, 'Gómez Farías'),
(633, 'Concepción de Buenos Aires'),
(634, 'Atoyac'),
(635, 'Techaluta de Montenegro'),
(636, 'Teocuitatlán de Corona'),
(637, 'Sayula'),
(638, 'Tapalpa'),
(639, 'Amacueca'),
(640, 'Tizapán el Alto'),
(641, 'Tuxcueca'),
(642, 'La Manzanilla de la Paz'),
(643, 'Mazamitla'),
(644, 'Valle de Juárez'),
(645, 'Quitupan'),
(646, 'Zapotiltic'),
(647, 'Tamazula de Gordiano'),
(648, 'San Gabriel'),
(649, 'Tolimán'),
(650, 'Zapotitlán de Vadillo'),
(651, 'Tuxpan'),
(652, 'Tonila'),
(653, 'Pihuamo'),
(654, 'Tecalitlán'),
(655, 'Jilotlán de los Dolores'),
(656, 'Santa María del Oro'),
(657, 'Toluca'),
(658, 'Acambay de Ruíz Castañeda'),
(659, 'Aculco'),
(660, 'Temascalcingo'),
(661, 'Atlacomulco'),
(662, 'Timilpan'),
(663, 'Morelos'),
(664, 'El Oro'),
(665, 'San Felipe del Progreso'),
(666, 'San José del Rincón'),
(667, 'Jocotitlán'),
(668, 'Ixtlahuaca'),
(669, 'Jiquipilco'),
(670, 'Temoaya'),
(671, 'Almoloya de Juárez'),
(672, 'Villa Victoria'),
(673, 'Villa de Allende'),
(674, 'Donato Guerra'),
(675, 'Ixtapan del Oro'),
(676, 'Santo Tomás'),
(677, 'Otzoloapan'),
(678, 'Zacazonapan'),
(679, 'Valle de Bravo'),
(680, 'Amanalco'),
(681, 'Temascaltepec'),
(682, 'Zinacantepec'),
(683, 'Tejupilco'),
(684, 'Luvianos'),
(685, 'San Simón de Guerrero'),
(686, 'Amatepec'),
(687, 'Tlatlaya'),
(688, 'Sultepec'),
(689, 'Texcaltitlán'),
(690, 'Coatepec Harinas'),
(691, 'Villa Guerrero'),
(692, 'Zacualpan'),
(693, 'Almoloya de Alquisiras'),
(694, 'Ixtapan de la Sal'),
(695, 'Tonatico'),
(696, 'Zumpahuacán'),
(697, 'Lerma'),
(698, 'Xonacatlán'),
(699, 'Otzolotepec'),
(700, 'San Mateo Atenco'),
(701, 'Metepec'),
(702, 'Mexicaltzingo'),
(703, 'Calimaya'),
(704, 'Chapultepec'),
(705, 'San Antonio la Isla'),
(706, 'Tenango del Valle'),
(707, 'Rayón'),
(708, 'Joquicingo'),
(709, 'Tenancingo'),
(710, 'Malinalco'),
(711, 'Ocuilan'),
(712, 'Atizapán'),
(713, 'Almoloya del Río'),
(714, 'Texcalyacac'),
(715, 'Tianguistenco'),
(716, 'Xalatlaco'),
(717, 'Capulhuac'),
(718, 'Ocoyoacac'),
(719, 'Huixquilucan'),
(720, 'Atizapán de Zaragoza'),
(721, 'Naucalpan de Juárez'),
(722, 'Tlalnepantla de Baz'),
(723, 'Polotitlán'),
(724, 'Jilotepec'),
(725, 'Soyaniquilpan de Juárez'),
(726, 'Villa del Carbón'),
(727, 'Chapa de Mota'),
(728, 'Nicolás Romero'),
(729, 'Isidro Fabela'),
(730, 'Jilotzingo'),
(731, 'Tepotzotlán'),
(732, 'Coyotepec'),
(733, 'Huehuetoca'),
(734, 'Cuautitlán Izcalli'),
(735, 'Teoloyucan'),
(736, 'Cuautitlán'),
(737, 'Melchor Ocampo'),
(738, 'Tultitlán'),
(739, 'Tultepec'),
(740, 'Ecatepec de Morelos'),
(741, 'Zumpango'),
(742, 'Tequixquiac'),
(743, 'Apaxco'),
(744, 'Hueypoxtla'),
(745, 'Coacalco de Berriozábal'),
(746, 'Tecámac'),
(747, 'Jaltenco'),
(748, 'Tonanitla'),
(749, 'Nextlalpan'),
(750, 'Teotihuacán'),
(751, 'San Martín de las Pirámides'),
(752, 'Acolman'),
(753, 'Otumba'),
(754, 'Axapusco'),
(755, 'Nopaltepec'),
(756, 'Temascalapa'),
(757, 'Tezoyuca'),
(758, 'Chiautla'),
(759, 'Papalotla'),
(760, 'Tepetlaoxtoc'),
(761, 'Texcoco'),
(762, 'Chiconcuac'),
(763, 'Atenco'),
(764, 'Chimalhuacán'),
(765, 'Chicoloapan'),
(766, 'La Paz'),
(767, 'Ixtapaluca'),
(768, 'Chalco'),
(769, 'Valle de Chalco Solidaridad'),
(770, 'Temamatla'),
(771, 'Cocotitlán'),
(772, 'Tlalmanalco'),
(773, 'Ayapango'),
(774, 'Tenango del Aire'),
(775, 'Ozumba'),
(776, 'Juchitepec'),
(777, 'Tepetlixpa'),
(778, 'Amecameca'),
(779, 'Atlautla'),
(780, 'Ecatzingo'),
(781, 'Nezahualcóyotl'),
(782, 'Morelia'),
(783, 'Huaniqueo'),
(784, 'Coeneo'),
(785, 'Quiroga'),
(786, 'Tzintzuntzan'),
(787, 'Lagunillas'),
(788, 'Acuitzio'),
(789, 'Madero'),
(790, 'Puruándiro'),
(791, 'José Sixto Verduzco'),
(792, 'Angamacutiro'),
(793, 'Panindícuaro'),
(794, 'Zacapu'),
(795, 'Tlazazalca'),
(796, 'Purépero'),
(797, 'Jiménez'),
(798, 'Morelos'),
(799, 'Huandacareo'),
(800, 'Cuitzeo'),
(801, 'Chucándiro'),
(802, 'Copándaro'),
(803, 'Tarímbaro'),
(804, 'Santa Ana Maya'),
(805, 'Álvaro Obregón'),
(806, 'Zinapécuaro'),
(807, 'Indaparapeo'),
(808, 'Queréndaro'),
(809, 'Sahuayo'),
(810, 'Briseñas'),
(811, 'Cojumatlán de Régules'),
(812, 'Venustiano Carranza'),
(813, 'Pajacuarán'),
(814, 'Vista Hermosa'),
(815, 'Tanhuato'),
(816, 'Yurécuaro'),
(817, 'Ixtlán'),
(818, 'La Piedad'),
(819, 'Numarán'),
(820, 'Churintzio'),
(821, 'Zináparo'),
(822, 'Penjamillo'),
(823, 'Marcos Castellanos'),
(824, 'Jiquilpan'),
(825, 'Villamar'),
(826, 'Chavinda'),
(827, 'Zamora'),
(828, 'Ecuandureo'),
(829, 'Tangancícuaro'),
(830, 'Chilchota'),
(831, 'Jacona'),
(832, 'Tangamandapio'),
(833, 'Cotija'),
(834, 'Tocumbo'),
(835, 'Tingüindín'),
(836, 'Uruapan'),
(837, 'Charapan'),
(838, 'Paracho'),
(839, 'Cherán'),
(840, 'Nahuatzen'),
(841, 'Tingambato'),
(842, 'Los Reyes'),
(843, 'Peribán'),
(844, 'Tancítaro'),
(845, 'Nuevo Parangaricutiro'),
(846, 'Buenavista'),
(847, 'Tepalcatepec'),
(848, 'Aguililla'),
(849, 'Apatzingán'),
(850, 'Parácuaro'),
(851, 'Coahuayana'),
(852, 'Chinicuila'),
(853, 'Coalcomán de Vázquez Pallares'),
(854, 'Aquila'),
(855, 'Tumbiscatío'),
(856, 'Arteaga'),
(857, 'Lázaro Cárdenas'),
(858, 'Epitacio Huerta'),
(859, 'Contepec'),
(860, 'Tlalpujahua'),
(861, 'Hidalgo'),
(862, 'Maravatío'),
(863, 'Irimbo'),
(864, 'Senguio'),
(865, 'Charo'),
(866, 'Tzitzio'),
(867, 'Tiquicheo de Nicolás Romero'),
(868, 'Aporo'),
(869, 'Angangueo'),
(870, 'Tuxpan'),
(871, 'Ocampo'),
(872, 'Jungapeo'),
(873, 'Zitácuaro'),
(874, 'Tuzantla'),
(875, 'Juárez'),
(876, 'Susupuato'),
(877, 'Pátzcuaro'),
(878, 'Erongarícuaro'),
(879, 'Huiramba'),
(880, 'Tacámbaro'),
(881, 'Turicato'),
(882, 'Ziracuaretiro'),
(883, 'Taretan'),
(884, 'Gabriel Zamora'),
(885, 'Nuevo Urecho'),
(886, 'Múgica'),
(887, 'Salvador Escalante'),
(888, 'Ario'),
(889, 'La Huacana'),
(890, 'Churumuco'),
(891, 'Nocupétaro'),
(892, 'Carácuaro'),
(893, 'Huetamo'),
(894, 'San Lucas'),
(895, 'Cuernavaca'),
(896, 'Huitzilac'),
(897, 'Tepoztlán'),
(898, 'Tlalnepantla'),
(899, 'Tlayacapan'),
(900, 'Jiutepec'),
(901, 'Temixco'),
(902, 'Miacatlán'),
(903, 'Coatlán del Río'),
(904, 'Tetecala'),
(905, 'Mazatepec'),
(906, 'Amacuzac'),
(907, 'Puente de Ixtla'),
(908, 'Ayala'),
(909, 'Yautepec'),
(910, 'Cuautla'),
(911, 'Emiliano Zapata'),
(912, 'Tlaltizapán de Zapata'),
(913, 'Zacatepec'),
(914, 'Xochitepec'),
(915, 'Tetela del Volcán'),
(916, 'Yecapixtla'),
(917, 'Totolapan'),
(918, 'Atlatlahucan'),
(919, 'Ocuituco'),
(920, 'Temoac'),
(921, 'Zacualpan'),
(922, 'Jojutla'),
(923, 'Tepalcingo'),
(924, 'Jonacatepec'),
(925, 'Axochiapan'),
(926, 'Jantetelco'),
(927, 'Tlaquiltenango'),
(928, 'Tepic'),
(929, 'Tuxpan'),
(930, 'Santiago Ixcuintla'),
(931, 'Acaponeta'),
(932, 'Tecuala'),
(933, 'Huajicori'),
(934, 'Del Nayar'),
(935, 'La Yesca'),
(936, 'Ruíz'),
(937, 'Rosamorada'),
(938, 'Compostela'),
(939, 'Bahía de Banderas'),
(940, 'San Blas'),
(941, 'Xalisco'),
(942, 'San Pedro Lagunillas'),
(943, 'Santa María del Oro'),
(944, 'Jala'),
(945, 'Ahuacatlán'),
(946, 'Ixtlán del Río'),
(947, 'Amatlán de Cañas'),
(948, 'Monterrey'),
(949, 'Anáhuac'),
(950, 'Lampazos de Naranjo'),
(951, 'Mina'),
(952, 'Bustamante'),
(953, 'Sabinas Hidalgo'),
(954, 'Villaldama'),
(955, 'Vallecillo'),
(956, 'Parás'),
(957, 'Salinas Victoria'),
(958, 'Ciénega de Flores'),
(959, 'Hidalgo'),
(960, 'Abasolo'),
(961, 'Higueras'),
(962, 'General Zuazua'),
(963, 'Agualeguas'),
(964, 'General Treviño'),
(965, 'Cerralvo'),
(966, 'Melchor Ocampo'),
(967, 'García'),
(968, 'General Escobedo'),
(969, 'Santa Catarina'),
(970, 'San Pedro Garza García'),
(971, 'San Nicolás de los Garza'),
(972, 'El Carmen'),
(973, 'Apodaca'),
(974, 'Pesquería'),
(975, 'Marín'),
(976, 'Doctor González'),
(977, 'Los Ramones'),
(978, 'Los Herreras'),
(979, 'Los Aldamas'),
(980, 'Doctor Coss'),
(981, 'General Bravo'),
(982, 'China'),
(983, 'Guadalupe'),
(984, 'Juárez'),
(985, 'Santiago'),
(986, 'Allende'),
(987, 'General Terán'),
(988, 'Cadereyta Jiménez'),
(989, 'Montemorelos'),
(990, 'Rayones'),
(991, 'Linares'),
(992, 'Iturbide'),
(993, 'Galeana'),
(994, 'Hualahuises'),
(995, 'Doctor Arroyo'),
(996, 'Aramberri'),
(997, 'General Zaragoza'),
(998, 'Mier y Noriega'),
(999, 'Oaxaca de Juárez'),
(1000, 'Villa de Etla'),
(1001, 'San Juan Bautista Atatlahuca'),
(1002, 'San Jerónimo Sosola'),
(1003, 'San Juan Bautista Jayacatlán'),
(1004, 'San Francisco Telixtlahuaca'),
(1005, 'Santiago Tenango'),
(1006, 'San Pablo Huitzo'),
(1007, 'San Juan del Estado'),
(1008, 'Magdalena Apasco'),
(1009, 'Santiago Suchilquitongo'),
(1010, 'San Juan Bautista Guelache'),
(1011, 'Reyes Etla'),
(1012, 'Nazareno Etla'),
(1013, 'San Andrés Zautla'),
(1014, 'San Agustín Etla'),
(1015, 'Soledad Etla'),
(1016, 'Santo Tomás Mazaltepec'),
(1017, 'Guadalupe Etla'),
(1018, 'San Pablo Etla'),
(1019, 'San Felipe Tejalápam'),
(1020, 'San Lorenzo Cacaotepec'),
(1021, 'Santa María Peñoles'),
(1022, 'Santiago Tlazoyaltepec'),
(1023, 'Tlalixtac de Cabrera'),
(1024, 'San Jacinto Amilpas'),
(1025, 'San Andrés Huayápam'),
(1026, 'San Agustín Yatareni'),
(1027, 'Santo Domingo Tomaltepec'),
(1028, 'Santa María del Tule'),
(1029, 'San Juan Bautista Tuxtepec'),
(1030, 'Loma Bonita'),
(1031, 'San José Independencia'),
(1032, 'Cosolapa'),
(1033, 'Acatlán de Pérez Figueroa'),
(1034, 'San Miguel Soyaltepec'),
(1035, 'Ayotzintepec'),
(1036, 'San Pedro Ixcatlán'),
(1037, 'San José Chiltepec'),
(1038, 'San Felipe Jalapa de Díaz'),
(1039, 'Santa María Jacatepec'),
(1040, 'San Lucas Ojitlán'),
(1041, 'San Juan Bautista Valle Nacional'),
(1042, 'San Felipe Usila'),
(1043, 'Huautla de Jiménez'),
(1044, 'Santa María Chilchotla'),
(1045, 'Santa Ana Ateixtlahuaca'),
(1046, 'San Lorenzo Cuaunecuiltitla'),
(1047, 'San Francisco Huehuetlán'),
(1048, 'San Pedro Ocopetatillo'),
(1049, 'Santa Cruz Acatepec'),
(1050, 'Eloxochitlán de Flores Magón'),
(1051, 'Santiago Texcalcingo'),
(1052, 'Teotitlán de Flores Magón'),
(1053, 'Santa María Teopoxco'),
(1054, 'San Martín Toxpalan'),
(1055, 'San Jerónimo Tecóatl'),
(1056, 'Santa María la Asunción'),
(1057, 'Huautepec'),
(1058, 'San Juan Coatzóspam'),
(1059, 'San Lucas Zoquiápam'),
(1060, 'San Antonio Nanahuatípam'),
(1061, 'San José Tenango'),
(1062, 'San Mateo Yoloxochitlán'),
(1063, 'San Bartolomé Ayautla'),
(1064, 'Mazatlán Villa de Flores'),
(1065, 'San Juan de los Cués'),
(1066, 'Santa María Tecomavaca'),
(1067, 'Santa María Ixcatlán'),
(1068, 'San Juan Bautista Cuicatlán'),
(1069, 'Cuyamecalco Villa de Zaragoza'),
(1070, 'Santa Ana Cuauhtémoc'),
(1071, 'Chiquihuitlán de Benito Juárez'),
(1072, 'San Pedro Teutila'),
(1073, 'San Miguel Santa Flor'),
(1074, 'Santa María Tlalixtac'),
(1075, 'San Andrés Teotilálpam'),
(1076, 'San Francisco Chapulapa'),
(1077, 'Concepción Pápalo'),
(1078, 'Santos Reyes Pápalo'),
(1079, 'San Juan Bautista Tlacoatzintepec'),
(1080, 'Santa María Pápalo'),
(1081, 'San Juan Tepeuxila'),
(1082, 'San Pedro Sochiápam'),
(1083, 'Valerio Trujano'),
(1084, 'San Pedro Jocotipac'),
(1085, 'Santa María Texcatitlán'),
(1086, 'San Pedro Jaltepetongo'),
(1087, 'Santiago Nacaltepec'),
(1088, 'Natividad'),
(1089, 'San Juan Quiotepec'),
(1090, 'San Pedro Yólox'),
(1091, 'Santiago Comaltepec'),
(1092, 'Abejones'),
(1093, 'San Pablo Macuiltianguis'),
(1094, 'Ixtlán de Juárez'),
(1095, 'San Juan Atepec'),
(1096, 'San Pedro Yaneri'),
(1097, 'San Miguel Aloápam'),
(1098, 'Teococuilco de Marcos Pérez'),
(1099, 'Santa Ana Yareni'),
(1100, 'San Juan Evangelista Analco'),
(1101, 'Santa María Jaltianguis'),
(1102, 'San Miguel del Río'),
(1103, 'San Juan Chicomezúchil'),
(1104, 'Capulálpam de Méndez'),
(1105, 'Nuevo Zoquiápam'),
(1106, 'Santiago Xiacuí'),
(1107, 'Guelatao de Juárez'),
(1108, 'Santa Catarina Ixtepeji'),
(1109, 'San Miguel Yotao'),
(1110, 'Santa Catarina Lachatao'),
(1111, 'San Miguel Amatlán'),
(1112, 'Santa María Yavesía'),
(1113, 'Santiago Laxopa'),
(1114, 'San Ildefonso Villa Alta'),
(1115, 'Santiago Camotlán'),
(1116, 'San Juan Yaeé'),
(1117, 'Santiago Lalopa'),
(1118, 'San Juan Yatzona'),
(1119, 'Villa Talea de Castro'),
(1120, 'Tanetze de Zaragoza'),
(1121, 'San Juan Juquila Vijanos'),
(1122, 'San Cristóbal Lachirioag'),
(1123, 'Santa María Temaxcalapa'),
(1124, 'Santo Domingo Roayaga'),
(1125, 'Santa María Yalina'),
(1126, 'San Andrés Solaga'),
(1127, 'San Juan Tabaá'),
(1128, 'San Melchor Betaza'),
(1129, 'San Andrés Yaá'),
(1130, 'San Bartolomé Zoogocho'),
(1131, 'San Baltazar Yatzachi el Bajo'),
(1132, 'Santiago Zoochila'),
(1133, 'Villa Hidalgo'),
(1134, 'San Francisco Cajonos'),
(1135, 'San Mateo Cajonos'),
(1136, 'San Pedro Cajonos'),
(1137, 'Santo Domingo Xagacía'),
(1138, 'San Pablo Yaganiza'),
(1139, 'Santiago Choápam'),
(1140, 'Santiago Jocotepec'),
(1141, 'San Juan Lalana'),
(1142, 'Santiago Yaveo'),
(1143, 'San Juan Petlapa'),
(1144, 'San Juan Comaltepec'),
(1145, 'Heroica Ciudad de Huajuapan de León'),
(1146, 'Santiago Chazumba'),
(1147, 'Cosoltepec'),
(1148, 'San Pedro y San Pablo Tequixtepec'),
(1149, 'San Juan Bautista Suchitepec'),
(1150, 'Santa Catarina Zapoquila'),
(1151, 'Santiago Miltepec'),
(1152, 'San Jerónimo Silacayoapilla'),
(1153, 'Zapotitlán Palmas'),
(1154, 'San Andrés Dinicuiti'),
(1155, 'Santiago Cacaloxtepec'),
(1156, 'Asunción Cuyotepeji'),
(1157, 'Santa María Camotlán'),
(1158, 'Santiago Huajolotitlán'),
(1159, 'Santiago Tamazola'),
(1160, 'San Juan Cieneguilla'),
(1161, 'Zapotitlán Lagunas'),
(1162, 'San Juan Ihualtepec'),
(1163, 'San Nicolás Hidalgo'),
(1164, 'Guadalupe de Ramírez'),
(1165, 'San Andrés Tepetlapa'),
(1166, 'San Miguel Ahuehuetitlán'),
(1167, 'San Mateo Nejápam'),
(1168, 'San Juan Bautista Tlachichilco'),
(1169, 'Tezoatlán de Segura y Luna'),
(1170, 'Fresnillo de Trujano'),
(1171, 'Santiago Ayuquililla'),
(1172, 'San José Ayuquila'),
(1173, 'San Martín Zacatepec'),
(1174, 'San Miguel Amatitlán'),
(1175, 'Mariscala de Juárez'),
(1176, 'Santa Cruz Tacache de Mina'),
(1177, 'San Simón Zahuatlán'),
(1178, 'San Marcos Arteaga'),
(1179, 'San Jorge Nuchita'),
(1180, 'Santos Reyes Yucuná'),
(1181, 'Santo Domingo Tonalá'),
(1182, 'Santo Domingo Yodohino'),
(1183, 'San Juan Bautista Coixtlahuaca'),
(1184, 'Tepelmeme Villa de Morelos'),
(1185, 'Concepción Buenavista'),
(1186, 'Santiago Ihuitlán Plumas'),
(1187, 'Tlacotepec Plumas'),
(1188, 'San Francisco Teopan'),
(1189, 'Santa Magdalena Jicotlán'),
(1190, 'San Mateo Tlapiltepec'),
(1191, 'San Miguel Tequixtepec'),
(1192, 'San Miguel Tulancingo'),
(1193, 'Santiago Tepetlapa'),
(1194, 'San Cristóbal Suchixtlahuaca'),
(1195, 'Santa María Nativitas'),
(1196, 'Silacayoápam'),
(1197, 'Santiago Yucuyachi'),
(1198, 'San Lorenzo Victoria'),
(1199, 'San Agustín Atenango'),
(1200, 'Calihualá'),
(1201, 'Santa Cruz de Bravo'),
(1202, 'Ixpantepec Nieves'),
(1203, 'San Francisco Tlapancingo'),
(1204, 'Santiago del Río'),
(1205, 'San Pedro y San Pablo Teposcolula'),
(1206, 'La Trinidad Vista Hermosa'),
(1207, 'Villa de Tamazulápam del Progreso'),
(1208, 'San Pedro Nopala'),
(1209, 'Teotongo'),
(1210, 'San Antonio Acutla'),
(1211, 'Villa Tejúpam de la Unión'),
(1212, 'Santo Domingo Tonaltepec'),
(1213, 'Villa de Chilapa de Díaz'),
(1214, 'San Antonino Monte Verde'),
(1215, 'San Andrés Lagunas'),
(1216, 'San Pedro Yucunama'),
(1217, 'San Juan Teposcolula'),
(1218, 'San Bartolo Soyaltepec'),
(1219, 'Santiago Yolomécatl'),
(1220, 'San Sebastián Nicananduta'),
(1221, 'Santo Domingo Tlatayápam'),
(1222, 'Santa María Nduayaco'),
(1223, 'San Vicente Nuñú'),
(1224, 'San Pedro Topiltepec'),
(1225, 'Santiago Nejapilla'),
(1226, 'Asunción Nochixtlán'),
(1227, 'San Miguel Huautla'),
(1228, 'San Miguel Chicahua'),
(1229, 'Santa María Apazco'),
(1230, 'Santiago Apoala'),
(1231, 'Santa María Chachoápam'),
(1232, 'San Pedro Coxcaltepec Cántaros'),
(1233, 'Santiago Huauclilla'),
(1234, 'Santo Domingo Yanhuitlán'),
(1235, 'San Andrés Sinaxtla'),
(1236, 'San Juan Yucuita'),
(1237, 'San Juan Sayultepec'),
(1238, 'Santiago Tillo'),
(1239, 'San Francisco Chindúa'),
(1240, 'San Mateo Etlatongo'),
(1241, 'Santa Inés de Zaragoza'),
(1242, 'Santiago Juxtlahuaca'),
(1243, 'San Miguel Tlacotepec'),
(1244, 'San Sebastián Tecomaxtlahuaca'),
(1245, 'Santos Reyes Tepejillo'),
(1246, 'San Juan Mixtepec -Dto. 08 -'),
(1247, 'San Martín Peras'),
(1248, 'Coicoyán de las Flores'),
(1249, 'Heroica Ciudad de Tlaxiaco'),
(1250, 'San Juan Ñumí'),
(1251, 'San Pedro Mártir Yucuxaco'),
(1252, 'San Martín Huamelúlpam'),
(1253, 'Santa Cruz Tayata'),
(1254, 'Santiago Nundiche'),
(1255, 'Santa María del Rosario'),
(1256, 'San Juan Achiutla'),
(1257, 'Santa Catarina Tayata'),
(1258, 'San Cristóbal Amoltepec'),
(1259, 'San Miguel Achiutla'),
(1260, 'San Martín Itunyoso'),
(1261, 'Magdalena Peñasco'),
(1262, 'San Bartolomé Yucuañe'),
(1263, 'Santa Cruz Nundaco'),
(1264, 'San Agustín Tlacotepec'),
(1265, 'Santo Tomás Ocotepec'),
(1266, 'San Antonio Sinicahua'),
(1267, 'San Mateo Peñasco'),
(1268, 'Santa María Tataltepec'),
(1269, 'San Pedro Molinos'),
(1270, 'Santa María Yosoyúa'),
(1271, 'San Juan Teita'),
(1272, 'Magdalena Jaltepec'),
(1273, 'Magdalena Yodocono de Porfirio Díaz'),
(1274, 'San Miguel Tecomatlán'),
(1275, 'Magdalena Zahuatlán'),
(1276, 'San Francisco Nuxaño'),
(1277, 'San Pedro Tidaá'),
(1278, 'San Francisco Jaltepetongo'),
(1279, 'Santiago Tilantongo'),
(1280, 'San Juan Diuxi'),
(1281, 'San Andrés Nuxiño'),
(1282, 'San Juan Tamazola'),
(1283, 'Santo Domingo Nuxaá'),
(1284, 'Yutanduchi de Guerrero'),
(1285, 'San Pedro Teozacoalco'),
(1286, 'San Miguel Piedras'),
(1287, 'San Mateo Sindihui'),
(1288, 'Heroica Ciudad de Juchitán de Zaragoza'),
(1289, 'Ciudad Ixtepec'),
(1290, 'El Espinal'),
(1291, 'Santo Domingo Ingenio'),
(1292, 'Santa María Xadani'),
(1293, 'Santiago Niltepec'),
(1294, 'San Dionisio del Mar'),
(1295, 'Asunción Ixtaltepec'),
(1296, 'San Francisco del Mar'),
(1297, 'Unión Hidalgo'),
(1298, 'San Miguel Chimalapa'),
(1299, 'Santo Domingo Zanatepec'),
(1300, 'Reforma de Pineda'),
(1301, 'San Francisco Ixhuatán'),
(1302, 'San Pedro Tapanatepec'),
(1303, 'Chahuites'),
(1304, 'Santiago Zacatepec'),
(1305, 'Santo Domingo Tepuxtepec'),
(1306, 'San Juan Cotzocón'),
(1307, 'San Juan Mazatlán'),
(1308, 'Totontepec Villa de Morelos'),
(1309, 'Mixistlán de la Reforma'),
(1310, 'Santa María Tlahuitoltepec'),
(1311, 'Santa María Alotepec'),
(1312, 'Santiago Atitlán'),
(1313, 'Tamazulápam del Espíritu Santo'),
(1314, 'San Pedro y San Pablo Ayutla'),
(1315, 'Santa María Tepantlali'),
(1316, 'San Miguel Quetzaltepec'),
(1317, 'Asunción Cacalotepec'),
(1318, 'San Pedro Ocotepec'),
(1319, 'San Lucas Camotlán'),
(1320, 'Santiago Ixcuintepec'),
(1321, 'Matías Romero Avendaño'),
(1322, 'San Juan Guichicovi'),
(1323, 'Santo Domingo Petapa'),
(1324, 'Santa María Chimalapa'),
(1325, 'Santa María Petapa'),
(1326, 'El Barrio de la Soledad'),
(1327, 'Tlacolula de Matamoros'),
(1328, 'San Sebastián Abasolo'),
(1329, 'Villa Díaz Ordaz'),
(1330, 'Santa María Guelacé'),
(1331, 'Teotitlán del Valle'),
(1332, 'San Francisco Lachigoló'),
(1333, 'San Sebastián Teitipac'),
(1334, 'Santa Ana del Valle'),
(1335, 'San Pablo Villa de Mitla'),
(1336, 'Santiago Matatlán'),
(1337, 'Santo Domingo Albarradas'),
(1338, 'Rojas de Cuauhtémoc'),
(1339, 'San Juan Teitipac'),
(1340, 'Santa Cruz Papalutla'),
(1341, 'Magdalena Teitipac'),
(1342, 'San Jerónimo Tlacochahuaya'),
(1343, 'San Juan Guelavía'),
(1344, 'San Lucas Quiaviní'),
(1345, 'San Juan del Río'),
(1346, 'San Bartolomé Quialana'),
(1347, 'San Lorenzo Albarradas'),
(1348, 'San Pedro Totolápam'),
(1349, 'San Pedro Quiatoni'),
(1350, 'Santa María Zoquitlán'),
(1351, 'San Dionisio Ocotepec'),
(1352, 'San Carlos Yautepec'),
(1353, 'San Juan Juquila Mixes'),
(1354, 'Nejapa de Madero'),
(1355, 'Santa Ana Tavela'),
(1356, 'San Juan Lajarcia'),
(1357, 'San Bartolo Yautepec'),
(1358, 'Santa María Ecatepec'),
(1359, 'Asunción Tlacolulita'),
(1360, 'San Pedro Mártir Quiechapa'),
(1361, 'Santa María Quiegolani'),
(1362, 'Santa Catarina Quioquitani'),
(1363, 'Santa Catalina Quierí'),
(1364, 'Salina Cruz'),
(1365, 'Santiago Lachiguiri'),
(1366, 'Santa María Jalapa del Marqués'),
(1367, 'Santa María Totolapilla'),
(1368, 'Santiago Laollaga'),
(1369, 'Guevea de Humboldt'),
(1370, 'Santo Domingo Chihuitán'),
(1371, 'Santa María Guienagati'),
(1372, 'Magdalena Tequisistlán'),
(1373, 'Magdalena Tlacotepec'),
(1374, 'San Pedro Comitancillo'),
(1375, 'Santa María Mixtequilla'),
(1376, 'Santo Domingo Tehuantepec'),
(1377, 'San Pedro Huamelula'),
(1378, 'San Pedro Huilotepec'),
(1379, 'San Mateo del Mar'),
(1380, 'San Blas Atempa'),
(1381, 'Santiago Astata'),
(1382, 'San Miguel Tenango'),
(1383, 'Miahuatlán de Porfirio Díaz'),
(1384, 'San Nicolás'),
(1385, 'San Simón Almolongas'),
(1386, 'San Luis Amatlán'),
(1387, 'San José Lachiguiri'),
(1388, 'Sitio de Xitlapehua'),
(1389, 'San Francisco Logueche'),
(1390, 'Santa Ana'),
(1391, 'Santa Cruz Xitla'),
(1392, 'Monjas'),
(1393, 'San Ildefonso Amatlán'),
(1394, 'Santa Catarina Cuixtla'),
(1395, 'San José del Peñasco'),
(1396, 'San Cristóbal Amatlán'),
(1397, 'San Juan Mixtepec -Dto. 26 -'),
(1398, 'San Pedro Mixtepec -Dto. 26 -'),
(1399, 'Santa Lucía Miahuatlán'),
(1400, 'San Jerónimo Coatlán'),
(1401, 'San Sebastián Coatlán'),
(1402, 'San Pablo Coatlán'),
(1403, 'San Mateo Río Hondo'),
(1404, 'Santo Tomás Tamazulapan'),
(1405, 'San Andrés Paxtlán'),
(1406, 'Santa María Ozolotepec'),
(1407, 'San Miguel Coatlán'),
(1408, 'San Sebastián Río Hondo'),
(1409, 'San Miguel Suchixtepec'),
(1410, 'Santo Domingo Ozolotepec'),
(1411, 'San Francisco Ozolotepec'),
(1412, 'Santiago Xanica'),
(1413, 'San Marcial Ozolotepec'),
(1414, 'San Juan Ozolotepec'),
(1415, 'San Pedro Pochutla'),
(1416, 'Santo Domingo de Morelos'),
(1417, 'Santa Catarina Loxicha'),
(1418, 'San Agustín Loxicha'),
(1419, 'San Baltazar Loxicha'),
(1420, 'Santa María Colotepec'),
(1421, 'San Bartolomé Loxicha'),
(1422, 'Santa María Tonameca'),
(1423, 'Candelaria Loxicha'),
(1424, 'Pluma Hidalgo'),
(1425, 'San Pedro el Alto'),
(1426, 'San Mateo Piñas'),
(1427, 'Santa María Huatulco'),
(1428, 'San Miguel del Puerto'),
(1429, 'Putla Villa de Guerrero'),
(1430, 'Constancia del Rosario'),
(1431, 'Mesones Hidalgo'),
(1432, 'Santa María Zacatepec'),
(1433, 'San Pedro Amuzgos'),
(1434, 'La Reforma'),
(1435, 'Santa María Ipalapa'),
(1436, 'Chalcatongo de Hidalgo'),
(1437, 'Santa María Yucuhiti'),
(1438, 'San Esteban Atatlahuca'),
(1439, 'Santa Catarina Ticuá'),
(1440, 'Santiago Nuyoó'),
(1441, 'Santa Catarina Yosonotú'),
(1442, 'San Miguel el Grande'),
(1443, 'Santo Domingo Ixcatlán'),
(1444, 'San Pablo Tijaltepec'),
(1445, 'Santa Cruz Tacahua'),
(1446, 'Santa Lucía Monteverde'),
(1447, 'San Andrés Cabecera Nueva'),
(1448, 'Santa María Yolotepec'),
(1449, 'Santiago Yosondúa'),
(1450, 'Santa Cruz Itundujia'),
(1451, 'Zimatlán de Álvarez'),
(1452, 'San Bernardo Mixtepec'),
(1453, 'Santa Cruz Mixtepec'),
(1454, 'San Miguel Mixtepec'),
(1455, 'Santa María Atzompa'),
(1456, 'San Andrés Ixtlahuaca'),
(1457, 'Santa Cruz Amilpas'),
(1458, 'Santa Cruz Xoxocotlán'),
(1459, 'Santa Lucía del Camino'),
(1460, 'San Pedro Ixtlahuaca'),
(1461, 'San Antonio de la Cal'),
(1462, 'San Agustín de las Juntas'),
(1463, 'San Pablo Huixtepec'),
(1464, 'Ánimas Trujano'),
(1465, 'San Jacinto Tlacotepec'),
(1466, 'San Raymundo Jalpan'),
(1467, 'Trinidad Zaachila'),
(1468, 'Santa María Coyotepec'),
(1469, 'San Bartolo Coyotepec'),
(1470, 'Santa Inés Yatzeche'),
(1471, 'Ciénega de Zimatlán'),
(1472, 'San Antonio Huitepec'),
(1473, 'Villa de Zaachila'),
(1474, 'San Sebastián Tutla'),
(1475, 'San Miguel Peras'),
(1476, 'San Pablo Cuatro Venados'),
(1477, 'Santa Inés del Monte'),
(1478, 'Santa Gertrudis'),
(1479, 'San Antonino el Alto'),
(1480, 'Magdalena Mixtepec'),
(1481, 'Santa Catarina Quiané'),
(1482, 'Ayoquezco de Aldama'),
(1483, 'Santa Ana Tlapacoyan'),
(1484, 'Santa Cruz Zenzontepec'),
(1485, 'San Francisco Cahuacuá'),
(1486, 'San Mateo Yucutindoo'),
(1487, 'Santiago Textitlán'),
(1488, 'Santiago Amoltepec'),
(1489, 'Santa María Zaniza'),
(1490, 'Santo Domingo Teojomulco'),
(1491, 'Cuilápam de Guerrero'),
(1492, 'Villa Sola de Vega'),
(1493, 'Santa María Lachixío'),
(1494, 'San Vicente Lachixío'),
(1495, 'San Lorenzo Texmelúcan'),
(1496, 'Santa María Sola'),
(1497, 'San Francisco Sola'),
(1498, 'San Ildefonso Sola'),
(1499, 'Santiago Minas'),
(1500, 'Heroica Ciudad de Ejutla de Crespo'),
(1501, 'San Martín Tilcajete'),
(1502, 'Santo Tomás Jalieza'),
(1503, 'San Juan Chilateca'),
(1504, 'Ocotlán de Morelos'),
(1505, 'Santa Ana Zegache'),
(1506, 'Santiago Apóstol'),
(1507, 'San Antonino Castillo Velasco'),
(1508, 'Asunción Ocotlán'),
(1509, 'San Pedro Mártir'),
(1510, 'San Dionisio Ocotlán'),
(1511, 'Magdalena Ocotlán'),
(1512, 'San Miguel Tilquiápam'),
(1513, 'Santa Catarina Minas'),
(1514, 'San Baltazar Chichicápam'),
(1515, 'San Pedro Apóstol'),
(1516, 'Santa Lucía Ocotlán'),
(1517, 'San Jerónimo Taviche'),
(1518, 'San Andrés Zabache'),
(1519, 'San José del Progreso'),
(1520, 'Yaxe'),
(1521, 'San Pedro Taviche'),
(1522, 'San Martín de los Cansecos'),
(1523, 'San Martín Lachilá'),
(1524, 'La Pe'),
(1525, 'La Compañía'),
(1526, 'Coatecas Altas'),
(1527, 'San Juan Lachigalla'),
(1528, 'San Agustín Amatengo'),
(1529, 'Taniche'),
(1530, 'San Miguel Ejutla'),
(1531, 'Yogana'),
(1532, 'San Vicente Coatlán'),
(1533, 'Santiago Pinotepa Nacional'),
(1534, 'San Juan Cacahuatepec'),
(1535, 'San Juan Bautista Lo de Soto'),
(1536, 'Mártires de Tacubaya'),
(1537, 'San Sebastián Ixcapa'),
(1538, 'San Antonio Tepetlapa'),
(1539, 'Santa María Cortijo'),
(1540, 'Santiago Llano Grande'),
(1541, 'San Miguel Tlacamama'),
(1542, 'Santiago Tapextla'),
(1543, 'San José Estancia Grande'),
(1544, 'Santo Domingo Armenta'),
(1545, 'Santiago Jamiltepec'),
(1546, 'San Pedro Atoyac'),
(1547, 'San Juan Colorado'),
(1548, 'Santiago Ixtayutla'),
(1549, 'San Pedro Jicayán'),
(1550, 'Pinotepa de Don Luis'),
(1551, 'San Lorenzo'),
(1552, 'San Agustín Chayuco'),
(1553, 'San Andrés Huaxpaltepec'),
(1554, 'Santa Catarina Mechoacán'),
(1555, 'Santiago Tetepec'),
(1556, 'Santa María Huazolotitlán'),
(1557, 'Villa de Tututepec de Melchor Ocampo'),
(1558, 'Tataltepec de Valdés'),
(1559, 'San Juan Quiahije'),
(1560, 'San Miguel Panixtlahuaca'),
(1561, 'Santa Catarina Juquila'),
(1562, 'San Pedro Juchatengo'),
(1563, 'Santiago Yaitepec'),
(1564, 'San Juan Lachao'),
(1565, 'Santa María Temaxcaltepec'),
(1566, 'Santos Reyes Nopala'),
(1567, 'San Gabriel Mixtepec'),
(1568, 'San Pedro Mixtepec -Dto. 22 -'),
(1569, 'Puebla'),
(1570, 'Tlaltenango'),
(1571, 'San Miguel Xoxtla'),
(1572, 'Juan C. Bonilla'),
(1573, 'Coronango'),
(1574, 'Cuautlancingo'),
(1575, 'San Pedro Cholula'),
(1576, 'San Andrés Cholula'),
(1577, 'Ocoyucan'),
(1578, 'Amozoc'),
(1579, 'Francisco Z. Mena'),
(1580, 'Pantepec'),
(1581, 'Venustiano Carranza'),
(1582, 'Jalpan'),
(1583, 'Tlaxco'),
(1584, 'Tlacuilotepec'),
(1585, 'Xicotepec'),
(1586, 'Pahuatlán'),
(1587, 'Honey'),
(1588, 'Naupan'),
(1589, 'Huauchinango'),
(1590, 'Ahuazotepec'),
(1591, 'Juan Galindo'),
(1592, 'Tlaola'),
(1593, 'Zihuateutla'),
(1594, 'Jopala'),
(1595, 'Tlapacoya'),
(1596, 'Chignahuapan'),
(1597, 'Zacatlán'),
(1598, 'Chiconcuautla'),
(1599, 'Ahuacatlán'),
(1600, 'Tepetzintla'),
(1601, 'San Felipe Tepatlán'),
(1602, 'Amixtlán'),
(1603, 'Tepango de Rodríguez'),
(1604, 'Zongozotla'),
(1605, 'Hermenegildo Galeana'),
(1606, 'Olintla'),
(1607, 'Coatepec'),
(1608, 'Camocuautla'),
(1609, 'Hueytlalpan'),
(1610, 'Zapotitlán de Méndez'),
(1611, 'Huitzilan de Serdán'),
(1612, 'Xochitlán de Vicente Suárez'),
(1613, 'Huehuetla'),
(1614, 'Ixtepec'),
(1615, 'Atlequizayan'),
(1616, 'Tenampulco'),
(1617, 'Tuzamapan de Galeana'),
(1618, 'Caxhuacan'),
(1619, 'Jonotla'),
(1620, 'Zoquiapan'),
(1621, 'Nauzontla'),
(1622, 'Cuetzalan del Progreso'),
(1623, 'Ayotoxco de Guerrero'),
(1624, 'Hueytamalco'),
(1625, 'Acateno'),
(1626, 'Cuautempan'),
(1627, 'Aquixtla'),
(1628, 'Tetela de Ocampo'),
(1629, 'Xochiapulco'),
(1630, 'Zacapoaxtla'),
(1631, 'Zaragoza'),
(1632, 'Ixtacamaxtitlán'),
(1633, 'Zautla'),
(1634, 'Ocotepec'),
(1635, 'Libres'),
(1636, 'Teziutlán'),
(1637, 'Tlatlauquitepec'),
(1638, 'Yaonáhuac'),
(1639, 'Hueyapan'),
(1640, 'Teteles de Avila Castillo'),
(1641, 'Atempan'),
(1642, 'Chignautla'),
(1643, 'Xiutetelco'),
(1644, 'Cuyoaco'),
(1645, 'Tepeyahualco'),
(1646, 'San Martín Texmelucan'),
(1647, 'Tlahuapan'),
(1648, 'San Matías Tlalancaleca'),
(1649, 'San Salvador el Verde'),
(1650, 'San Felipe Teotlalcingo'),
(1651, 'Chiautzingo'),
(1652, 'Huejotzingo'),
(1653, 'Domingo Arenas'),
(1654, 'Calpan'),
(1655, 'San Nicolás de los Ranchos'),
(1656, 'Atlixco'),
(1657, 'Nealtican'),
(1658, 'San Jerónimo Tecuanipan'),
(1659, 'San Gregorio Atzompa'),
(1660, 'Tochimilco'),
(1661, 'Tianguismanalco'),
(1662, 'Santa Isabel Cholula'),
(1663, 'Huaquechula'),
(1664, 'San Diego la Mesa Tochimiltzingo'),
(1665, 'Tepeojuma'),
(1666, 'Izúcar de Matamoros'),
(1667, 'Atzitzihuacán'),
(1668, 'Acteopan'),
(1669, 'Cohuecan'),
(1670, 'Tepemaxalco'),
(1671, 'Tlapanalá'),
(1672, 'Tepexco'),
(1673, 'Tilapa'),
(1674, 'Chietla'),
(1675, 'Atzala'),
(1676, 'Teopantlán'),
(1677, 'San Martín Totoltepec'),
(1678, 'Xochiltepec'),
(1679, 'Epatlán'),
(1680, 'Ahuatlán'),
(1681, 'Coatzingo'),
(1682, 'Santa Catarina Tlaltempan'),
(1683, 'Chigmecatitlán'),
(1684, 'Zacapala'),
(1685, 'Tepexi de Rodríguez'),
(1686, 'Teotlalco'),
(1687, 'Jolalpan'),
(1688, 'Huehuetlán el Chico'),
(1689, 'Chiautla'),
(1690, 'Cohetzala'),
(1691, 'Xicotlán'),
(1692, 'Chila de la Sal'),
(1693, 'Ixcamilpa de Guerrero'),
(1694, 'Albino Zertuche'),
(1695, 'Tulcingo'),
(1696, 'Tehuitzingo'),
(1697, 'Cuayuca de Andrade'),
(1698, 'Santa Inés Ahuatempan'),
(1699, 'Axutla'),
(1700, 'Chinantla'),
(1701, 'Ahuehuetitla'),
(1702, 'San Pablo Anicano'),
(1703, 'Tecomatlán'),
(1704, 'Piaxtla'),
(1705, 'Guadalupe'),
(1706, 'Ixcaquixtla'),
(1707, 'Coyotepec'),
(1708, 'Xayacatlán de Bravo'),
(1709, 'Totoltepec de Guerrero'),
(1710, 'Acatlán'),
(1711, 'San Jerónimo Xayacatlán'),
(1712, 'San Pedro Yeloixtlahuaca'),
(1713, 'Petlalcingo'),
(1714, 'San Miguel Ixitlán'),
(1715, 'Chila'),
(1716, 'Rafael Lara Grajales'),
(1717, 'San José Chiapa'),
(1718, 'Oriental'),
(1719, 'San Nicolás Buenos Aires'),
(1720, 'Guadalupe Victoria'),
(1721, 'Tlachichuca'),
(1722, 'Lafragua'),
(1723, 'Chilchotla'),
(1724, 'Quimixtlán'),
(1725, 'Chichiquila'),
(1726, 'Tepatlaxco de Hidalgo'),
(1727, 'Acajete'),
(1728, 'Nopalucan'),
(1729, 'Mazapiltepec de Juárez'),
(1730, 'Soltepec'),
(1731, 'Acatzingo'),
(1732, 'San Salvador el Seco'),
(1733, 'General Felipe Ángeles'),
(1734, 'Aljojuca'),
(1735, 'San Juan Atenco'),
(1736, 'Tepeaca'),
(1737, 'Cuautinchán'),
(1738, 'Tecali de Herrera'),
(1739, 'Mixtla'),
(1740, 'Santo Tomás Hueyotlipan'),
(1741, 'Tzicatlacoyan'),
(1742, 'Huehuetlán el Grande'),
(1743, 'La Magdalena Tlatlauquitepec'),
(1744, 'San Juan Atzompa'),
(1745, 'Huatlatlauca'),
(1746, 'Los Reyes de Juárez'),
(1747, 'Cuapiaxtla de Madero'),
(1748, 'San Salvador Huixcolotla'),
(1749, 'Quecholac'),
(1750, 'Tecamachalco'),
(1751, 'Palmar de Bravo'),
(1752, 'Chalchicomula de Sesma'),
(1753, 'Atzitzintla'),
(1754, 'Esperanza'),
(1755, 'Cañada Morelos'),
(1756, 'Tlanepantla'),
(1757, 'Tochtepec'),
(1758, 'Atoyatempan'),
(1759, 'Tepeyahualco de Cuauhtémoc'),
(1760, 'Huitziltepec'),
(1761, 'Molcaxac'),
(1762, 'Xochitlán Todos Santos'),
(1763, 'Yehualtepec'),
(1764, 'Tlacotepec de Benito Juárez'),
(1765, 'Juan N. Méndez'),
(1766, 'Tehuacán'),
(1767, 'Tepanco de López'),
(1768, 'Chapulco'),
(1769, 'Santiago Miahuatlán'),
(1770, 'Nicolás Bravo'),
(1771, 'Atexcal'),
(1772, 'San Antonio Cañada'),
(1773, 'Zapotitlán'),
(1774, 'San Gabriel Chilac'),
(1775, 'Caltepec'),
(1776, 'Vicente Guerrero'),
(1777, 'Ajalpan'),
(1778, 'Eloxochitlán'),
(1779, 'Zoquitlán'),
(1780, 'San Sebastián Tlacotepec'),
(1781, 'Altepexi'),
(1782, 'Zinacatepec'),
(1783, 'San José Miahuatlán'),
(1784, 'Coxcatlán'),
(1785, 'Coyomeapan'),
(1786, 'Querétaro'),
(1787, 'El Marqués'),
(1788, 'Colón'),
(1789, 'Pinal de Amoles'),
(1790, 'Jalpan de Serra'),
(1791, 'Landa de Matamoros'),
(1792, 'Arroyo Seco'),
(1793, 'Peñamiller'),
(1794, 'Cadereyta de Montes'),
(1795, 'San Joaquín'),
(1796, 'Tolimán'),
(1797, 'Ezequiel Montes'),
(1798, 'Pedro Escobedo'),
(1799, 'Tequisquiapan'),
(1800, 'San Juan del Río'),
(1801, 'Amealco de Bonfil'),
(1802, 'Corregidora'),
(1803, 'Huimilpan'),
(1804, 'Othón P. Blanco'),
(1805, 'Felipe Carrillo Puerto'),
(1806, 'Lázaro Cárdenas'),
(1807, 'Isla Mujeres'),
(1808, 'Benito Juárez'),
(1809, 'Cozumel'),
(1810, 'Solidaridad'),
(1811, 'Tulum'),
(1812, 'José María Morelos'),
(1813, 'Bacalar'),
(1814, 'San Luis Potosí'),
(1815, 'Soledad de Graciano Sánchez'),
(1816, 'Cerro de San Pedro'),
(1817, 'Ahualulco'),
(1818, 'Mexquitic de Carmona'),
(1819, 'Villa de Arriaga'),
(1820, 'Vanegas'),
(1821, 'Cedral'),
(1822, 'Catorce'),
(1823, 'Charcas'),
(1824, 'Salinas'),
(1825, 'Santo Domingo'),
(1826, 'Villa de Ramos'),
(1827, 'Matehuala'),
(1828, 'Villa de la Paz'),
(1829, 'Villa de Guadalupe'),
(1830, 'Guadalcázar'),
(1831, 'Moctezuma'),
(1832, 'Venado'),
(1833, 'Villa de Arista'),
(1834, 'Villa Hidalgo'),
(1835, 'Armadillo de los Infante'),
(1836, 'Ciudad Valles'),
(1837, 'Ebano'),
(1838, 'Tamuín'),
(1839, 'El Naranjo'),
(1840, 'Ciudad del Maíz'),
(1841, 'Alaquines'),
(1842, 'Cárdenas'),
(1843, 'Cerritos'),
(1844, 'Villa Juárez'),
(1845, 'San Nicolás Tolentino'),
(1846, 'Villa de Reyes'),
(1847, 'Zaragoza'),
(1848, 'Santa María del Río'),
(1849, 'Tierra Nueva'),
(1850, 'Rioverde'),
(1851, 'Ciudad Fernández'),
(1852, 'San Ciro de Acosta'),
(1853, 'Tamasopo'),
(1854, 'Rayón'),
(1855, 'Aquismón'),
(1856, 'Lagunillas'),
(1857, 'Santa Catarina'),
(1858, 'Tancanhuitz'),
(1859, 'Tanlajás'),
(1860, 'San Vicente Tancuayalab'),
(1861, 'San Antonio'),
(1862, 'Tanquián de Escobedo'),
(1863, 'Tampamolón Corona'),
(1864, 'Coxcatlán'),
(1865, 'Huehuetlán'),
(1866, 'Xilitla'),
(1867, 'Axtla de Terrazas'),
(1868, 'Tampacán'),
(1869, 'San Martín Chalchicuautla'),
(1870, 'Tamazunchale'),
(1871, 'Matlapa'),
(1872, 'Culiacán'),
(1873, 'Navolato'),
(1874, 'Badiraguato'),
(1875, 'Cosalá'),
(1876, 'Mocorito'),
(1877, 'Guasave'),
(1878, 'Ahome'),
(1879, 'Salvador Alvarado'),
(1880, 'Angostura'),
(1881, 'Choix'),
(1882, 'El Fuerte'),
(1883, 'Sinaloa'),
(1884, 'Mazatlán'),
(1885, 'Escuinapa'),
(1886, 'Concordia'),
(1887, 'Elota'),
(1888, 'Rosario'),
(1889, 'San Ignacio'),
(1890, 'Hermosillo'),
(1891, 'San Miguel de Horcasitas'),
(1892, 'Carbó'),
(1893, 'San Luis Río Colorado'),
(1894, 'Puerto Peñasco'),
(1895, 'General Plutarco Elías Calles'),
(1896, 'Caborca'),
(1897, 'Altar'),
(1898, 'Tubutama'),
(1899, 'Atil'),
(1900, 'Oquitoa'),
(1901, 'Sáric'),
(1902, 'Benjamín Hill'),
(1903, 'Trincheras'),
(1904, 'Pitiquito'),
(1905, 'Nogales'),
(1906, 'Imuris'),
(1907, 'Santa Cruz'),
(1908, 'Magdalena'),
(1909, 'Naco'),
(1910, 'Agua Prieta'),
(1911, 'Fronteras'),
(1912, 'Nacozari de García'),
(1913, 'Bavispe'),
(1914, 'Bacerac'),
(1915, 'Huachinera'),
(1916, 'Nácori Chico'),
(1917, 'Granados'),
(1918, 'Bacadéhuachi'),
(1919, 'Cumpas'),
(1920, 'Huásabas'),
(1921, 'Moctezuma'),
(1922, 'Villa Hidalgo'),
(1923, 'Santa Ana'),
(1924, 'Cananea'),
(1925, 'Arizpe'),
(1926, 'Cucurpe'),
(1927, 'Bacoachi'),
(1928, 'San Pedro de la Cueva'),
(1929, 'Divisaderos'),
(1930, 'Tepache'),
(1931, 'Villa Pesqueira'),
(1932, 'Opodepe'),
(1933, 'Huépac'),
(1934, 'Banámichi'),
(1935, 'Ures'),
(1936, 'Aconchi'),
(1937, 'Baviácora'),
(1938, 'San Felipe de Jesús'),
(1939, 'Rayón'),
(1940, 'Cajeme'),
(1941, 'Navojoa'),
(1942, 'Huatabampo'),
(1943, 'Bácum'),
(1944, 'Etchojoa'),
(1945, 'Benito Juárez'),
(1946, 'Empalme'),
(1947, 'Guaymas'),
(1948, 'San Ignacio Río Muerto'),
(1949, 'La Colorada'),
(1950, 'Mazatán'),
(1951, 'Suaqui Grande'),
(1952, 'Sahuaripa'),
(1953, 'San Javier'),
(1954, 'Soyopa'),
(1955, 'Bacanora'),
(1956, 'Arivechi'),
(1957, 'Rosario'),
(1958, 'Quiriego'),
(1959, 'Onavas'),
(1960, 'Alamos'),
(1961, 'Yécora'),
(1962, 'Centro'),
(1963, 'Jalpa de Méndez'),
(1964, 'Nacajuca'),
(1965, 'Comalcalco'),
(1966, 'Huimanguillo'),
(1967, 'Cárdenas'),
(1968, 'Paraíso'),
(1969, 'Cunduacán'),
(1970, 'Macuspana'),
(1971, 'Centla'),
(1972, 'Jonuta'),
(1973, 'Teapa'),
(1974, 'Jalapa'),
(1975, 'Tacotalpa'),
(1976, 'Tenosique'),
(1977, 'Balancán'),
(1978, 'Emiliano Zapata'),
(1979, 'Victoria'),
(1980, 'Llera'),
(1981, 'Güémez'),
(1982, 'Casas'),
(1983, 'Matamoros'),
(1984, 'Valle Hermoso'),
(1985, 'San Fernando'),
(1986, 'Cruillas'),
(1987, 'San Nicolás'),
(1988, 'Soto la Marina'),
(1989, 'Jiménez'),
(1990, 'San Carlos'),
(1991, 'Abasolo'),
(1992, 'Padilla'),
(1993, 'Hidalgo'),
(1994, 'Mainero'),
(1995, 'Villagrán'),
(1996, 'Tula'),
(1997, 'Jaumave'),
(1998, 'Miquihuana'),
(1999, 'Bustamante'),
(2000, 'Palmillas'),
(2001, 'Ocampo'),
(2002, 'Nuevo Laredo'),
(2003, 'Miguel Alemán'),
(2004, 'Guerrero'),
(2005, 'Mier'),
(2006, 'Gustavo Díaz Ordaz'),
(2007, 'Camargo'),
(2008, 'Reynosa'),
(2009, 'Río Bravo'),
(2010, 'Méndez'),
(2011, 'Burgos'),
(2012, 'Tampico'),
(2013, 'Ciudad Madero'),
(2014, 'Altamira'),
(2015, 'Aldama'),
(2016, 'González'),
(2017, 'Xicoténcatl'),
(2018, 'Gómez Farías'),
(2019, 'El Mante'),
(2020, 'Antiguo Morelos'),
(2021, 'Nuevo Morelos'),
(2022, 'Tlaxcala'),
(2023, 'Ixtacuixtla de Mariano Matamoros'),
(2024, 'Santa Ana Nopalucan'),
(2025, 'Panotla'),
(2026, 'Totolac'),
(2027, 'Tepeyanco'),
(2028, 'Santa Isabel Xiloxoxtla'),
(2029, 'San Juan Huactzinco'),
(2030, 'Calpulalpan'),
(2031, 'Sanctórum de Lázaro Cárdenas'),
(2032, 'Benito Juárez'),
(2033, 'Hueyotlipan'),
(2034, 'Tlaxco'),
(2035, 'Nanacamilpa de Mariano Arista'),
(2036, 'Españita'),
(2037, 'Apizaco'),
(2038, 'Atlangatepec'),
(2039, 'Muñoz de Domingo Arenas'),
(2040, 'Tetla de la Solidaridad'),
(2041, 'Xaltocan'),
(2042, 'San Lucas Tecopilco'),
(2043, 'Yauhquemehcan'),
(2044, 'Xaloztoc'),
(2045, 'Tocatlán'),
(2046, 'Tzompantepec'),
(2047, 'San José Teacalco'),
(2048, 'Huamantla'),
(2049, 'Terrenate'),
(2050, 'Lázaro Cárdenas'),
(2051, 'Emiliano Zapata'),
(2052, 'Atltzayanca'),
(2053, 'Cuapiaxtla'),
(2054, 'El Carmen Tequexquitla'),
(2055, 'Ixtenco'),
(2056, 'Ziltlaltépec de Trinidad Sánchez Santos'),
(2057, 'Apetatitlán de Antonio Carvajal'),
(2058, 'Amaxac de Guerrero'),
(2059, 'Santa Cruz Tlaxcala'),
(2060, 'Cuaxomulco'),
(2061, 'Contla de Juan Cuamatzi'),
(2062, 'Tepetitla de Lardizábal'),
(2063, 'Natívitas'),
(2064, 'Santa Apolonia Teacalco'),
(2065, 'Tetlatlahuca'),
(2066, 'San Damián Texóloc'),
(2067, 'San Jerónimo Zacualpan'),
(2068, 'Zacatelco'),
(2069, 'San Lorenzo Axocomanitla'),
(2070, 'Santa Catarina Ayometla'),
(2071, 'Xicohtzinco'),
(2072, 'Papalotla de Xicohténcatl'),
(2073, 'Chiautempan'),
(2074, 'La Magdalena Tlaltelulco'),
(2075, 'San Francisco Tetlanohcan'),
(2076, 'Teolocholco'),
(2077, 'Acuamanala de Miguel Hidalgo'),
(2078, 'Santa Cruz Quilehtla'),
(2079, 'Mazatecochco de José María Morelos'),
(2080, 'Tenancingo'),
(2081, 'San Pablo del Monte'),
(2082, 'Xalapa'),
(2083, 'Tlalnelhuayocan'),
(2084, 'Xico'),
(2085, 'Ixhuacán de los Reyes'),
(2086, 'Ayahualulco'),
(2087, 'Perote'),
(2088, 'Banderilla'),
(2089, 'Rafael Lucio'),
(2090, 'Acajete'),
(2091, 'Las Vigas de Ramírez'),
(2092, 'Villa Aldama'),
(2093, 'Tlacolulan'),
(2094, 'Tonayán'),
(2095, 'Coacoatzintla'),
(2096, 'Jilotepec'),
(2097, 'Naolinco'),
(2098, 'Miahuatlán'),
(2099, 'Acatlán'),
(2100, 'Tepetlán'),
(2101, 'Juchique de Ferrer'),
(2102, 'Alto Lucero de Gutiérrez Barrios'),
(2103, 'Actopan'),
(2104, 'Coatepec'),
(2105, 'Teocelo'),
(2106, 'Cosautlán de Carvajal'),
(2107, 'Emiliano Zapata'),
(2108, 'Apazapan'),
(2109, 'Puente Nacional'),
(2110, 'Ursulo Galván'),
(2111, 'Paso de Ovejas'),
(2112, 'La Antigua'),
(2113, 'Veracruz'),
(2114, 'Pánuco'),
(2115, 'Pueblo Viejo'),
(2116, 'Tampico Alto'),
(2117, 'Tempoal'),
(2118, 'Ozuluama de Mascareñas'),
(2119, 'Tantoyuca'),
(2120, 'Platón Sánchez'),
(2121, 'Chiconamel'),
(2122, 'Chalma'),
(2123, 'Chontla'),
(2124, 'Citlaltépetl'),
(2125, 'Ixcatepec'),
(2126, 'Naranjos Amatlán'),
(2127, 'El Higo'),
(2128, 'Chinampa de Gorostiza'),
(2129, 'Tantima'),
(2130, 'Tamalín'),
(2131, 'Cerro Azul'),
(2132, 'Tepetzintla'),
(2133, 'Tancoco'),
(2134, 'Tamiahua'),
(2135, 'Huayacocotla');
INSERT INTO `municipios` (`id`, `municipio`) VALUES
(2136, 'Ilamatlán'),
(2137, 'Zontecomatlán de López y Fuentes'),
(2138, 'Texcatepec'),
(2139, 'Zacualpan'),
(2140, 'Benito Juárez'),
(2141, 'Tlachichilco'),
(2142, 'Ixhuatlán de Madero'),
(2143, 'Chicontepec'),
(2144, 'Álamo Temapache'),
(2145, 'Tuxpan'),
(2146, 'Tihuatlán'),
(2147, 'Castillo de Teayo'),
(2148, 'Cazones de Herrera'),
(2149, 'Zozocolco de Hidalgo'),
(2150, 'Chumatlán'),
(2151, 'Coxquihui'),
(2152, 'Mecatlán'),
(2153, 'Filomeno Mata'),
(2154, 'Coahuitlán'),
(2155, 'Coyutla'),
(2156, 'Coatzintla'),
(2157, 'Espinal'),
(2158, 'Poza Rica de Hidalgo'),
(2159, 'Papantla'),
(2160, 'Gutiérrez Zamora'),
(2161, 'Tecolutla'),
(2162, 'Martínez de la Torre'),
(2163, 'San Rafael'),
(2164, 'Tlapacoyan'),
(2165, 'Jalacingo'),
(2166, 'Atzalan'),
(2167, 'Altotonga'),
(2168, 'Las Minas'),
(2169, 'Tatatila'),
(2170, 'Tenochtitlán'),
(2171, 'Nautla'),
(2172, 'Misantla'),
(2173, 'Landero y Coss'),
(2174, 'Chiconquiaco'),
(2175, 'Yecuatla'),
(2176, 'Colipa'),
(2177, 'Vega de Alatorre'),
(2178, 'Jalcomulco'),
(2179, 'Tlaltetela'),
(2180, 'Tenampa'),
(2181, 'Totutla'),
(2182, 'Sochiapa'),
(2183, 'Tlacotepec de Mejía'),
(2184, 'Huatusco'),
(2185, 'Calcahualco'),
(2186, 'Alpatláhuac'),
(2187, 'Coscomatepec'),
(2188, 'La Perla'),
(2189, 'Chocamán'),
(2190, 'Tomatlán'),
(2191, 'Ixhuatlán del Café'),
(2192, 'Tepatlaxco'),
(2193, 'Comapa'),
(2194, 'Zentla'),
(2195, 'Camarón de Tejeda'),
(2196, 'Soledad de Doblado'),
(2197, 'Manlio Fabio Altamirano'),
(2198, 'Jamapa'),
(2199, 'Medellín'),
(2200, 'Boca del Río'),
(2201, 'Orizaba'),
(2202, 'Rafael Delgado'),
(2203, 'Mariano Escobedo'),
(2204, 'Ixhuatlancillo'),
(2205, 'Atzacan'),
(2206, 'Ixtaczoquitlán'),
(2207, 'Fortín'),
(2208, 'Córdoba'),
(2209, 'Maltrata'),
(2210, 'Nogales'),
(2211, 'Río Blanco'),
(2212, 'Camerino Z. Mendoza'),
(2213, 'Aquila'),
(2214, 'Acultzingo'),
(2215, 'Soledad Atzompa'),
(2216, 'Huiloapan de Cuauhtémoc'),
(2217, 'Tlaquilpa'),
(2218, 'Astacinga'),
(2219, 'Xoxocotla'),
(2220, 'Atlahuilco'),
(2221, 'Tequila'),
(2222, 'San Andrés Tenejapan'),
(2223, 'Tlilapan'),
(2224, 'Magdalena'),
(2225, 'Naranjal'),
(2226, 'Coetzala'),
(2227, 'Omealca'),
(2228, 'Cuitláhuac'),
(2229, 'Cuichapa'),
(2230, 'Yanga'),
(2231, 'Amatlán de los Reyes'),
(2232, 'Atoyac'),
(2233, 'Paso del Macho'),
(2234, 'Carrillo Puerto'),
(2235, 'Cotaxtla'),
(2236, 'Zongolica'),
(2237, 'Tehuipango'),
(2238, 'Mixtla de Altamirano'),
(2239, 'Los Reyes'),
(2240, 'Texhuacán'),
(2241, 'Tezonapa'),
(2242, 'Tierra Blanca'),
(2243, 'Tlalixcoyan'),
(2244, 'Ignacio de la Llave'),
(2245, 'Alvarado'),
(2246, 'Lerdo de Tejada'),
(2247, 'Tres Valles'),
(2248, 'Carlos A. Carrillo'),
(2249, 'Cosamaloapan de Carpio'),
(2250, 'Ixmatlahuacan'),
(2251, 'Acula'),
(2252, 'Amatitlán'),
(2253, 'Tlacotalpan'),
(2254, 'Saltabarranca'),
(2255, 'Otatitlán'),
(2256, 'Tlacojalpan'),
(2257, 'Tuxtilla'),
(2258, 'Chacaltianguis'),
(2259, 'José Azueta'),
(2260, 'Playa Vicente'),
(2261, 'Santiago Sochiapan'),
(2262, 'Isla'),
(2263, 'Juan Rodríguez Clara'),
(2264, 'San Andrés Tuxtla'),
(2265, 'Santiago Tuxtla'),
(2266, 'Angel R. Cabada'),
(2267, 'Hueyapan de Ocampo'),
(2268, 'Catemaco'),
(2269, 'Soteapan'),
(2270, 'Mecayapan'),
(2271, 'Tatahuicapan de Juárez'),
(2272, 'Pajapan'),
(2273, 'Chinameca'),
(2274, 'Acayucan'),
(2275, 'San Juan Evangelista'),
(2276, 'Sayula de Alemán'),
(2277, 'Oluta'),
(2278, 'Soconusco'),
(2279, 'Texistepec'),
(2280, 'Jáltipan'),
(2281, 'Zaragoza'),
(2282, 'Oteapan'),
(2283, 'Cosoleacaque'),
(2284, 'Nanchital de Lázaro Cárdenas del Río'),
(2285, 'Ixhuatlán del Sureste'),
(2286, 'Moloacán'),
(2287, 'Coatzacoalcos'),
(2288, 'Agua Dulce'),
(2289, 'Minatitlán'),
(2290, 'Hidalgotitlán'),
(2291, 'Jesús Carranza'),
(2292, 'Las Choapas'),
(2293, 'Uxpanapa'),
(2294, 'Mérida'),
(2295, 'Progreso'),
(2296, 'Chicxulub Pueblo'),
(2297, 'Ixil'),
(2298, 'Conkal'),
(2299, 'Yaxkukul'),
(2300, 'Hunucmá'),
(2301, 'Ucú'),
(2302, 'Kinchil'),
(2303, 'Tetiz'),
(2304, 'Celestún'),
(2305, 'Kanasín'),
(2306, 'Timucuy'),
(2307, 'Acanceh'),
(2308, 'Tixpéhual'),
(2309, 'Umán'),
(2310, 'Telchac Pueblo'),
(2311, 'Dzemul'),
(2312, 'Telchac Puerto'),
(2313, 'Cansahcab'),
(2314, 'Sinanché'),
(2315, 'Yobaín'),
(2316, 'Motul'),
(2317, 'Baca'),
(2318, 'Mocochá'),
(2319, 'Muxupip'),
(2320, 'Cacalchén'),
(2321, 'Bokobá'),
(2322, 'Tixkokob'),
(2323, 'Hoctún'),
(2324, 'Tahmek'),
(2325, 'Dzidzantún'),
(2326, 'Temax'),
(2327, 'Tekantó'),
(2328, 'Teya'),
(2329, 'Suma'),
(2330, 'Tepakán'),
(2331, 'Tekal de Venegas'),
(2332, 'Izamal'),
(2333, 'Hocabá'),
(2334, 'Xocchel'),
(2335, 'Seyé'),
(2336, 'Cuzamá'),
(2337, 'Homún'),
(2338, 'Sanahcat'),
(2339, 'Huhí'),
(2340, 'Dzilam González'),
(2341, 'Dzilam de Bravo'),
(2342, 'Panabá'),
(2343, 'San Felipe'),
(2344, 'Buctzotz'),
(2345, 'Sucilá'),
(2346, 'Cenotillo'),
(2347, 'Dzoncauich'),
(2348, 'Tunkás'),
(2349, 'Quintana Roo'),
(2350, 'Dzitás'),
(2351, 'Kantunil'),
(2352, 'Sudzal'),
(2353, 'Tekit'),
(2354, 'Sotuta'),
(2355, 'Tizimín'),
(2356, 'Río Lagartos'),
(2357, 'Espita'),
(2358, 'Temozón'),
(2359, 'Calotmul'),
(2360, 'Tinum'),
(2361, 'Chankom'),
(2362, 'Chichimilá'),
(2363, 'Tixcacalcupul'),
(2364, 'Kaua'),
(2365, 'Cuncunul'),
(2366, 'Tekom'),
(2367, 'Chemax'),
(2368, 'Valladolid'),
(2369, 'Uayma'),
(2370, 'Maxcanú'),
(2371, 'Samahil'),
(2372, 'Opichén'),
(2373, 'Chocholá'),
(2374, 'Kopomá'),
(2375, 'Tecoh'),
(2376, 'Abalá'),
(2377, 'Halachó'),
(2378, 'Muna'),
(2379, 'Sacalum'),
(2380, 'Maní'),
(2381, 'Dzán'),
(2382, 'Chapab'),
(2383, 'Ticul'),
(2384, 'Oxkutzcab'),
(2385, 'Santa Elena'),
(2386, 'Mama'),
(2387, 'Chumayel'),
(2388, 'Mayapán'),
(2389, 'Teabo'),
(2390, 'Cantamayec'),
(2391, 'Yaxcabá'),
(2392, 'Peto'),
(2393, 'Chikindzonot'),
(2394, 'Tahdziú'),
(2395, 'Tixmehuac'),
(2396, 'Chacsinkín'),
(2397, 'Tzucacab'),
(2398, 'Tekax'),
(2399, 'Akil'),
(2400, 'Zacatecas'),
(2401, 'Morelos'),
(2402, 'Vetagrande'),
(2403, 'Concepción del Oro'),
(2404, 'Melchor Ocampo'),
(2405, 'Mazapil'),
(2406, 'El Salvador'),
(2407, 'Juan Aldama'),
(2408, 'Miguel Auza'),
(2409, 'General Francisco R. Murguía'),
(2410, 'Río Grande'),
(2411, 'Villa de Cos'),
(2412, 'Cañitas de Felipe Pescador'),
(2413, 'Calera'),
(2414, 'Pánuco'),
(2415, 'General Enrique Estrada'),
(2416, 'Guadalupe'),
(2417, 'Trancoso'),
(2418, 'Genaro Codina'),
(2419, 'Cuauhtémoc'),
(2420, 'Ojocaliente'),
(2421, 'General Pánfilo Natera'),
(2422, 'Luis Moya'),
(2423, 'Loreto'),
(2424, 'Villa González Ortega'),
(2425, 'Noria de Ángeles'),
(2426, 'Villa García'),
(2427, 'Pinos'),
(2428, 'Villa Hidalgo'),
(2429, 'Fresnillo'),
(2430, 'Sombrerete'),
(2431, 'Sain Alto'),
(2432, 'Valparaíso'),
(2433, 'Chalchihuites'),
(2434, 'Jiménez del Teul'),
(2435, 'Jerez'),
(2436, 'Monte Escobedo'),
(2437, 'Susticacán'),
(2438, 'Villanueva'),
(2439, 'Tepetongo'),
(2440, 'El Plateado de Joaquín Amaro'),
(2441, 'Jalpa'),
(2442, 'Tabasco'),
(2443, 'Huanusco'),
(2444, 'Tlaltenango de Sánchez Román'),
(2445, 'Momax'),
(2446, 'Atolinga'),
(2447, 'Tepechitlán'),
(2448, 'Benito Juárez'),
(2449, 'Teúl de González Ortega'),
(2450, 'Santa María de la Paz'),
(2451, 'Trinidad García de la Cadena'),
(2452, 'Mezquital del Oro'),
(2453, 'Nochistlán de Mejía'),
(2454, 'Apulco'),
(2455, 'Apozol'),
(2456, 'Juchipila'),
(2457, 'Moyahua de Estrada'),
(2458, 'Otro');

-- --------------------------------------------------------

--
-- Estructura de tabla para la tabla `paquetes`
--

CREATE TABLE `paquetes` (
  `idsystempaquete` int(11) NOT NULL,
  `paquetes_sku` varchar(15) NOT NULL,
  `paquetes_nombre` varchar(60) NOT NULL,
  `paquetes_desccorta` varchar(60) NOT NULL,
  `paquetes_desclarga` varchar(400) NOT NULL,
  `paquetes_desccompartir` varchar(400) DEFAULT NULL,
  `paquetes_pdf` varchar(70) DEFAULT NULL,
  `descuentos_idsystemdescuento` int(11) DEFAULT NULL,
  `paquetes_publicado` tinyint(1) NOT NULL,
  `paquetes_fechacracion` datetime NOT NULL
) ENGINE=InnoDB DEFAULT CHARSET=latin1 COLLATE=latin1_swedish_ci ROW_FORMAT=DYNAMIC;

-- --------------------------------------------------------

--
-- Estructura de tabla para la tabla `paquetes_catalogo_productos`
--

CREATE TABLE `paquetes_catalogo_productos` (
  `paquetes_idsystempaquete` int(11) NOT NULL,
  `catalogo_productos_idsystemcatpro` int(11) NOT NULL
) ENGINE=InnoDB DEFAULT CHARSET=latin1 COLLATE=latin1_swedish_ci ROW_FORMAT=DYNAMIC;

-- --------------------------------------------------------

--
-- Estructura de tabla para la tabla `services`
--

CREATE TABLE `services` (
  `id_service` int(11) NOT NULL,
  `service_name` varchar(50) DEFAULT NULL,
  `service_description` text CHARACTER SET armscii8 COLLATE armscii8_bin DEFAULT NULL,
  `id_category` int(11) DEFAULT NULL,
  `image_service` varchar(255) CHARACTER SET armscii8 COLLATE armscii8_bin DEFAULT NULL,
  `priority_home` int(11) DEFAULT NULL,
  `order_public` int(11) DEFAULT NULL,
  `created_at` datetime DEFAULT NULL,
  `updated_at` datetime DEFAULT NULL,
  `available` int(11) NOT NULL DEFAULT 1
) ENGINE=InnoDB DEFAULT CHARSET=utf8mb3 COLLATE=utf8mb3_spanish_ci ROW_FORMAT=DYNAMIC;

-- --------------------------------------------------------

--
-- Estructura de tabla para la tabla `states`
--

CREATE TABLE `states` (
  `id_state` int(4) NOT NULL,
  `state` varchar(100) NOT NULL DEFAULT '',
  `available` tinyint(1) NOT NULL DEFAULT 1,
  `created_by` int(8) NOT NULL DEFAULT 0,
  `updated_by` int(8) NOT NULL DEFAULT 0,
  `created_at` timestamp NOT NULL DEFAULT current_timestamp(),
  `updated_at` timestamp NOT NULL DEFAULT current_timestamp() ON UPDATE current_timestamp()
) ENGINE=InnoDB DEFAULT CHARSET=latin1 COLLATE=latin1_swedish_ci;

--
-- Volcado de datos para la tabla `states`
--

INSERT INTO `states` (`id_state`, `state`, `available`, `created_by`, `updated_by`, `created_at`, `updated_at`) VALUES
(1, 'Azerbaijan', 1, 0, 0, '2022-12-03 16:38:27', '2022-12-03 16:38:27'),
(2, 'Nargorni Karabakh', 1, 0, 0, '2022-12-03 16:38:27', '2022-12-03 16:38:27'),
(3, 'Nakhichevanskaya Region', 1, 0, 0, '2022-12-03 16:38:27', '2022-12-03 16:38:27'),
(4, 'Anguilla', 1, 0, 0, '2022-12-03 16:38:27', '2022-12-03 16:38:27'),
(5, 'Brestskaya obl.', 1, 0, 0, '2022-12-03 16:38:27', '2022-12-03 16:38:27'),
(6, 'Vitebskaya obl.', 1, 0, 0, '2022-12-03 16:38:27', '2022-12-03 16:38:27'),
(7, 'Gomelskaya obl.', 1, 0, 0, '2022-12-03 16:38:27', '2022-12-03 16:38:27'),
(8, 'Grodnenskaya obl.', 1, 0, 0, '2022-12-03 16:38:27', '2022-12-03 16:38:27'),
(9, 'Minskaya obl.', 1, 0, 0, '2022-12-03 16:38:27', '2022-12-03 16:38:27'),
(10, 'Mogilevskaya obl.', 1, 0, 0, '2022-12-03 16:38:27', '2022-12-03 16:38:27'),
(11, 'Belize', 1, 0, 0, '2022-12-03 16:38:27', '2022-12-03 16:38:27'),
(12, 'Hamilton', 1, 0, 0, '2022-12-03 16:38:27', '2022-12-03 16:38:27'),
(13, 'Dong Bang Song Cuu Long', 1, 0, 0, '2022-12-03 16:38:27', '2022-12-03 16:38:27'),
(14, 'Dong Bang Song Hong', 1, 0, 0, '2022-12-03 16:38:27', '2022-12-03 16:38:27'),
(15, 'Dong Nam Bo', 1, 0, 0, '2022-12-03 16:38:27', '2022-12-03 16:38:27'),
(16, 'Duyen Hai Mien Trung', 1, 0, 0, '2022-12-03 16:38:27', '2022-12-03 16:38:27'),
(17, 'Khu Bon Cu', 1, 0, 0, '2022-12-03 16:38:27', '2022-12-03 16:38:27'),
(18, 'Mien Nui Va Trung Du', 1, 0, 0, '2022-12-03 16:38:27', '2022-12-03 16:38:27'),
(19, 'Thai Nguyen', 1, 0, 0, '2022-12-03 16:38:27', '2022-12-03 16:38:27'),
(20, 'Artibonite', 1, 0, 0, '2022-12-03 16:38:27', '2022-12-03 16:38:27'),
(21, 'Grand&#039;Anse', 1, 0, 0, '2022-12-03 16:38:27', '2022-12-03 16:38:27'),
(22, 'North West', 1, 0, 0, '2022-12-03 16:38:27', '2022-12-03 16:38:27'),
(23, 'West', 1, 0, 0, '2022-12-03 16:38:27', '2022-12-03 16:38:27'),
(24, 'South', 1, 0, 0, '2022-12-03 16:38:27', '2022-12-03 16:38:27'),
(25, 'South East', 1, 0, 0, '2022-12-03 16:38:27', '2022-12-03 16:38:27'),
(26, 'Grande-Terre', 1, 0, 0, '2022-12-03 16:38:27', '2022-12-03 16:38:27'),
(27, 'Basse-Terre', 1, 0, 0, '2022-12-03 16:38:27', '2022-12-03 16:38:27'),
(28, 'Abkhazia', 1, 0, 0, '2022-12-03 16:38:27', '2022-12-03 16:38:27'),
(29, 'Ajaria', 1, 0, 0, '2022-12-03 16:38:27', '2022-12-03 16:38:27'),
(30, 'Georgia', 1, 0, 0, '2022-12-03 16:38:27', '2022-12-03 16:38:27'),
(31, 'South Ossetia', 1, 0, 0, '2022-12-03 16:38:27', '2022-12-03 16:38:27'),
(32, 'Al QÄhira', 1, 0, 0, '2022-12-03 16:38:27', '2022-12-03 16:38:27'),
(33, 'Aswan', 1, 0, 0, '2022-12-03 16:38:27', '2022-12-03 16:38:27'),
(34, 'Asyut', 1, 0, 0, '2022-12-03 16:38:27', '2022-12-03 16:38:27'),
(35, 'Beni Suef', 1, 0, 0, '2022-12-03 16:38:27', '2022-12-03 16:38:27'),
(36, 'Gharbia', 1, 0, 0, '2022-12-03 16:38:27', '2022-12-03 16:38:27'),
(37, 'Damietta', 1, 0, 0, '2022-12-03 16:38:27', '2022-12-03 16:38:27'),
(38, 'Southern District', 1, 0, 0, '2022-12-03 16:38:27', '2022-12-03 16:38:27'),
(39, 'Central District', 1, 0, 0, '2022-12-03 16:38:27', '2022-12-03 16:38:27'),
(40, 'Northern District', 1, 0, 0, '2022-12-03 16:38:27', '2022-12-03 16:38:27'),
(41, 'Haifa', 1, 0, 0, '2022-12-03 16:38:27', '2022-12-03 16:38:27'),
(42, 'Tel Aviv', 1, 0, 0, '2022-12-03 16:38:27', '2022-12-03 16:38:27'),
(43, 'Jerusalem', 1, 0, 0, '2022-12-03 16:38:27', '2022-12-03 16:38:27'),
(44, 'Bangala', 1, 0, 0, '2022-12-03 16:38:27', '2022-12-03 16:38:27'),
(45, 'Chhattisgarh', 1, 0, 0, '2022-12-03 16:38:27', '2022-12-03 16:38:27'),
(46, 'Karnataka', 1, 0, 0, '2022-12-03 16:38:27', '2022-12-03 16:38:27'),
(47, 'Uttaranchal', 1, 0, 0, '2022-12-03 16:38:27', '2022-12-03 16:38:27'),
(48, 'Andhara Pradesh', 1, 0, 0, '2022-12-03 16:38:27', '2022-12-03 16:38:27'),
(49, 'Assam', 1, 0, 0, '2022-12-03 16:38:27', '2022-12-03 16:38:27'),
(50, 'Bihar', 1, 0, 0, '2022-12-03 16:38:27', '2022-12-03 16:38:27'),
(51, 'Gujarat', 1, 0, 0, '2022-12-03 16:38:27', '2022-12-03 16:38:27'),
(52, 'Jammu and Kashmir', 1, 0, 0, '2022-12-03 16:38:27', '2022-12-03 16:38:27'),
(53, 'Kerala', 1, 0, 0, '2022-12-03 16:38:27', '2022-12-03 16:38:27'),
(54, 'Madhya Pradesh', 1, 0, 0, '2022-12-03 16:38:27', '2022-12-03 16:38:27'),
(55, 'Manipur', 1, 0, 0, '2022-12-03 16:38:27', '2022-12-03 16:38:27'),
(56, 'Maharashtra', 1, 0, 0, '2022-12-03 16:38:27', '2022-12-03 16:38:27'),
(57, 'Megahalaya', 1, 0, 0, '2022-12-03 16:38:27', '2022-12-03 16:38:27'),
(58, 'Orissa', 1, 0, 0, '2022-12-03 16:38:27', '2022-12-03 16:38:27'),
(59, 'Punjab', 1, 0, 0, '2022-12-03 16:38:27', '2022-12-03 16:38:27'),
(60, 'Pondisheri', 1, 0, 0, '2022-12-03 16:38:27', '2022-12-03 16:38:27'),
(61, 'Rajasthan', 1, 0, 0, '2022-12-03 16:38:27', '2022-12-03 16:38:27'),
(62, 'Tamil Nadu', 1, 0, 0, '2022-12-03 16:38:27', '2022-12-03 16:38:27'),
(63, 'Tripura', 1, 0, 0, '2022-12-03 16:38:27', '2022-12-03 16:38:27'),
(64, 'Uttar Pradesh', 1, 0, 0, '2022-12-03 16:38:27', '2022-12-03 16:38:27'),
(65, 'Haryana', 1, 0, 0, '2022-12-03 16:38:27', '2022-12-03 16:38:27'),
(66, 'Chandigarh', 1, 0, 0, '2022-12-03 16:38:27', '2022-12-03 16:38:27'),
(67, 'Azarbayjan-e Khavari', 1, 0, 0, '2022-12-03 16:38:27', '2022-12-03 16:38:27'),
(68, 'Esfahan', 1, 0, 0, '2022-12-03 16:38:27', '2022-12-03 16:38:27'),
(69, 'Hamadan', 1, 0, 0, '2022-12-03 16:38:27', '2022-12-03 16:38:27'),
(70, 'Kordestan', 1, 0, 0, '2022-12-03 16:38:27', '2022-12-03 16:38:27'),
(71, 'Markazi', 1, 0, 0, '2022-12-03 16:38:27', '2022-12-03 16:38:27'),
(72, 'Sistan-e Baluches', 1, 0, 0, '2022-12-03 16:38:27', '2022-12-03 16:38:27'),
(73, 'Yazd', 1, 0, 0, '2022-12-03 16:38:27', '2022-12-03 16:38:27'),
(74, 'Kerman', 1, 0, 0, '2022-12-03 16:38:27', '2022-12-03 16:38:27'),
(75, 'Kermanshakhan', 1, 0, 0, '2022-12-03 16:38:27', '2022-12-03 16:38:27'),
(76, 'Mazenderan', 1, 0, 0, '2022-12-03 16:38:27', '2022-12-03 16:38:27'),
(77, 'Tehran', 1, 0, 0, '2022-12-03 16:38:27', '2022-12-03 16:38:27'),
(78, 'Fars', 1, 0, 0, '2022-12-03 16:38:27', '2022-12-03 16:38:27'),
(79, 'Horasan', 1, 0, 0, '2022-12-03 16:38:27', '2022-12-03 16:38:27'),
(80, 'Husistan', 1, 0, 0, '2022-12-03 16:38:27', '2022-12-03 16:38:27'),
(81, 'Aktyubinskaya obl.', 1, 0, 0, '2022-12-03 16:38:27', '2022-12-03 16:38:27'),
(82, 'Alma-Atinskaya obl.', 1, 0, 0, '2022-12-03 16:38:27', '2022-12-03 16:38:27'),
(83, 'Vostochno-Kazahstanskaya obl.', 1, 0, 0, '2022-12-03 16:38:27', '2022-12-03 16:38:27'),
(84, 'Gurevskaya obl.', 1, 0, 0, '2022-12-03 16:38:27', '2022-12-03 16:38:27'),
(85, 'Zhambylskaya obl. (Dzhambulskaya obl.)', 1, 0, 0, '2022-12-03 16:38:27', '2022-12-03 16:38:27'),
(86, 'Dzhezkazganskaya obl.', 1, 0, 0, '2022-12-03 16:38:27', '2022-12-03 16:38:27'),
(87, 'Karagandinskaya obl.', 1, 0, 0, '2022-12-03 16:38:27', '2022-12-03 16:38:27'),
(88, 'Kzyl-Ordinskaya obl.', 1, 0, 0, '2022-12-03 16:38:27', '2022-12-03 16:38:27'),
(89, 'Kokchetavskaya obl.', 1, 0, 0, '2022-12-03 16:38:27', '2022-12-03 16:38:27'),
(90, 'Kustanaiskaya obl.', 1, 0, 0, '2022-12-03 16:38:27', '2022-12-03 16:38:27'),
(91, 'Mangystauskaya (Mangyshlakskaya obl.)', 1, 0, 0, '2022-12-03 16:38:27', '2022-12-03 16:38:27'),
(92, 'Pavlodarskaya obl.', 1, 0, 0, '2022-12-03 16:38:27', '2022-12-03 16:38:27'),
(93, 'Severo-Kazahstanskaya obl.', 1, 0, 0, '2022-12-03 16:38:27', '2022-12-03 16:38:27'),
(94, 'Taldy-Kurganskaya obl.', 1, 0, 0, '2022-12-03 16:38:27', '2022-12-03 16:38:27'),
(95, 'Turgaiskaya obl.', 1, 0, 0, '2022-12-03 16:38:27', '2022-12-03 16:38:27'),
(96, 'Akmolinskaya obl. (Tselinogradskaya obl.)', 1, 0, 0, '2022-12-03 16:38:27', '2022-12-03 16:38:27'),
(97, 'Chimkentskaya obl.', 1, 0, 0, '2022-12-03 16:38:27', '2022-12-03 16:38:27'),
(98, 'Littoral', 1, 0, 0, '2022-12-03 16:38:27', '2022-12-03 16:38:27'),
(99, 'Southwest Region', 1, 0, 0, '2022-12-03 16:38:27', '2022-12-03 16:38:27'),
(100, 'North', 1, 0, 0, '2022-12-03 16:38:27', '2022-12-03 16:38:27'),
(101, 'Central', 1, 0, 0, '2022-12-03 16:38:27', '2022-12-03 16:38:27'),
(102, 'Government controlled area', 1, 0, 0, '2022-12-03 16:38:27', '2022-12-03 16:38:27'),
(103, 'Turkish controlled area', 1, 0, 0, '2022-12-03 16:38:27', '2022-12-03 16:38:27'),
(104, 'Issik Kulskaya Region', 1, 0, 0, '2022-12-03 16:38:27', '2022-12-03 16:38:27'),
(105, 'Kyrgyzstan', 1, 0, 0, '2022-12-03 16:38:27', '2022-12-03 16:38:27'),
(106, 'Narinskaya Region', 1, 0, 0, '2022-12-03 16:38:27', '2022-12-03 16:38:27'),
(107, 'Oshskaya Region', 1, 0, 0, '2022-12-03 16:38:27', '2022-12-03 16:38:27'),
(108, 'Tallaskaya Region', 1, 0, 0, '2022-12-03 16:38:27', '2022-12-03 16:38:27'),
(109, 'al-Jahra', 1, 0, 0, '2022-12-03 16:38:27', '2022-12-03 16:38:27'),
(110, 'al-Kuwait', 1, 0, 0, '2022-12-03 16:38:27', '2022-12-03 16:38:27'),
(111, 'Latviya', 1, 0, 0, '2022-12-03 16:38:27', '2022-12-03 16:38:27'),
(112, 'Tarabulus', 1, 0, 0, '2022-12-03 16:38:27', '2022-12-03 16:38:27'),
(113, 'Bengasi', 1, 0, 0, '2022-12-03 16:38:27', '2022-12-03 16:38:27'),
(114, 'Litva', 1, 0, 0, '2022-12-03 16:38:27', '2022-12-03 16:38:27'),
(115, 'Moldova', 1, 0, 0, '2022-12-03 16:38:27', '2022-12-03 16:38:27'),
(116, 'Auckland', 1, 0, 0, '2022-12-03 16:38:27', '2022-12-03 16:38:27'),
(117, 'Bay of Plenty', 1, 0, 0, '2022-12-03 16:38:27', '2022-12-03 16:38:27'),
(118, 'Canterbury', 1, 0, 0, '2022-12-03 16:38:27', '2022-12-03 16:38:27'),
(119, 'Gisborne', 1, 0, 0, '2022-12-03 16:38:27', '2022-12-03 16:38:27'),
(120, 'Hawke&#039;s Bay', 1, 0, 0, '2022-12-03 16:38:27', '2022-12-03 16:38:27'),
(121, 'Manawatu-Wanganui', 1, 0, 0, '2022-12-03 16:38:27', '2022-12-03 16:38:27'),
(122, 'Marlborough', 1, 0, 0, '2022-12-03 16:38:27', '2022-12-03 16:38:27'),
(123, 'Nelson', 1, 0, 0, '2022-12-03 16:38:27', '2022-12-03 16:38:27'),
(124, 'Northland', 1, 0, 0, '2022-12-03 16:38:27', '2022-12-03 16:38:27'),
(125, 'Otago', 1, 0, 0, '2022-12-03 16:38:27', '2022-12-03 16:38:27'),
(126, 'Southland', 1, 0, 0, '2022-12-03 16:38:27', '2022-12-03 16:38:27'),
(127, 'Taranaki', 1, 0, 0, '2022-12-03 16:38:27', '2022-12-03 16:38:27'),
(128, 'Tasman', 1, 0, 0, '2022-12-03 16:38:27', '2022-12-03 16:38:27'),
(129, 'Waikato', 1, 0, 0, '2022-12-03 16:38:27', '2022-12-03 16:38:27'),
(130, 'Wellington', 1, 0, 0, '2022-12-03 16:38:27', '2022-12-03 16:38:27'),
(131, 'West Coast', 1, 0, 0, '2022-12-03 16:38:27', '2022-12-03 16:38:27'),
(132, 'Saint-Denis', 1, 0, 0, '2022-12-03 16:38:27', '2022-12-03 16:38:27'),
(133, 'Altaiskii krai', 1, 0, 0, '2022-12-03 16:38:27', '2022-12-03 16:38:27'),
(134, 'Amurskaya obl.', 1, 0, 0, '2022-12-03 16:38:27', '2022-12-03 16:38:27'),
(135, 'Arhangelskaya obl.', 1, 0, 0, '2022-12-03 16:38:27', '2022-12-03 16:38:27'),
(136, 'Astrahanskaya obl.', 1, 0, 0, '2022-12-03 16:38:27', '2022-12-03 16:38:27'),
(137, 'Bashkiriya obl.', 1, 0, 0, '2022-12-03 16:38:27', '2022-12-03 16:38:27'),
(138, 'Belgorodskaya obl.', 1, 0, 0, '2022-12-03 16:38:27', '2022-12-03 16:38:27'),
(139, 'Bryanskaya obl.', 1, 0, 0, '2022-12-03 16:38:27', '2022-12-03 16:38:27'),
(140, 'Buryatiya', 1, 0, 0, '2022-12-03 16:38:27', '2022-12-03 16:38:27'),
(141, 'Vladimirskaya obl.', 1, 0, 0, '2022-12-03 16:38:27', '2022-12-03 16:38:27'),
(142, 'Volgogradskaya obl.', 1, 0, 0, '2022-12-03 16:38:27', '2022-12-03 16:38:27'),
(143, 'Vologodskaya obl.', 1, 0, 0, '2022-12-03 16:38:27', '2022-12-03 16:38:27'),
(144, 'Voronezhskaya obl.', 1, 0, 0, '2022-12-03 16:38:27', '2022-12-03 16:38:27'),
(145, 'Nizhegorodskaya obl.', 1, 0, 0, '2022-12-03 16:38:27', '2022-12-03 16:38:27'),
(146, 'Dagestan', 1, 0, 0, '2022-12-03 16:38:27', '2022-12-03 16:38:27'),
(147, 'Evreiskaya obl.', 1, 0, 0, '2022-12-03 16:38:27', '2022-12-03 16:38:27'),
(148, 'Ivanovskaya obl.', 1, 0, 0, '2022-12-03 16:38:27', '2022-12-03 16:38:27'),
(149, 'Irkutskaya obl.', 1, 0, 0, '2022-12-03 16:38:27', '2022-12-03 16:38:27'),
(150, 'Kabardino-Balkariya', 1, 0, 0, '2022-12-03 16:38:27', '2022-12-03 16:38:27'),
(151, 'Kaliningradskaya obl.', 1, 0, 0, '2022-12-03 16:38:27', '2022-12-03 16:38:27'),
(152, 'Tverskaya obl.', 1, 0, 0, '2022-12-03 16:38:27', '2022-12-03 16:38:27'),
(153, 'Kalmykiya', 1, 0, 0, '2022-12-03 16:38:27', '2022-12-03 16:38:27'),
(154, 'Kaluzhskaya obl.', 1, 0, 0, '2022-12-03 16:38:27', '2022-12-03 16:38:27'),
(155, 'Kamchatskaya obl.', 1, 0, 0, '2022-12-03 16:38:27', '2022-12-03 16:38:27'),
(156, 'Kareliya', 1, 0, 0, '2022-12-03 16:38:27', '2022-12-03 16:38:27'),
(157, 'Kemerovskaya obl.', 1, 0, 0, '2022-12-03 16:38:27', '2022-12-03 16:38:27'),
(158, 'Kirovskaya obl.', 1, 0, 0, '2022-12-03 16:38:27', '2022-12-03 16:38:27'),
(159, 'Komi', 1, 0, 0, '2022-12-03 16:38:27', '2022-12-03 16:38:27'),
(160, 'Kostromskaya obl.', 1, 0, 0, '2022-12-03 16:38:27', '2022-12-03 16:38:27'),
(161, 'Krasnodarskii krai', 1, 0, 0, '2022-12-03 16:38:27', '2022-12-03 16:38:27'),
(162, 'Krasnoyarskii krai', 1, 0, 0, '2022-12-03 16:38:27', '2022-12-03 16:38:27'),
(163, 'Kurganskaya obl.', 1, 0, 0, '2022-12-03 16:38:27', '2022-12-03 16:38:27'),
(164, 'Kurskaya obl.', 1, 0, 0, '2022-12-03 16:38:27', '2022-12-03 16:38:27'),
(165, 'Lipetskaya obl.', 1, 0, 0, '2022-12-03 16:38:27', '2022-12-03 16:38:27'),
(166, 'Magadanskaya obl.', 1, 0, 0, '2022-12-03 16:38:27', '2022-12-03 16:38:27'),
(167, 'Marii El', 1, 0, 0, '2022-12-03 16:38:27', '2022-12-03 16:38:27'),
(168, 'Mordoviya', 1, 0, 0, '2022-12-03 16:38:27', '2022-12-03 16:38:27'),
(169, 'Moscow &amp; Moscow Region', 1, 0, 0, '2022-12-03 16:38:27', '2022-12-03 16:38:27'),
(170, 'Murmanskaya obl.', 1, 0, 0, '2022-12-03 16:38:27', '2022-12-03 16:38:27'),
(171, 'Novgorodskaya obl.', 1, 0, 0, '2022-12-03 16:38:27', '2022-12-03 16:38:27'),
(172, 'Novosibirskaya obl.', 1, 0, 0, '2022-12-03 16:38:27', '2022-12-03 16:38:27'),
(173, 'Omskaya obl.', 1, 0, 0, '2022-12-03 16:38:27', '2022-12-03 16:38:27'),
(174, 'Orenburgskaya obl.', 1, 0, 0, '2022-12-03 16:38:27', '2022-12-03 16:38:27'),
(175, 'Orlovskaya obl.', 1, 0, 0, '2022-12-03 16:38:27', '2022-12-03 16:38:27'),
(176, 'Penzenskaya obl.', 1, 0, 0, '2022-12-03 16:38:27', '2022-12-03 16:38:27'),
(177, 'Permskiy krai', 1, 0, 0, '2022-12-03 16:38:27', '2022-12-03 16:38:27'),
(178, 'Primorskii krai', 1, 0, 0, '2022-12-03 16:38:27', '2022-12-03 16:38:27'),
(179, 'Pskovskaya obl.', 1, 0, 0, '2022-12-03 16:38:27', '2022-12-03 16:38:27'),
(180, 'Rostovskaya obl.', 1, 0, 0, '2022-12-03 16:38:27', '2022-12-03 16:38:27'),
(181, 'Ryazanskaya obl.', 1, 0, 0, '2022-12-03 16:38:27', '2022-12-03 16:38:27'),
(182, 'Samarskaya obl.', 1, 0, 0, '2022-12-03 16:38:27', '2022-12-03 16:38:27'),
(183, 'Saint-Petersburg and Region', 1, 0, 0, '2022-12-03 16:38:27', '2022-12-03 16:38:27'),
(184, 'Saratovskaya obl.', 1, 0, 0, '2022-12-03 16:38:27', '2022-12-03 16:38:27'),
(185, 'Saha (Yakutiya)', 1, 0, 0, '2022-12-03 16:38:27', '2022-12-03 16:38:27'),
(186, 'Sahalin', 1, 0, 0, '2022-12-03 16:38:27', '2022-12-03 16:38:27'),
(187, 'Sverdlovskaya obl.', 1, 0, 0, '2022-12-03 16:38:27', '2022-12-03 16:38:27'),
(188, 'Severnaya Osetiya', 1, 0, 0, '2022-12-03 16:38:27', '2022-12-03 16:38:27'),
(189, 'Smolenskaya obl.', 1, 0, 0, '2022-12-03 16:38:27', '2022-12-03 16:38:27'),
(190, 'Stavropolskii krai', 1, 0, 0, '2022-12-03 16:38:27', '2022-12-03 16:38:27'),
(191, 'Tambovskaya obl.', 1, 0, 0, '2022-12-03 16:38:27', '2022-12-03 16:38:27'),
(192, 'Tatarstan', 1, 0, 0, '2022-12-03 16:38:27', '2022-12-03 16:38:27'),
(193, 'Tomskaya obl.', 1, 0, 0, '2022-12-03 16:38:27', '2022-12-03 16:38:27'),
(195, 'Tulskaya obl.', 1, 0, 0, '2022-12-03 16:38:27', '2022-12-03 16:38:27'),
(196, 'Tyumenskaya obl. i Hanty-Mansiiskii AO', 1, 0, 0, '2022-12-03 16:38:27', '2022-12-03 16:38:27'),
(197, 'Udmurtiya', 1, 0, 0, '2022-12-03 16:38:27', '2022-12-03 16:38:27'),
(198, 'Ulyanovskaya obl.', 1, 0, 0, '2022-12-03 16:38:27', '2022-12-03 16:38:27'),
(199, 'Uralskaya obl.', 1, 0, 0, '2022-12-03 16:38:27', '2022-12-03 16:38:27'),
(200, 'Habarovskii krai', 1, 0, 0, '2022-12-03 16:38:27', '2022-12-03 16:38:27'),
(201, 'Chelyabinskaya obl.', 1, 0, 0, '2022-12-03 16:38:27', '2022-12-03 16:38:27'),
(202, 'Checheno-Ingushetiya', 1, 0, 0, '2022-12-03 16:38:27', '2022-12-03 16:38:27'),
(203, 'Chitinskaya obl.', 1, 0, 0, '2022-12-03 16:38:27', '2022-12-03 16:38:27'),
(204, 'Chuvashiya', 1, 0, 0, '2022-12-03 16:38:27', '2022-12-03 16:38:27'),
(205, 'Yaroslavskaya obl.', 1, 0, 0, '2022-12-03 16:38:27', '2022-12-03 16:38:27'),
(206, 'Ahuachapán', 1, 0, 0, '2022-12-03 16:38:27', '2022-12-03 16:38:27'),
(207, 'Cuscatlán', 1, 0, 0, '2022-12-03 16:38:27', '2022-12-03 16:38:27'),
(208, 'La Libertad', 1, 0, 0, '2022-12-03 16:38:27', '2022-12-03 16:38:27'),
(209, 'La Paz', 1, 0, 0, '2022-12-03 16:38:27', '2022-12-03 16:38:27'),
(210, 'La Unión', 1, 0, 0, '2022-12-03 16:38:27', '2022-12-03 16:38:27'),
(211, 'San Miguel', 1, 0, 0, '2022-12-03 16:38:27', '2022-12-03 16:38:27'),
(212, 'San Salvador', 1, 0, 0, '2022-12-03 16:38:27', '2022-12-03 16:38:27'),
(213, 'Santa Ana', 1, 0, 0, '2022-12-03 16:38:27', '2022-12-03 16:38:27'),
(214, 'Sonsonate', 1, 0, 0, '2022-12-03 16:38:27', '2022-12-03 16:38:27'),
(215, 'Paramaribo', 1, 0, 0, '2022-12-03 16:38:27', '2022-12-03 16:38:27'),
(216, 'Gorno-Badakhshan Region', 1, 0, 0, '2022-12-03 16:38:27', '2022-12-03 16:38:27'),
(217, 'Kuljabsk Region', 1, 0, 0, '2022-12-03 16:38:27', '2022-12-03 16:38:27'),
(218, 'Kurgan-Tjube Region', 1, 0, 0, '2022-12-03 16:38:27', '2022-12-03 16:38:27'),
(219, 'Sughd Region', 1, 0, 0, '2022-12-03 16:38:27', '2022-12-03 16:38:27'),
(220, 'Tajikistan', 1, 0, 0, '2022-12-03 16:38:27', '2022-12-03 16:38:27'),
(221, 'Ashgabat Region', 1, 0, 0, '2022-12-03 16:38:27', '2022-12-03 16:38:27'),
(222, 'Krasnovodsk Region', 1, 0, 0, '2022-12-03 16:38:27', '2022-12-03 16:38:27'),
(223, 'Mary Region', 1, 0, 0, '2022-12-03 16:38:27', '2022-12-03 16:38:27'),
(224, 'Tashauz Region', 1, 0, 0, '2022-12-03 16:38:27', '2022-12-03 16:38:27'),
(225, 'Chardzhou Region', 1, 0, 0, '2022-12-03 16:38:27', '2022-12-03 16:38:27'),
(226, 'Grand Turk', 1, 0, 0, '2022-12-03 16:38:27', '2022-12-03 16:38:27'),
(227, 'Bartin', 1, 0, 0, '2022-12-03 16:38:27', '2022-12-03 16:38:27'),
(228, 'Bayburt', 1, 0, 0, '2022-12-03 16:38:27', '2022-12-03 16:38:27'),
(229, 'Karabuk', 1, 0, 0, '2022-12-03 16:38:27', '2022-12-03 16:38:27'),
(230, 'Adana', 1, 0, 0, '2022-12-03 16:38:27', '2022-12-03 16:38:27'),
(231, 'Aydin', 1, 0, 0, '2022-12-03 16:38:27', '2022-12-03 16:38:27'),
(232, 'Amasya', 1, 0, 0, '2022-12-03 16:38:27', '2022-12-03 16:38:27'),
(233, 'Ankara', 1, 0, 0, '2022-12-03 16:38:27', '2022-12-03 16:38:27'),
(234, 'Antalya', 1, 0, 0, '2022-12-03 16:38:27', '2022-12-03 16:38:27'),
(235, 'Artvin', 1, 0, 0, '2022-12-03 16:38:27', '2022-12-03 16:38:27'),
(236, 'Afion', 1, 0, 0, '2022-12-03 16:38:27', '2022-12-03 16:38:27'),
(237, 'Balikesir', 1, 0, 0, '2022-12-03 16:38:27', '2022-12-03 16:38:27'),
(238, 'Bilecik', 1, 0, 0, '2022-12-03 16:38:27', '2022-12-03 16:38:27'),
(239, 'Bursa', 1, 0, 0, '2022-12-03 16:38:27', '2022-12-03 16:38:27'),
(240, 'Gaziantep', 1, 0, 0, '2022-12-03 16:38:27', '2022-12-03 16:38:27'),
(241, 'Denizli', 1, 0, 0, '2022-12-03 16:38:27', '2022-12-03 16:38:27'),
(242, 'Izmir', 1, 0, 0, '2022-12-03 16:38:27', '2022-12-03 16:38:27'),
(243, 'Isparta', 1, 0, 0, '2022-12-03 16:38:27', '2022-12-03 16:38:27'),
(244, 'Icel', 1, 0, 0, '2022-12-03 16:38:27', '2022-12-03 16:38:27'),
(245, 'Kayseri', 1, 0, 0, '2022-12-03 16:38:27', '2022-12-03 16:38:27'),
(246, 'Kars', 1, 0, 0, '2022-12-03 16:38:27', '2022-12-03 16:38:27'),
(247, 'Kodjaeli', 1, 0, 0, '2022-12-03 16:38:27', '2022-12-03 16:38:27'),
(248, 'Konya', 1, 0, 0, '2022-12-03 16:38:27', '2022-12-03 16:38:27'),
(249, 'Kirklareli', 1, 0, 0, '2022-12-03 16:38:27', '2022-12-03 16:38:27'),
(250, 'Kutahya', 1, 0, 0, '2022-12-03 16:38:27', '2022-12-03 16:38:27'),
(251, 'Malatya', 1, 0, 0, '2022-12-03 16:38:27', '2022-12-03 16:38:27'),
(252, 'Manisa', 1, 0, 0, '2022-12-03 16:38:27', '2022-12-03 16:38:27'),
(253, 'Sakarya', 1, 0, 0, '2022-12-03 16:38:27', '2022-12-03 16:38:27'),
(254, 'Samsun', 1, 0, 0, '2022-12-03 16:38:27', '2022-12-03 16:38:27'),
(255, 'Sivas', 1, 0, 0, '2022-12-03 16:38:27', '2022-12-03 16:38:27'),
(256, 'Istanbul', 1, 0, 0, '2022-12-03 16:38:27', '2022-12-03 16:38:27'),
(257, 'Trabzon', 1, 0, 0, '2022-12-03 16:38:27', '2022-12-03 16:38:27'),
(258, 'Corum', 1, 0, 0, '2022-12-03 16:38:27', '2022-12-03 16:38:27'),
(259, 'Edirne', 1, 0, 0, '2022-12-03 16:38:27', '2022-12-03 16:38:27'),
(260, 'Elazig', 1, 0, 0, '2022-12-03 16:38:27', '2022-12-03 16:38:27'),
(261, 'Erzincan', 1, 0, 0, '2022-12-03 16:38:27', '2022-12-03 16:38:27'),
(262, 'Erzurum', 1, 0, 0, '2022-12-03 16:38:27', '2022-12-03 16:38:27'),
(263, 'Eskisehir', 1, 0, 0, '2022-12-03 16:38:27', '2022-12-03 16:38:27'),
(264, 'Jinja', 1, 0, 0, '2022-12-03 16:38:27', '2022-12-03 16:38:27'),
(265, 'Kampala', 1, 0, 0, '2022-12-03 16:38:27', '2022-12-03 16:38:27'),
(266, 'Andijon Region', 1, 0, 0, '2022-12-03 16:38:27', '2022-12-03 16:38:27'),
(267, 'Buxoro Region', 1, 0, 0, '2022-12-03 16:38:27', '2022-12-03 16:38:27'),
(268, 'Jizzac Region', 1, 0, 0, '2022-12-03 16:38:27', '2022-12-03 16:38:27'),
(269, 'Qaraqalpaqstan', 1, 0, 0, '2022-12-03 16:38:27', '2022-12-03 16:38:27'),
(270, 'Qashqadaryo Region', 1, 0, 0, '2022-12-03 16:38:27', '2022-12-03 16:38:27'),
(271, 'Navoiy Region', 1, 0, 0, '2022-12-03 16:38:27', '2022-12-03 16:38:27'),
(272, 'Namangan Region', 1, 0, 0, '2022-12-03 16:38:27', '2022-12-03 16:38:27'),
(273, 'Samarqand Region', 1, 0, 0, '2022-12-03 16:38:27', '2022-12-03 16:38:27'),
(274, 'Surxondaryo Region', 1, 0, 0, '2022-12-03 16:38:27', '2022-12-03 16:38:27'),
(275, 'Sirdaryo Region', 1, 0, 0, '2022-12-03 16:38:27', '2022-12-03 16:38:27'),
(276, 'Tashkent Region', 1, 0, 0, '2022-12-03 16:38:27', '2022-12-03 16:38:27'),
(277, 'Fergana Region', 1, 0, 0, '2022-12-03 16:38:27', '2022-12-03 16:38:27'),
(278, 'Xorazm Region', 1, 0, 0, '2022-12-03 16:38:27', '2022-12-03 16:38:27'),
(279, 'Vinnitskaya obl.', 1, 0, 0, '2022-12-03 16:38:27', '2022-12-03 16:38:27'),
(280, 'Volynskaya obl.', 1, 0, 0, '2022-12-03 16:38:27', '2022-12-03 16:38:27'),
(281, 'Dnepropetrovskaya obl.', 1, 0, 0, '2022-12-03 16:38:27', '2022-12-03 16:38:27'),
(282, 'Donetskaya obl.', 1, 0, 0, '2022-12-03 16:38:27', '2022-12-03 16:38:27'),
(283, 'Zhitomirskaya obl.', 1, 0, 0, '2022-12-03 16:38:27', '2022-12-03 16:38:27'),
(284, 'Zakarpatskaya obl.', 1, 0, 0, '2022-12-03 16:38:27', '2022-12-03 16:38:27'),
(285, 'Zaporozhskaya obl.', 1, 0, 0, '2022-12-03 16:38:27', '2022-12-03 16:38:27'),
(286, 'Ivano-Frankovskaya obl.', 1, 0, 0, '2022-12-03 16:38:27', '2022-12-03 16:38:27'),
(287, 'Kievskaya obl.', 1, 0, 0, '2022-12-03 16:38:27', '2022-12-03 16:38:27'),
(288, 'Kirovogradskaya obl.', 1, 0, 0, '2022-12-03 16:38:27', '2022-12-03 16:38:27'),
(289, 'Krymskaya obl.', 1, 0, 0, '2022-12-03 16:38:27', '2022-12-03 16:38:27'),
(290, 'Luganskaya obl.', 1, 0, 0, '2022-12-03 16:38:27', '2022-12-03 16:38:27'),
(291, 'Lvovskaya obl.', 1, 0, 0, '2022-12-03 16:38:27', '2022-12-03 16:38:27'),
(292, 'Nikolaevskaya obl.', 1, 0, 0, '2022-12-03 16:38:27', '2022-12-03 16:38:27'),
(293, 'Odesskaya obl.', 1, 0, 0, '2022-12-03 16:38:27', '2022-12-03 16:38:27'),
(294, 'Poltavskaya obl.', 1, 0, 0, '2022-12-03 16:38:27', '2022-12-03 16:38:27'),
(295, 'Rovenskaya obl.', 1, 0, 0, '2022-12-03 16:38:27', '2022-12-03 16:38:27'),
(296, 'Sumskaya obl.', 1, 0, 0, '2022-12-03 16:38:27', '2022-12-03 16:38:27'),
(297, 'Ternopolskaya obl.', 1, 0, 0, '2022-12-03 16:38:27', '2022-12-03 16:38:27'),
(298, 'Harkovskaya obl.', 1, 0, 0, '2022-12-03 16:38:27', '2022-12-03 16:38:27'),
(299, 'Hersonskaya obl.', 1, 0, 0, '2022-12-03 16:38:27', '2022-12-03 16:38:27'),
(300, 'Hmelnitskaya obl.', 1, 0, 0, '2022-12-03 16:38:27', '2022-12-03 16:38:27'),
(301, 'Cherkasskaya obl.', 1, 0, 0, '2022-12-03 16:38:27', '2022-12-03 16:38:27'),
(302, 'Chernigovskaya obl.', 1, 0, 0, '2022-12-03 16:38:27', '2022-12-03 16:38:27'),
(303, 'Chernovitskaya obl.', 1, 0, 0, '2022-12-03 16:38:27', '2022-12-03 16:38:27'),
(304, 'Estoniya', 1, 0, 0, '2022-12-03 16:38:27', '2022-12-03 16:38:27'),
(305, 'Cheju', 1, 0, 0, '2022-12-03 16:38:27', '2022-12-03 16:38:27'),
(306, 'Chollabuk', 1, 0, 0, '2022-12-03 16:38:27', '2022-12-03 16:38:27'),
(307, 'Chollanam', 1, 0, 0, '2022-12-03 16:38:27', '2022-12-03 16:38:27'),
(308, 'Chungcheongbuk', 1, 0, 0, '2022-12-03 16:38:27', '2022-12-03 16:38:27'),
(309, 'Chungcheongnam', 1, 0, 0, '2022-12-03 16:38:27', '2022-12-03 16:38:27'),
(310, 'Incheon', 1, 0, 0, '2022-12-03 16:38:27', '2022-12-03 16:38:27'),
(311, 'Kangweon', 1, 0, 0, '2022-12-03 16:38:27', '2022-12-03 16:38:27'),
(312, 'Kwangju', 1, 0, 0, '2022-12-03 16:38:27', '2022-12-03 16:38:27'),
(313, 'Kyeonggi', 1, 0, 0, '2022-12-03 16:38:27', '2022-12-03 16:38:27'),
(314, 'Kyeongsangbuk', 1, 0, 0, '2022-12-03 16:38:27', '2022-12-03 16:38:27'),
(315, 'Kyeongsangnam', 1, 0, 0, '2022-12-03 16:38:27', '2022-12-03 16:38:27'),
(316, 'Pusan', 1, 0, 0, '2022-12-03 16:38:27', '2022-12-03 16:38:27'),
(317, 'Seoul', 1, 0, 0, '2022-12-03 16:38:27', '2022-12-03 16:38:27'),
(318, 'Taegu', 1, 0, 0, '2022-12-03 16:38:27', '2022-12-03 16:38:27'),
(319, 'Taejeon', 1, 0, 0, '2022-12-03 16:38:27', '2022-12-03 16:38:27'),
(320, 'Ulsan', 1, 0, 0, '2022-12-03 16:38:27', '2022-12-03 16:38:27'),
(321, 'Aichi', 1, 0, 0, '2022-12-03 16:38:27', '2022-12-03 16:38:27'),
(322, 'Akita', 1, 0, 0, '2022-12-03 16:38:27', '2022-12-03 16:38:27'),
(323, 'Aomori', 1, 0, 0, '2022-12-03 16:38:27', '2022-12-03 16:38:27'),
(324, 'Wakayama', 1, 0, 0, '2022-12-03 16:38:27', '2022-12-03 16:38:27'),
(325, 'Gifu', 1, 0, 0, '2022-12-03 16:38:27', '2022-12-03 16:38:27'),
(326, 'Gunma', 1, 0, 0, '2022-12-03 16:38:27', '2022-12-03 16:38:27'),
(327, 'Ibaraki', 1, 0, 0, '2022-12-03 16:38:27', '2022-12-03 16:38:27'),
(328, 'Iwate', 1, 0, 0, '2022-12-03 16:38:27', '2022-12-03 16:38:27'),
(329, 'Ishikawa', 1, 0, 0, '2022-12-03 16:38:27', '2022-12-03 16:38:27'),
(330, 'Kagawa', 1, 0, 0, '2022-12-03 16:38:27', '2022-12-03 16:38:27'),
(331, 'Kagoshima', 1, 0, 0, '2022-12-03 16:38:27', '2022-12-03 16:38:27'),
(332, 'Kanagawa', 1, 0, 0, '2022-12-03 16:38:27', '2022-12-03 16:38:27'),
(333, 'Kyoto', 1, 0, 0, '2022-12-03 16:38:27', '2022-12-03 16:38:27'),
(334, 'Kochi', 1, 0, 0, '2022-12-03 16:38:27', '2022-12-03 16:38:27'),
(335, 'Kumamoto', 1, 0, 0, '2022-12-03 16:38:27', '2022-12-03 16:38:27'),
(336, 'Mie', 1, 0, 0, '2022-12-03 16:38:27', '2022-12-03 16:38:27'),
(337, 'Miyagi', 1, 0, 0, '2022-12-03 16:38:27', '2022-12-03 16:38:27'),
(338, 'Miyazaki', 1, 0, 0, '2022-12-03 16:38:27', '2022-12-03 16:38:27'),
(339, 'Nagano', 1, 0, 0, '2022-12-03 16:38:27', '2022-12-03 16:38:27'),
(340, 'Nagasaki', 1, 0, 0, '2022-12-03 16:38:27', '2022-12-03 16:38:27'),
(341, 'Nara', 1, 0, 0, '2022-12-03 16:38:27', '2022-12-03 16:38:27'),
(342, 'Niigata', 1, 0, 0, '2022-12-03 16:38:27', '2022-12-03 16:38:27'),
(343, 'Okayama', 1, 0, 0, '2022-12-03 16:38:27', '2022-12-03 16:38:27'),
(344, 'Okinawa', 1, 0, 0, '2022-12-03 16:38:27', '2022-12-03 16:38:27'),
(345, 'Osaka', 1, 0, 0, '2022-12-03 16:38:27', '2022-12-03 16:38:27'),
(346, 'Saga', 1, 0, 0, '2022-12-03 16:38:27', '2022-12-03 16:38:27'),
(347, 'Saitama', 1, 0, 0, '2022-12-03 16:38:27', '2022-12-03 16:38:27'),
(348, 'Shiga', 1, 0, 0, '2022-12-03 16:38:27', '2022-12-03 16:38:27'),
(349, 'Shizuoka', 1, 0, 0, '2022-12-03 16:38:27', '2022-12-03 16:38:27'),
(350, 'Shimane', 1, 0, 0, '2022-12-03 16:38:27', '2022-12-03 16:38:27'),
(351, 'Tiba', 1, 0, 0, '2022-12-03 16:38:27', '2022-12-03 16:38:27'),
(352, 'Tokyo', 1, 0, 0, '2022-12-03 16:38:27', '2022-12-03 16:38:27'),
(353, 'Tokushima', 1, 0, 0, '2022-12-03 16:38:27', '2022-12-03 16:38:27'),
(354, 'Tochigi', 1, 0, 0, '2022-12-03 16:38:27', '2022-12-03 16:38:27'),
(355, 'Tottori', 1, 0, 0, '2022-12-03 16:38:27', '2022-12-03 16:38:27'),
(356, 'Toyama', 1, 0, 0, '2022-12-03 16:38:27', '2022-12-03 16:38:27'),
(357, 'Fukui', 1, 0, 0, '2022-12-03 16:38:27', '2022-12-03 16:38:27'),
(358, 'Fukuoka', 1, 0, 0, '2022-12-03 16:38:27', '2022-12-03 16:38:27'),
(359, 'Fukushima', 1, 0, 0, '2022-12-03 16:38:27', '2022-12-03 16:38:27'),
(360, 'Hiroshima', 1, 0, 0, '2022-12-03 16:38:27', '2022-12-03 16:38:27'),
(361, 'Hokkaido', 1, 0, 0, '2022-12-03 16:38:27', '2022-12-03 16:38:27'),
(362, 'Hyogo', 1, 0, 0, '2022-12-03 16:38:27', '2022-12-03 16:38:27'),
(363, 'Yoshimi', 1, 0, 0, '2022-12-03 16:38:27', '2022-12-03 16:38:27'),
(364, 'Yamagata', 1, 0, 0, '2022-12-03 16:38:27', '2022-12-03 16:38:27'),
(365, 'Yamaguchi', 1, 0, 0, '2022-12-03 16:38:27', '2022-12-03 16:38:27'),
(366, 'Yamanashi', 1, 0, 0, '2022-12-03 16:38:27', '2022-12-03 16:38:27'),
(368, 'Hong Kong', 1, 0, 0, '2022-12-03 16:38:27', '2022-12-03 16:38:27'),
(369, 'Indonesia', 1, 0, 0, '2022-12-03 16:38:27', '2022-12-03 16:38:27'),
(370, 'Jordan', 1, 0, 0, '2022-12-03 16:38:27', '2022-12-03 16:38:27'),
(371, 'Malaysia', 1, 0, 0, '2022-12-03 16:38:27', '2022-12-03 16:38:27'),
(372, 'Singapore', 1, 0, 0, '2022-12-03 16:38:27', '2022-12-03 16:38:27'),
(373, 'Taiwan', 1, 0, 0, '2022-12-03 16:38:27', '2022-12-03 16:38:27'),
(374, 'Kazahstan', 1, 0, 0, '2022-12-03 16:38:27', '2022-12-03 16:38:27'),
(375, 'Ukraina', 1, 0, 0, '2022-12-03 16:38:27', '2022-12-03 16:38:27'),
(376, 'India', 1, 0, 0, '2022-12-03 16:38:27', '2022-12-03 16:38:27'),
(377, 'Egypt', 1, 0, 0, '2022-12-03 16:38:27', '2022-12-03 16:38:27'),
(378, 'Damascus', 1, 0, 0, '2022-12-03 16:38:27', '2022-12-03 16:38:27'),
(379, 'Isle of Man', 1, 0, 0, '2022-12-03 16:38:27', '2022-12-03 16:38:27'),
(380, 'Zapadno-Kazahstanskaya obl.', 1, 0, 0, '2022-12-03 16:38:27', '2022-12-03 16:38:27'),
(381, 'Adygeya', 1, 0, 0, '2022-12-03 16:38:27', '2022-12-03 16:38:27'),
(382, 'Hakasiya', 1, 0, 0, '2022-12-03 16:38:27', '2022-12-03 16:38:27'),
(383, 'Dubai', 1, 0, 0, '2022-12-03 16:38:27', '2022-12-03 16:38:27'),
(384, 'Chukotskii AO', 1, 0, 0, '2022-12-03 16:38:27', '2022-12-03 16:38:27'),
(385, 'Beirut', 1, 0, 0, '2022-12-03 16:38:27', '2022-12-03 16:38:27'),
(386, 'Tegucigalpa', 1, 0, 0, '2022-12-03 16:38:27', '2022-12-03 16:38:27'),
(387, 'Santo Domingo', 1, 0, 0, '2022-12-03 16:38:27', '2022-12-03 16:38:27'),
(388, 'Ulan Bator', 1, 0, 0, '2022-12-03 16:38:27', '2022-12-03 16:38:27'),
(389, 'Sinai', 1, 0, 0, '2022-12-03 16:38:27', '2022-12-03 16:38:27'),
(390, 'Baghdad', 1, 0, 0, '2022-12-03 16:38:27', '2022-12-03 16:38:27'),
(391, 'Basra', 1, 0, 0, '2022-12-03 16:38:27', '2022-12-03 16:38:27'),
(392, 'Mosul', 1, 0, 0, '2022-12-03 16:38:27', '2022-12-03 16:38:27'),
(393, 'Johannesburg', 1, 0, 0, '2022-12-03 16:38:27', '2022-12-03 16:38:27'),
(394, 'Morocco', 1, 0, 0, '2022-12-03 16:38:27', '2022-12-03 16:38:27'),
(395, 'Tangier', 1, 0, 0, '2022-12-03 16:38:27', '2022-12-03 16:38:27'),
(396, 'Yamalo-Nenetskii AO', 1, 0, 0, '2022-12-03 16:38:27', '2022-12-03 16:38:27'),
(397, 'Tunisia', 1, 0, 0, '2022-12-03 16:38:27', '2022-12-03 16:38:27'),
(398, 'Thailand', 1, 0, 0, '2022-12-03 16:38:27', '2022-12-03 16:38:27'),
(399, 'Mozambique', 1, 0, 0, '2022-12-03 16:38:27', '2022-12-03 16:38:27'),
(400, 'Korea', 1, 0, 0, '2022-12-03 16:38:27', '2022-12-03 16:38:27'),
(401, 'Pakistan', 1, 0, 0, '2022-12-03 16:38:27', '2022-12-03 16:38:27'),
(402, 'Aruba', 1, 0, 0, '2022-12-03 16:38:27', '2022-12-03 16:38:27'),
(403, 'Bahamas', 1, 0, 0, '2022-12-03 16:38:27', '2022-12-03 16:38:27'),
(404, 'South Korea', 1, 0, 0, '2022-12-03 16:38:27', '2022-12-03 16:38:27'),
(405, 'Jamaica', 1, 0, 0, '2022-12-03 16:38:27', '2022-12-03 16:38:27'),
(406, 'Sharjah', 1, 0, 0, '2022-12-03 16:38:27', '2022-12-03 16:38:27'),
(407, 'Abu Dhabi', 1, 0, 0, '2022-12-03 16:38:27', '2022-12-03 16:38:27'),
(409, 'Ramat Hagolan', 1, 0, 0, '2022-12-03 16:38:27', '2022-12-03 16:38:27'),
(410, 'Nigeria', 1, 0, 0, '2022-12-03 16:38:27', '2022-12-03 16:38:27'),
(411, 'Ain', 1, 0, 0, '2022-12-03 16:38:27', '2022-12-03 16:38:27'),
(412, 'Haute-Savoie', 1, 0, 0, '2022-12-03 16:38:27', '2022-12-03 16:38:27'),
(413, 'Aisne', 1, 0, 0, '2022-12-03 16:38:27', '2022-12-03 16:38:27'),
(414, 'Allier', 1, 0, 0, '2022-12-03 16:38:27', '2022-12-03 16:38:27'),
(415, 'Alpes-de-Haute-Provence', 1, 0, 0, '2022-12-03 16:38:27', '2022-12-03 16:38:27'),
(416, 'Hautes-Alpes', 1, 0, 0, '2022-12-03 16:38:27', '2022-12-03 16:38:27'),
(417, 'Alpes-Maritimes', 1, 0, 0, '2022-12-03 16:38:27', '2022-12-03 16:38:27'),
(418, 'Ard&egrave;che', 1, 0, 0, '2022-12-03 16:38:27', '2022-12-03 16:38:27'),
(419, 'Ardennes', 1, 0, 0, '2022-12-03 16:38:27', '2022-12-03 16:38:27'),
(420, 'Ari&egrave;ge', 1, 0, 0, '2022-12-03 16:38:27', '2022-12-03 16:38:27'),
(421, 'Aube', 1, 0, 0, '2022-12-03 16:38:27', '2022-12-03 16:38:27'),
(422, 'Aude', 1, 0, 0, '2022-12-03 16:38:27', '2022-12-03 16:38:27'),
(423, 'Aveyron', 1, 0, 0, '2022-12-03 16:38:27', '2022-12-03 16:38:27'),
(424, 'Bouches-du-Rh&ocirc;ne', 1, 0, 0, '2022-12-03 16:38:27', '2022-12-03 16:38:27'),
(425, 'Calvados', 1, 0, 0, '2022-12-03 16:38:27', '2022-12-03 16:38:27'),
(426, 'Cantal', 1, 0, 0, '2022-12-03 16:38:27', '2022-12-03 16:38:27'),
(427, 'Charente', 1, 0, 0, '2022-12-03 16:38:27', '2022-12-03 16:38:27'),
(428, 'Charente Maritime', 1, 0, 0, '2022-12-03 16:38:27', '2022-12-03 16:38:27'),
(429, 'Cher', 1, 0, 0, '2022-12-03 16:38:27', '2022-12-03 16:38:27'),
(430, 'Corr&egrave;ze', 1, 0, 0, '2022-12-03 16:38:27', '2022-12-03 16:38:27'),
(431, 'Dordogne', 1, 0, 0, '2022-12-03 16:38:27', '2022-12-03 16:38:27'),
(432, 'Corse', 1, 0, 0, '2022-12-03 16:38:27', '2022-12-03 16:38:27'),
(433, 'C&ocirc;te d&#039;Or', 1, 0, 0, '2022-12-03 16:38:27', '2022-12-03 16:38:27'),
(434, 'Sa&ocirc;ne et Loire', 1, 0, 0, '2022-12-03 16:38:27', '2022-12-03 16:38:27'),
(435, 'C&ocirc;tes d&#039;Armor', 1, 0, 0, '2022-12-03 16:38:27', '2022-12-03 16:38:27'),
(436, 'Creuse', 1, 0, 0, '2022-12-03 16:38:27', '2022-12-03 16:38:27'),
(437, 'Doubs', 1, 0, 0, '2022-12-03 16:38:27', '2022-12-03 16:38:27'),
(438, 'Dr&ocirc;me', 1, 0, 0, '2022-12-03 16:38:27', '2022-12-03 16:38:27'),
(439, 'Eure', 1, 0, 0, '2022-12-03 16:38:27', '2022-12-03 16:38:27'),
(440, 'Eure-et-Loire', 1, 0, 0, '2022-12-03 16:38:27', '2022-12-03 16:38:27'),
(441, 'Finist&egrave;re', 1, 0, 0, '2022-12-03 16:38:27', '2022-12-03 16:38:27'),
(442, 'Gard', 1, 0, 0, '2022-12-03 16:38:27', '2022-12-03 16:38:27'),
(443, 'Haute-Garonne', 1, 0, 0, '2022-12-03 16:38:27', '2022-12-03 16:38:27'),
(444, 'Gers', 1, 0, 0, '2022-12-03 16:38:27', '2022-12-03 16:38:27'),
(445, 'Gironde', 1, 0, 0, '2022-12-03 16:38:27', '2022-12-03 16:38:27'),
(446, 'Hérault', 1, 0, 0, '2022-12-03 16:38:27', '2022-12-03 16:38:27'),
(447, 'Ille et Vilaine', 1, 0, 0, '2022-12-03 16:38:27', '2022-12-03 16:38:27'),
(448, 'Indre', 1, 0, 0, '2022-12-03 16:38:27', '2022-12-03 16:38:27'),
(449, 'Indre-et-Loire', 1, 0, 0, '2022-12-03 16:38:27', '2022-12-03 16:38:27'),
(450, 'Isère', 1, 0, 0, '2022-12-03 16:38:27', '2022-12-03 16:38:27'),
(451, 'Jura', 1, 0, 0, '2022-12-03 16:38:27', '2022-12-03 16:38:27'),
(452, 'Landes', 1, 0, 0, '2022-12-03 16:38:27', '2022-12-03 16:38:27'),
(453, 'Loir-et-Cher', 1, 0, 0, '2022-12-03 16:38:27', '2022-12-03 16:38:27'),
(454, 'Loire', 1, 0, 0, '2022-12-03 16:38:27', '2022-12-03 16:38:27'),
(455, 'Rh&ocirc;ne', 1, 0, 0, '2022-12-03 16:38:27', '2022-12-03 16:38:27'),
(456, 'Haute-Loire', 1, 0, 0, '2022-12-03 16:38:27', '2022-12-03 16:38:27'),
(457, 'Loire Atlantique', 1, 0, 0, '2022-12-03 16:38:27', '2022-12-03 16:38:27'),
(458, 'Loiret', 1, 0, 0, '2022-12-03 16:38:27', '2022-12-03 16:38:27'),
(459, 'Lot', 1, 0, 0, '2022-12-03 16:38:27', '2022-12-03 16:38:27'),
(460, 'Lot-et-Garonne', 1, 0, 0, '2022-12-03 16:38:27', '2022-12-03 16:38:27'),
(461, 'Loz&egrave;re', 1, 0, 0, '2022-12-03 16:38:27', '2022-12-03 16:38:27'),
(462, 'Maine et Loire', 1, 0, 0, '2022-12-03 16:38:27', '2022-12-03 16:38:27'),
(463, 'Manche', 1, 0, 0, '2022-12-03 16:38:27', '2022-12-03 16:38:27'),
(464, 'Marne', 1, 0, 0, '2022-12-03 16:38:27', '2022-12-03 16:38:27'),
(465, 'Haute-Marne', 1, 0, 0, '2022-12-03 16:38:27', '2022-12-03 16:38:27'),
(466, 'Mayenne', 1, 0, 0, '2022-12-03 16:38:27', '2022-12-03 16:38:27'),
(467, 'Meurthe-et-Moselle', 1, 0, 0, '2022-12-03 16:38:27', '2022-12-03 16:38:27'),
(468, 'Meuse', 1, 0, 0, '2022-12-03 16:38:27', '2022-12-03 16:38:27'),
(469, 'Morbihan', 1, 0, 0, '2022-12-03 16:38:27', '2022-12-03 16:38:27'),
(470, 'Moselle', 1, 0, 0, '2022-12-03 16:38:27', '2022-12-03 16:38:27'),
(471, 'Ni&egrave;vre', 1, 0, 0, '2022-12-03 16:38:27', '2022-12-03 16:38:27'),
(472, 'Nord', 1, 0, 0, '2022-12-03 16:38:27', '2022-12-03 16:38:27'),
(473, 'Oise', 1, 0, 0, '2022-12-03 16:38:27', '2022-12-03 16:38:27'),
(474, 'Orne', 1, 0, 0, '2022-12-03 16:38:27', '2022-12-03 16:38:27'),
(475, 'Pas-de-Calais', 1, 0, 0, '2022-12-03 16:38:27', '2022-12-03 16:38:27'),
(476, 'Puy-de-D&ocirc;me', 1, 0, 0, '2022-12-03 16:38:27', '2022-12-03 16:38:27'),
(477, 'Pyrénées-Atlantiques', 1, 0, 0, '2022-12-03 16:38:27', '2022-12-03 16:38:27'),
(478, 'Hautes-Pyrénées', 1, 0, 0, '2022-12-03 16:38:27', '2022-12-03 16:38:27'),
(479, 'Pyrénées-Orientales', 1, 0, 0, '2022-12-03 16:38:27', '2022-12-03 16:38:27'),
(480, 'Bas Rhin', 1, 0, 0, '2022-12-03 16:38:27', '2022-12-03 16:38:27'),
(481, 'Haut Rhin', 1, 0, 0, '2022-12-03 16:38:27', '2022-12-03 16:38:27'),
(482, 'Haute-Sa&ocirc;ne', 1, 0, 0, '2022-12-03 16:38:27', '2022-12-03 16:38:27'),
(483, 'Sarthe', 1, 0, 0, '2022-12-03 16:38:27', '2022-12-03 16:38:27'),
(484, 'Savoie', 1, 0, 0, '2022-12-03 16:38:27', '2022-12-03 16:38:27'),
(485, 'Paris', 1, 0, 0, '2022-12-03 16:38:27', '2022-12-03 16:38:27'),
(486, 'Seine-Maritime', 1, 0, 0, '2022-12-03 16:38:27', '2022-12-03 16:38:27'),
(487, 'Seine-et-Marne', 1, 0, 0, '2022-12-03 16:38:27', '2022-12-03 16:38:27'),
(488, 'Yvelines', 1, 0, 0, '2022-12-03 16:38:27', '2022-12-03 16:38:27'),
(489, 'Deux-S&egrave;vres', 1, 0, 0, '2022-12-03 16:38:27', '2022-12-03 16:38:27'),
(490, 'Somme', 1, 0, 0, '2022-12-03 16:38:27', '2022-12-03 16:38:27'),
(491, 'Tarn', 1, 0, 0, '2022-12-03 16:38:27', '2022-12-03 16:38:27'),
(492, 'Tarn-et-Garonne', 1, 0, 0, '2022-12-03 16:38:27', '2022-12-03 16:38:27'),
(493, 'Var', 1, 0, 0, '2022-12-03 16:38:27', '2022-12-03 16:38:27'),
(494, 'Vaucluse', 1, 0, 0, '2022-12-03 16:38:27', '2022-12-03 16:38:27'),
(495, 'Vendée', 1, 0, 0, '2022-12-03 16:38:27', '2022-12-03 16:38:27'),
(496, 'Vienne', 1, 0, 0, '2022-12-03 16:38:27', '2022-12-03 16:38:27'),
(497, 'Haute-Vienne', 1, 0, 0, '2022-12-03 16:38:27', '2022-12-03 16:38:27'),
(498, 'Vosges', 1, 0, 0, '2022-12-03 16:38:27', '2022-12-03 16:38:27'),
(499, 'Yonne', 1, 0, 0, '2022-12-03 16:38:27', '2022-12-03 16:38:27'),
(500, 'Territoire de Belfort', 1, 0, 0, '2022-12-03 16:38:27', '2022-12-03 16:38:27'),
(501, 'Essonne', 1, 0, 0, '2022-12-03 16:38:27', '2022-12-03 16:38:27'),
(502, 'Hauts-de-Seine', 1, 0, 0, '2022-12-03 16:38:27', '2022-12-03 16:38:27'),
(503, 'Seine-Saint-Denis', 1, 0, 0, '2022-12-03 16:38:27', '2022-12-03 16:38:27'),
(504, 'Val-de-Marne', 1, 0, 0, '2022-12-03 16:38:27', '2022-12-03 16:38:27'),
(505, 'Val-d&#039;Oise', 1, 0, 0, '2022-12-03 16:38:27', '2022-12-03 16:38:27'),
(506, 'Piemonte - Torino', 1, 0, 0, '2022-12-03 16:38:27', '2022-12-03 16:38:27'),
(507, 'Piemonte - Alessandria', 1, 0, 0, '2022-12-03 16:38:27', '2022-12-03 16:38:27'),
(508, 'Piemonte - Asti', 1, 0, 0, '2022-12-03 16:38:27', '2022-12-03 16:38:27'),
(509, 'Piemonte - Biella', 1, 0, 0, '2022-12-03 16:38:27', '2022-12-03 16:38:27'),
(510, 'Piemonte - Cuneo', 1, 0, 0, '2022-12-03 16:38:27', '2022-12-03 16:38:27'),
(511, 'Piemonte - Novara', 1, 0, 0, '2022-12-03 16:38:27', '2022-12-03 16:38:27'),
(512, 'Piemonte - Verbania', 1, 0, 0, '2022-12-03 16:38:27', '2022-12-03 16:38:27'),
(513, 'Piemonte - Vercelli', 1, 0, 0, '2022-12-03 16:38:27', '2022-12-03 16:38:27'),
(514, 'Valle d&#039;Aosta - Aosta', 1, 0, 0, '2022-12-03 16:38:27', '2022-12-03 16:38:27'),
(515, 'Lombardia - Milano', 1, 0, 0, '2022-12-03 16:38:27', '2022-12-03 16:38:27'),
(516, 'Lombardia - Bergamo', 1, 0, 0, '2022-12-03 16:38:27', '2022-12-03 16:38:27'),
(517, 'Lombardia - Brescia', 1, 0, 0, '2022-12-03 16:38:27', '2022-12-03 16:38:27'),
(518, 'Lombardia - Como', 1, 0, 0, '2022-12-03 16:38:27', '2022-12-03 16:38:27'),
(519, 'Lombardia - Cremona', 1, 0, 0, '2022-12-03 16:38:27', '2022-12-03 16:38:27'),
(520, 'Lombardia - Lecco', 1, 0, 0, '2022-12-03 16:38:27', '2022-12-03 16:38:27'),
(521, 'Lombardia - Lodi', 1, 0, 0, '2022-12-03 16:38:27', '2022-12-03 16:38:27'),
(522, 'Lombardia - Mantova', 1, 0, 0, '2022-12-03 16:38:27', '2022-12-03 16:38:27'),
(523, 'Lombardia - Pavia', 1, 0, 0, '2022-12-03 16:38:27', '2022-12-03 16:38:27'),
(524, 'Lombardia - Sondrio', 1, 0, 0, '2022-12-03 16:38:27', '2022-12-03 16:38:27'),
(525, 'Lombardia - Varese', 1, 0, 0, '2022-12-03 16:38:27', '2022-12-03 16:38:27'),
(526, 'Trentino Alto Adige - Trento', 1, 0, 0, '2022-12-03 16:38:27', '2022-12-03 16:38:27'),
(527, 'Trentino Alto Adige - Bolzano', 1, 0, 0, '2022-12-03 16:38:27', '2022-12-03 16:38:27'),
(528, 'Veneto - Venezia', 1, 0, 0, '2022-12-03 16:38:27', '2022-12-03 16:38:27'),
(529, 'Veneto - Belluno', 1, 0, 0, '2022-12-03 16:38:27', '2022-12-03 16:38:27'),
(530, 'Veneto - Padova', 1, 0, 0, '2022-12-03 16:38:27', '2022-12-03 16:38:27'),
(531, 'Veneto - Rovigo', 1, 0, 0, '2022-12-03 16:38:27', '2022-12-03 16:38:27'),
(532, 'Veneto - Treviso', 1, 0, 0, '2022-12-03 16:38:27', '2022-12-03 16:38:27'),
(533, 'Veneto - Verona', 1, 0, 0, '2022-12-03 16:38:27', '2022-12-03 16:38:27'),
(534, 'Veneto - Vicenza', 1, 0, 0, '2022-12-03 16:38:27', '2022-12-03 16:38:27'),
(535, 'Friuli Venezia Giulia - Trieste', 1, 0, 0, '2022-12-03 16:38:27', '2022-12-03 16:38:27'),
(536, 'Friuli Venezia Giulia - Gorizia', 1, 0, 0, '2022-12-03 16:38:27', '2022-12-03 16:38:27'),
(537, 'Friuli Venezia Giulia - Pordenone', 1, 0, 0, '2022-12-03 16:38:27', '2022-12-03 16:38:27'),
(538, 'Friuli Venezia Giulia - Udine', 1, 0, 0, '2022-12-03 16:38:27', '2022-12-03 16:38:27'),
(539, 'Liguria - Genova', 1, 0, 0, '2022-12-03 16:38:27', '2022-12-03 16:38:27'),
(540, 'Liguria - Imperia', 1, 0, 0, '2022-12-03 16:38:27', '2022-12-03 16:38:27'),
(541, 'Liguria - La Spezia', 1, 0, 0, '2022-12-03 16:38:27', '2022-12-03 16:38:27'),
(542, 'Liguria - Savona', 1, 0, 0, '2022-12-03 16:38:27', '2022-12-03 16:38:27'),
(543, 'Emilia Romagna - Bologna', 1, 0, 0, '2022-12-03 16:38:27', '2022-12-03 16:38:27'),
(544, 'Emilia Romagna - Ferrara', 1, 0, 0, '2022-12-03 16:38:27', '2022-12-03 16:38:27'),
(545, 'Emilia Romagna - Forlì-Cesena', 1, 0, 0, '2022-12-03 16:38:27', '2022-12-03 16:38:27'),
(546, 'Emilia Romagna - Modena', 1, 0, 0, '2022-12-03 16:38:27', '2022-12-03 16:38:27'),
(547, 'Emilia Romagna - Parma', 1, 0, 0, '2022-12-03 16:38:27', '2022-12-03 16:38:27'),
(548, 'Emilia Romagna - Piacenza', 1, 0, 0, '2022-12-03 16:38:27', '2022-12-03 16:38:27'),
(549, 'Emilia Romagna - Ravenna', 1, 0, 0, '2022-12-03 16:38:27', '2022-12-03 16:38:27'),
(550, 'Emilia Romagna - Reggio Emilia', 1, 0, 0, '2022-12-03 16:38:27', '2022-12-03 16:38:27'),
(551, 'Emilia Romagna - Rimini', 1, 0, 0, '2022-12-03 16:38:27', '2022-12-03 16:38:27'),
(552, 'Toscana - Firenze', 1, 0, 0, '2022-12-03 16:38:27', '2022-12-03 16:38:27'),
(553, 'Toscana - Arezzo', 1, 0, 0, '2022-12-03 16:38:27', '2022-12-03 16:38:27'),
(554, 'Toscana - Grosseto', 1, 0, 0, '2022-12-03 16:38:27', '2022-12-03 16:38:27'),
(555, 'Toscana - Livorno', 1, 0, 0, '2022-12-03 16:38:27', '2022-12-03 16:38:27'),
(556, 'Toscana - Lucca', 1, 0, 0, '2022-12-03 16:38:27', '2022-12-03 16:38:27'),
(557, 'Toscana - Massa Carrara', 1, 0, 0, '2022-12-03 16:38:27', '2022-12-03 16:38:27'),
(558, 'Toscana - Pisa', 1, 0, 0, '2022-12-03 16:38:27', '2022-12-03 16:38:27'),
(559, 'Toscana - Pistoia', 1, 0, 0, '2022-12-03 16:38:27', '2022-12-03 16:38:27'),
(560, 'Toscana - Prato', 1, 0, 0, '2022-12-03 16:38:27', '2022-12-03 16:38:27'),
(561, 'Toscana - Siena', 1, 0, 0, '2022-12-03 16:38:27', '2022-12-03 16:38:27'),
(562, 'Umbria - Perugia', 1, 0, 0, '2022-12-03 16:38:27', '2022-12-03 16:38:27'),
(563, 'Umbria - Terni', 1, 0, 0, '2022-12-03 16:38:27', '2022-12-03 16:38:27'),
(564, 'Marche - Ancona', 1, 0, 0, '2022-12-03 16:38:27', '2022-12-03 16:38:27'),
(565, 'Marche - Ascoli Piceno', 1, 0, 0, '2022-12-03 16:38:27', '2022-12-03 16:38:27'),
(566, 'Marche - Macerata', 1, 0, 0, '2022-12-03 16:38:27', '2022-12-03 16:38:27'),
(567, 'Marche - Pesaro - Urbino', 1, 0, 0, '2022-12-03 16:38:27', '2022-12-03 16:38:27'),
(568, 'Lazio - Roma', 1, 0, 0, '2022-12-03 16:38:27', '2022-12-03 16:38:27'),
(569, 'Lazio - Frosinone', 1, 0, 0, '2022-12-03 16:38:27', '2022-12-03 16:38:27'),
(570, 'Lazio - Latina', 1, 0, 0, '2022-12-03 16:38:27', '2022-12-03 16:38:27'),
(571, 'Lazio - Rieti', 1, 0, 0, '2022-12-03 16:38:27', '2022-12-03 16:38:27'),
(572, 'Lazio - Viterbo', 1, 0, 0, '2022-12-03 16:38:27', '2022-12-03 16:38:27'),
(573, 'Abruzzo - L´Aquila', 1, 0, 0, '2022-12-03 16:38:27', '2022-12-03 16:38:27'),
(574, 'Abruzzo - Chieti', 1, 0, 0, '2022-12-03 16:38:27', '2022-12-03 16:38:27'),
(575, 'Abruzzo - Pescara', 1, 0, 0, '2022-12-03 16:38:27', '2022-12-03 16:38:27'),
(576, 'Abruzzo - Teramo', 1, 0, 0, '2022-12-03 16:38:27', '2022-12-03 16:38:27'),
(577, 'Molise - Campobasso', 1, 0, 0, '2022-12-03 16:38:27', '2022-12-03 16:38:27'),
(578, 'Molise - Isernia', 1, 0, 0, '2022-12-03 16:38:27', '2022-12-03 16:38:27'),
(579, 'Campania - Napoli', 1, 0, 0, '2022-12-03 16:38:27', '2022-12-03 16:38:27'),
(580, 'Campania - Avellino', 1, 0, 0, '2022-12-03 16:38:27', '2022-12-03 16:38:27'),
(581, 'Campania - Benevento', 1, 0, 0, '2022-12-03 16:38:27', '2022-12-03 16:38:27'),
(582, 'Campania - Caserta', 1, 0, 0, '2022-12-03 16:38:27', '2022-12-03 16:38:27'),
(583, 'Campania - Salerno', 1, 0, 0, '2022-12-03 16:38:27', '2022-12-03 16:38:27'),
(584, 'Puglia - Bari', 1, 0, 0, '2022-12-03 16:38:27', '2022-12-03 16:38:27'),
(585, 'Puglia - Brindisi', 1, 0, 0, '2022-12-03 16:38:27', '2022-12-03 16:38:27'),
(586, 'Puglia - Foggia', 1, 0, 0, '2022-12-03 16:38:27', '2022-12-03 16:38:27'),
(587, 'Puglia - Lecce', 1, 0, 0, '2022-12-03 16:38:27', '2022-12-03 16:38:27'),
(588, 'Puglia - Taranto', 1, 0, 0, '2022-12-03 16:38:27', '2022-12-03 16:38:27'),
(589, 'Basilicata - Potenza', 1, 0, 0, '2022-12-03 16:38:27', '2022-12-03 16:38:27'),
(590, 'Basilicata - Matera', 1, 0, 0, '2022-12-03 16:38:27', '2022-12-03 16:38:27'),
(591, 'Calabria - Catanzaro', 1, 0, 0, '2022-12-03 16:38:27', '2022-12-03 16:38:27'),
(592, 'Calabria - Cosenza', 1, 0, 0, '2022-12-03 16:38:27', '2022-12-03 16:38:27'),
(593, 'Calabria - Crotone', 1, 0, 0, '2022-12-03 16:38:27', '2022-12-03 16:38:27'),
(594, 'Calabria - Reggio Calabria', 1, 0, 0, '2022-12-03 16:38:27', '2022-12-03 16:38:27'),
(595, 'Calabria - Vibo Valentia', 1, 0, 0, '2022-12-03 16:38:27', '2022-12-03 16:38:27'),
(596, 'Sicilia - Palermo', 1, 0, 0, '2022-12-03 16:38:27', '2022-12-03 16:38:27'),
(597, 'Sicilia - Agrigento', 1, 0, 0, '2022-12-03 16:38:27', '2022-12-03 16:38:27'),
(598, 'Sicilia - Caltanissetta', 1, 0, 0, '2022-12-03 16:38:27', '2022-12-03 16:38:27'),
(599, 'Sicilia - Catania', 1, 0, 0, '2022-12-03 16:38:27', '2022-12-03 16:38:27'),
(600, 'Sicilia - Enna', 1, 0, 0, '2022-12-03 16:38:27', '2022-12-03 16:38:27'),
(601, 'Sicilia - Messina', 1, 0, 0, '2022-12-03 16:38:27', '2022-12-03 16:38:27'),
(602, 'Sicilia - Ragusa', 1, 0, 0, '2022-12-03 16:38:27', '2022-12-03 16:38:27'),
(603, 'Sicilia - Siracusa', 1, 0, 0, '2022-12-03 16:38:27', '2022-12-03 16:38:27'),
(604, 'Sicilia - Trapani', 1, 0, 0, '2022-12-03 16:38:27', '2022-12-03 16:38:27'),
(605, 'Sardegna - Cagliari', 1, 0, 0, '2022-12-03 16:38:27', '2022-12-03 16:38:27'),
(606, 'Sardegna - Nuoro', 1, 0, 0, '2022-12-03 16:38:27', '2022-12-03 16:38:27'),
(607, 'Sardegna - Oristano', 1, 0, 0, '2022-12-03 16:38:27', '2022-12-03 16:38:27'),
(608, 'Sardegna - Sassari', 1, 0, 0, '2022-12-03 16:38:27', '2022-12-03 16:38:27'),
(609, 'Las Palmas', 1, 0, 0, '2022-12-03 16:38:27', '2022-12-03 16:38:27'),
(610, 'Soria', 1, 0, 0, '2022-12-03 16:38:27', '2022-12-03 16:38:27'),
(611, 'Palencia', 1, 0, 0, '2022-12-03 16:38:27', '2022-12-03 16:38:27'),
(612, 'Zamora', 1, 0, 0, '2022-12-03 16:38:27', '2022-12-03 16:38:27'),
(613, 'Cádiz', 1, 0, 0, '2022-12-03 16:38:27', '2022-12-03 16:38:27'),
(614, 'Navarra', 1, 0, 0, '2022-12-03 16:38:27', '2022-12-03 16:38:27'),
(615, 'Ourense', 1, 0, 0, '2022-12-03 16:38:27', '2022-12-03 16:38:27'),
(616, 'Segovia', 1, 0, 0, '2022-12-03 16:38:27', '2022-12-03 16:38:27'),
(617, 'Guip&uacute;zcoa', 1, 0, 0, '2022-12-03 16:38:27', '2022-12-03 16:38:27'),
(618, 'Ciudad Real', 1, 0, 0, '2022-12-03 16:38:27', '2022-12-03 16:38:27'),
(619, 'Vizcaya', 1, 0, 0, '2022-12-03 16:38:27', '2022-12-03 16:38:27'),
(620, 'álava', 1, 0, 0, '2022-12-03 16:38:27', '2022-12-03 16:38:27'),
(621, 'A Coruña', 1, 0, 0, '2022-12-03 16:38:27', '2022-12-03 16:38:27'),
(622, 'Cantabria', 1, 0, 0, '2022-12-03 16:38:27', '2022-12-03 16:38:27'),
(623, 'Almería', 1, 0, 0, '2022-12-03 16:38:27', '2022-12-03 16:38:27'),
(624, 'Zaragoza', 1, 0, 0, '2022-12-03 16:38:27', '2022-12-03 16:38:27'),
(625, 'Santa Cruz de Tenerife', 1, 0, 0, '2022-12-03 16:38:27', '2022-12-03 16:38:27'),
(626, 'Cáceres', 1, 0, 0, '2022-12-03 16:38:27', '2022-12-03 16:38:27'),
(627, 'Guadalajara', 1, 0, 0, '2022-12-03 16:38:27', '2022-12-03 16:38:27'),
(628, 'ávila', 1, 0, 0, '2022-12-03 16:38:27', '2022-12-03 16:38:27'),
(629, 'Toledo', 1, 0, 0, '2022-12-03 16:38:27', '2022-12-03 16:38:27'),
(630, 'Castellón', 1, 0, 0, '2022-12-03 16:38:27', '2022-12-03 16:38:27'),
(631, 'Tarragona', 1, 0, 0, '2022-12-03 16:38:27', '2022-12-03 16:38:27'),
(632, 'Lugo', 1, 0, 0, '2022-12-03 16:38:27', '2022-12-03 16:38:27'),
(633, 'La Rioja', 1, 0, 0, '2022-12-03 16:38:27', '2022-12-03 16:38:27'),
(634, 'Ceuta', 1, 0, 0, '2022-12-03 16:38:27', '2022-12-03 16:38:27'),
(635, 'Murcia', 1, 0, 0, '2022-12-03 16:38:27', '2022-12-03 16:38:27'),
(636, 'Salamanca', 1, 0, 0, '2022-12-03 16:38:27', '2022-12-03 16:38:27'),
(637, 'Valladolid', 1, 0, 0, '2022-12-03 16:38:27', '2022-12-03 16:38:27'),
(638, 'Jaén', 1, 0, 0, '2022-12-03 16:38:27', '2022-12-03 16:38:27'),
(639, 'Girona', 1, 0, 0, '2022-12-03 16:38:27', '2022-12-03 16:38:27'),
(640, 'Granada', 1, 0, 0, '2022-12-03 16:38:27', '2022-12-03 16:38:27'),
(641, 'Alacant', 1, 0, 0, '2022-12-03 16:38:27', '2022-12-03 16:38:27'),
(642, 'Córdoba', 1, 0, 0, '2022-12-03 16:38:27', '2022-12-03 16:38:27'),
(643, 'Albacete', 1, 0, 0, '2022-12-03 16:38:27', '2022-12-03 16:38:27'),
(644, 'Cuenca', 1, 0, 0, '2022-12-03 16:38:27', '2022-12-03 16:38:27'),
(645, 'Pontevedra', 1, 0, 0, '2022-12-03 16:38:27', '2022-12-03 16:38:27'),
(646, 'Teruel', 1, 0, 0, '2022-12-03 16:38:27', '2022-12-03 16:38:27'),
(647, 'Melilla', 1, 0, 0, '2022-12-03 16:38:27', '2022-12-03 16:38:27'),
(648, 'Barcelona', 1, 0, 0, '2022-12-03 16:38:27', '2022-12-03 16:38:27'),
(649, 'Badajoz', 1, 0, 0, '2022-12-03 16:38:27', '2022-12-03 16:38:27'),
(650, 'Madrid', 1, 0, 0, '2022-12-03 16:38:27', '2022-12-03 16:38:27'),
(651, 'Sevilla', 1, 0, 0, '2022-12-03 16:38:27', '2022-12-03 16:38:27'),
(652, 'Val&egrave;ncia', 1, 0, 0, '2022-12-03 16:38:27', '2022-12-03 16:38:27'),
(653, 'Huelva', 1, 0, 0, '2022-12-03 16:38:27', '2022-12-03 16:38:27'),
(654, 'Lleida', 1, 0, 0, '2022-12-03 16:38:27', '2022-12-03 16:38:27'),
(655, 'León', 1, 0, 0, '2022-12-03 16:38:27', '2022-12-03 16:38:27'),
(656, 'Illes Balears', 1, 0, 0, '2022-12-03 16:38:27', '2022-12-03 16:38:27'),
(657, 'Burgos', 1, 0, 0, '2022-12-03 16:38:27', '2022-12-03 16:38:27'),
(658, 'Huesca', 1, 0, 0, '2022-12-03 16:38:27', '2022-12-03 16:38:27'),
(659, 'Asturias', 1, 0, 0, '2022-12-03 16:38:27', '2022-12-03 16:38:27');
INSERT INTO `states` (`id_state`, `state`, `available`, `created_by`, `updated_by`, `created_at`, `updated_at`) VALUES
(660, 'Málaga', 1, 0, 0, '2022-12-03 16:38:27', '2022-12-03 16:38:27'),
(661, 'Afghanistan', 1, 0, 0, '2022-12-03 16:38:27', '2022-12-03 16:38:27'),
(662, 'Niger', 1, 0, 0, '2022-12-03 16:38:27', '2022-12-03 16:38:27'),
(663, 'Mali', 1, 0, 0, '2022-12-03 16:38:27', '2022-12-03 16:38:27'),
(664, 'Burkina Faso', 1, 0, 0, '2022-12-03 16:38:27', '2022-12-03 16:38:27'),
(665, 'Togo', 1, 0, 0, '2022-12-03 16:38:27', '2022-12-03 16:38:27'),
(666, 'Benin', 1, 0, 0, '2022-12-03 16:38:27', '2022-12-03 16:38:27'),
(667, 'Angola', 1, 0, 0, '2022-12-03 16:38:27', '2022-12-03 16:38:27'),
(668, 'Namibia', 1, 0, 0, '2022-12-03 16:38:27', '2022-12-03 16:38:27'),
(669, 'Botswana', 1, 0, 0, '2022-12-03 16:38:27', '2022-12-03 16:38:27'),
(670, 'Madagascar', 1, 0, 0, '2022-12-03 16:38:27', '2022-12-03 16:38:27'),
(671, 'Mauritius', 1, 0, 0, '2022-12-03 16:38:27', '2022-12-03 16:38:27'),
(672, 'Laos', 1, 0, 0, '2022-12-03 16:38:27', '2022-12-03 16:38:27'),
(673, 'Cambodia', 1, 0, 0, '2022-12-03 16:38:27', '2022-12-03 16:38:27'),
(674, 'Philippines', 1, 0, 0, '2022-12-03 16:38:27', '2022-12-03 16:38:27'),
(675, 'Papua New Guinea', 1, 0, 0, '2022-12-03 16:38:27', '2022-12-03 16:38:27'),
(676, 'Solomon Islands', 1, 0, 0, '2022-12-03 16:38:27', '2022-12-03 16:38:27'),
(677, 'Vanuatu', 1, 0, 0, '2022-12-03 16:38:27', '2022-12-03 16:38:27'),
(678, 'Fiji', 1, 0, 0, '2022-12-03 16:38:27', '2022-12-03 16:38:27'),
(679, 'Samoa', 1, 0, 0, '2022-12-03 16:38:27', '2022-12-03 16:38:27'),
(680, 'Nauru', 1, 0, 0, '2022-12-03 16:38:27', '2022-12-03 16:38:27'),
(681, 'Cote D&#039;Ivoire', 1, 0, 0, '2022-12-03 16:38:27', '2022-12-03 16:38:27'),
(682, 'Liberia', 1, 0, 0, '2022-12-03 16:38:27', '2022-12-03 16:38:27'),
(683, 'Guinea', 1, 0, 0, '2022-12-03 16:38:27', '2022-12-03 16:38:27'),
(684, 'Guyana', 1, 0, 0, '2022-12-03 16:38:27', '2022-12-03 16:38:27'),
(685, 'Algeria', 1, 0, 0, '2022-12-03 16:38:27', '2022-12-03 16:38:27'),
(686, 'Antigua and Barbuda', 1, 0, 0, '2022-12-03 16:38:27', '2022-12-03 16:38:27'),
(687, 'Bahrain', 1, 0, 0, '2022-12-03 16:38:27', '2022-12-03 16:38:27'),
(688, 'Bangladesh', 1, 0, 0, '2022-12-03 16:38:27', '2022-12-03 16:38:27'),
(689, 'Barbados', 1, 0, 0, '2022-12-03 16:38:27', '2022-12-03 16:38:27'),
(690, 'Bhutan', 1, 0, 0, '2022-12-03 16:38:27', '2022-12-03 16:38:27'),
(691, 'Brunei', 1, 0, 0, '2022-12-03 16:38:27', '2022-12-03 16:38:27'),
(692, 'Burundi', 1, 0, 0, '2022-12-03 16:38:27', '2022-12-03 16:38:27'),
(693, 'Cape Verde', 1, 0, 0, '2022-12-03 16:38:27', '2022-12-03 16:38:27'),
(694, 'Chad', 1, 0, 0, '2022-12-03 16:38:27', '2022-12-03 16:38:27'),
(695, 'Comoros', 1, 0, 0, '2022-12-03 16:38:27', '2022-12-03 16:38:27'),
(696, 'Congo (Brazzaville)', 1, 0, 0, '2022-12-03 16:38:27', '2022-12-03 16:38:27'),
(697, 'Djibouti', 1, 0, 0, '2022-12-03 16:38:27', '2022-12-03 16:38:27'),
(698, 'East Timor', 1, 0, 0, '2022-12-03 16:38:27', '2022-12-03 16:38:27'),
(699, 'Eritrea', 1, 0, 0, '2022-12-03 16:38:27', '2022-12-03 16:38:27'),
(700, 'Ethiopia', 1, 0, 0, '2022-12-03 16:38:27', '2022-12-03 16:38:27'),
(701, 'Gabon', 1, 0, 0, '2022-12-03 16:38:27', '2022-12-03 16:38:27'),
(702, 'Gambia', 1, 0, 0, '2022-12-03 16:38:27', '2022-12-03 16:38:27'),
(703, 'Ghana', 1, 0, 0, '2022-12-03 16:38:27', '2022-12-03 16:38:27'),
(704, 'Lesotho', 1, 0, 0, '2022-12-03 16:38:27', '2022-12-03 16:38:27'),
(705, 'Malawi', 1, 0, 0, '2022-12-03 16:38:27', '2022-12-03 16:38:27'),
(706, 'Maldives', 1, 0, 0, '2022-12-03 16:38:27', '2022-12-03 16:38:27'),
(707, 'Myanmar (Burma)', 1, 0, 0, '2022-12-03 16:38:27', '2022-12-03 16:38:27'),
(708, 'Nepal', 1, 0, 0, '2022-12-03 16:38:27', '2022-12-03 16:38:27'),
(709, 'Oman', 1, 0, 0, '2022-12-03 16:38:27', '2022-12-03 16:38:27'),
(710, 'Rwanda', 1, 0, 0, '2022-12-03 16:38:27', '2022-12-03 16:38:27'),
(711, 'Saudi Arabia', 1, 0, 0, '2022-12-03 16:38:27', '2022-12-03 16:38:27'),
(712, 'Sri Lanka', 1, 0, 0, '2022-12-03 16:38:27', '2022-12-03 16:38:27'),
(713, 'Sudan', 1, 0, 0, '2022-12-03 16:38:27', '2022-12-03 16:38:27'),
(714, 'Swaziland', 1, 0, 0, '2022-12-03 16:38:27', '2022-12-03 16:38:27'),
(715, 'Tanzania', 1, 0, 0, '2022-12-03 16:38:27', '2022-12-03 16:38:27'),
(716, 'Tonga', 1, 0, 0, '2022-12-03 16:38:27', '2022-12-03 16:38:27'),
(717, 'Tuvalu', 1, 0, 0, '2022-12-03 16:38:27', '2022-12-03 16:38:27'),
(718, 'Western Sahara', 1, 0, 0, '2022-12-03 16:38:27', '2022-12-03 16:38:27'),
(719, 'Yemen', 1, 0, 0, '2022-12-03 16:38:27', '2022-12-03 16:38:27'),
(720, 'Zambia', 1, 0, 0, '2022-12-03 16:38:27', '2022-12-03 16:38:27'),
(721, 'Zimbabwe', 1, 0, 0, '2022-12-03 16:38:27', '2022-12-03 16:38:27'),
(722, 'Aargau', 1, 0, 0, '2022-12-03 16:38:27', '2022-12-03 16:38:27'),
(723, 'Appenzell Innerrhoden', 1, 0, 0, '2022-12-03 16:38:27', '2022-12-03 16:38:27'),
(724, 'Appenzell Ausserrhoden', 1, 0, 0, '2022-12-03 16:38:27', '2022-12-03 16:38:27'),
(725, 'Bern', 1, 0, 0, '2022-12-03 16:38:27', '2022-12-03 16:38:27'),
(726, 'Basel-Landschaft', 1, 0, 0, '2022-12-03 16:38:27', '2022-12-03 16:38:27'),
(727, 'Basel-Stadt', 1, 0, 0, '2022-12-03 16:38:27', '2022-12-03 16:38:27'),
(728, 'Fribourg', 1, 0, 0, '2022-12-03 16:38:27', '2022-12-03 16:38:27'),
(729, 'Gen&egrave;ve', 1, 0, 0, '2022-12-03 16:38:27', '2022-12-03 16:38:27'),
(730, 'Glarus', 1, 0, 0, '2022-12-03 16:38:27', '2022-12-03 16:38:27'),
(731, 'Graubünden', 1, 0, 0, '2022-12-03 16:38:27', '2022-12-03 16:38:27'),
(732, 'Jura', 1, 0, 0, '2022-12-03 16:38:27', '2022-12-03 16:38:27'),
(733, 'Luzern', 1, 0, 0, '2022-12-03 16:38:27', '2022-12-03 16:38:27'),
(734, 'Neuch&acirc;tel', 1, 0, 0, '2022-12-03 16:38:27', '2022-12-03 16:38:27'),
(735, 'Nidwalden', 1, 0, 0, '2022-12-03 16:38:27', '2022-12-03 16:38:27'),
(736, 'Obwalden', 1, 0, 0, '2022-12-03 16:38:27', '2022-12-03 16:38:27'),
(737, 'Sankt Gallen', 1, 0, 0, '2022-12-03 16:38:27', '2022-12-03 16:38:27'),
(738, 'Schaffhausen', 1, 0, 0, '2022-12-03 16:38:27', '2022-12-03 16:38:27'),
(739, 'Solothurn', 1, 0, 0, '2022-12-03 16:38:27', '2022-12-03 16:38:27'),
(740, 'Schwyz', 1, 0, 0, '2022-12-03 16:38:27', '2022-12-03 16:38:27'),
(741, 'Thurgau', 1, 0, 0, '2022-12-03 16:38:27', '2022-12-03 16:38:27'),
(742, 'Ticino', 1, 0, 0, '2022-12-03 16:38:27', '2022-12-03 16:38:27'),
(743, 'Uri', 1, 0, 0, '2022-12-03 16:38:27', '2022-12-03 16:38:27'),
(744, 'Vaud', 1, 0, 0, '2022-12-03 16:38:27', '2022-12-03 16:38:27'),
(745, 'Valais', 1, 0, 0, '2022-12-03 16:38:27', '2022-12-03 16:38:27'),
(746, 'Zug', 1, 0, 0, '2022-12-03 16:38:27', '2022-12-03 16:38:27'),
(747, 'Zürich', 1, 0, 0, '2022-12-03 16:38:27', '2022-12-03 16:38:27'),
(749, 'Aveiro', 1, 0, 0, '2022-12-03 16:38:27', '2022-12-03 16:38:27'),
(750, 'Beja', 1, 0, 0, '2022-12-03 16:38:27', '2022-12-03 16:38:27'),
(751, 'Braga', 1, 0, 0, '2022-12-03 16:38:27', '2022-12-03 16:38:27'),
(752, 'Braganca', 1, 0, 0, '2022-12-03 16:38:27', '2022-12-03 16:38:27'),
(753, 'Castelo Branco', 1, 0, 0, '2022-12-03 16:38:27', '2022-12-03 16:38:27'),
(754, 'Coimbra', 1, 0, 0, '2022-12-03 16:38:27', '2022-12-03 16:38:27'),
(755, 'Evora', 1, 0, 0, '2022-12-03 16:38:27', '2022-12-03 16:38:27'),
(756, 'Faro', 1, 0, 0, '2022-12-03 16:38:27', '2022-12-03 16:38:27'),
(757, 'Madeira', 1, 0, 0, '2022-12-03 16:38:27', '2022-12-03 16:38:27'),
(758, 'Guarda', 1, 0, 0, '2022-12-03 16:38:27', '2022-12-03 16:38:27'),
(759, 'Leiria', 1, 0, 0, '2022-12-03 16:38:27', '2022-12-03 16:38:27'),
(760, 'Lisboa', 1, 0, 0, '2022-12-03 16:38:27', '2022-12-03 16:38:27'),
(761, 'Portalegre', 1, 0, 0, '2022-12-03 16:38:27', '2022-12-03 16:38:27'),
(762, 'Porto', 1, 0, 0, '2022-12-03 16:38:27', '2022-12-03 16:38:27'),
(763, 'Santarem', 1, 0, 0, '2022-12-03 16:38:27', '2022-12-03 16:38:27'),
(764, 'Setubal', 1, 0, 0, '2022-12-03 16:38:27', '2022-12-03 16:38:27'),
(765, 'Viana do Castelo', 1, 0, 0, '2022-12-03 16:38:27', '2022-12-03 16:38:27'),
(766, 'Vila Real', 1, 0, 0, '2022-12-03 16:38:27', '2022-12-03 16:38:27'),
(767, 'Viseu', 1, 0, 0, '2022-12-03 16:38:27', '2022-12-03 16:38:27'),
(768, 'Azores', 1, 0, 0, '2022-12-03 16:38:27', '2022-12-03 16:38:27'),
(769, 'Armed Forces Americas', 1, 0, 0, '2022-12-03 16:38:27', '2022-12-03 16:38:27'),
(770, 'Armed Forces Europe', 1, 0, 0, '2022-12-03 16:38:27', '2022-12-03 16:38:27'),
(771, 'Alaska', 1, 0, 0, '2022-12-03 16:38:27', '2022-12-03 16:38:27'),
(772, 'Alabama', 1, 0, 0, '2022-12-03 16:38:27', '2022-12-03 16:38:27'),
(773, 'Armed Forces Pacific', 1, 0, 0, '2022-12-03 16:38:27', '2022-12-03 16:38:27'),
(774, 'Arkansas', 1, 0, 0, '2022-12-03 16:38:27', '2022-12-03 16:38:27'),
(775, 'American Samoa', 1, 0, 0, '2022-12-03 16:38:27', '2022-12-03 16:38:27'),
(776, 'Arizona', 1, 0, 0, '2022-12-03 16:38:27', '2022-12-03 16:38:27'),
(777, 'California', 1, 0, 0, '2022-12-03 16:38:27', '2022-12-03 16:38:27'),
(778, 'Colorado', 1, 0, 0, '2022-12-03 16:38:27', '2022-12-03 16:38:27'),
(779, 'Connecticut', 1, 0, 0, '2022-12-03 16:38:27', '2022-12-03 16:38:27'),
(780, 'District of Columbia', 1, 0, 0, '2022-12-03 16:38:27', '2022-12-03 16:38:27'),
(781, 'Delaware', 1, 0, 0, '2022-12-03 16:38:27', '2022-12-03 16:38:27'),
(782, 'Florida', 1, 0, 0, '2022-12-03 16:38:27', '2022-12-03 16:38:27'),
(783, 'Federated States of Micronesia', 1, 0, 0, '2022-12-03 16:38:27', '2022-12-03 16:38:27'),
(784, 'Georgia', 1, 0, 0, '2022-12-03 16:38:27', '2022-12-03 16:38:27'),
(786, 'Hawaii', 1, 0, 0, '2022-12-03 16:38:27', '2022-12-03 16:38:27'),
(787, 'Iowa', 1, 0, 0, '2022-12-03 16:38:27', '2022-12-03 16:38:27'),
(788, 'Idaho', 1, 0, 0, '2022-12-03 16:38:27', '2022-12-03 16:38:27'),
(789, 'Illinois', 1, 0, 0, '2022-12-03 16:38:27', '2022-12-03 16:38:27'),
(790, 'Indiana', 1, 0, 0, '2022-12-03 16:38:27', '2022-12-03 16:38:27'),
(791, 'Kansas', 1, 0, 0, '2022-12-03 16:38:27', '2022-12-03 16:38:27'),
(792, 'Kentucky', 1, 0, 0, '2022-12-03 16:38:27', '2022-12-03 16:38:27'),
(793, 'Louisiana', 1, 0, 0, '2022-12-03 16:38:27', '2022-12-03 16:38:27'),
(794, 'Massachusetts', 1, 0, 0, '2022-12-03 16:38:27', '2022-12-03 16:38:27'),
(795, 'Maryland', 1, 0, 0, '2022-12-03 16:38:27', '2022-12-03 16:38:27'),
(796, 'Maine', 1, 0, 0, '2022-12-03 16:38:27', '2022-12-03 16:38:27'),
(797, 'Marshall Islands', 1, 0, 0, '2022-12-03 16:38:27', '2022-12-03 16:38:27'),
(798, 'Michigan', 1, 0, 0, '2022-12-03 16:38:27', '2022-12-03 16:38:27'),
(799, 'Minnesota', 1, 0, 0, '2022-12-03 16:38:27', '2022-12-03 16:38:27'),
(800, 'Missouri', 1, 0, 0, '2022-12-03 16:38:27', '2022-12-03 16:38:27'),
(801, 'Northern Mariana Islands', 1, 0, 0, '2022-12-03 16:38:27', '2022-12-03 16:38:27'),
(802, 'Mississippi', 1, 0, 0, '2022-12-03 16:38:27', '2022-12-03 16:38:27'),
(803, 'Montana', 1, 0, 0, '2022-12-03 16:38:27', '2022-12-03 16:38:27'),
(804, 'North Carolina', 1, 0, 0, '2022-12-03 16:38:27', '2022-12-03 16:38:27'),
(805, 'North Dakota', 1, 0, 0, '2022-12-03 16:38:27', '2022-12-03 16:38:27'),
(806, 'Nebraska', 1, 0, 0, '2022-12-03 16:38:27', '2022-12-03 16:38:27'),
(807, 'New Hampshire', 1, 0, 0, '2022-12-03 16:38:27', '2022-12-03 16:38:27'),
(808, 'New Jersey', 1, 0, 0, '2022-12-03 16:38:27', '2022-12-03 16:38:27'),
(809, 'New Mexico', 1, 0, 0, '2022-12-03 16:38:27', '2022-12-03 16:38:27'),
(810, 'Nevada', 1, 0, 0, '2022-12-03 16:38:27', '2022-12-03 16:38:27'),
(811, 'New York', 1, 0, 0, '2022-12-03 16:38:27', '2022-12-03 16:38:27'),
(812, 'Ohio', 1, 0, 0, '2022-12-03 16:38:27', '2022-12-03 16:38:27'),
(813, 'Oklahoma', 1, 0, 0, '2022-12-03 16:38:27', '2022-12-03 16:38:27'),
(814, 'Oregon', 1, 0, 0, '2022-12-03 16:38:27', '2022-12-03 16:38:27'),
(815, 'Pennsylvania', 1, 0, 0, '2022-12-03 16:38:27', '2022-12-03 16:38:27'),
(816, 'Puerto Rico', 1, 0, 0, '2022-12-03 16:38:27', '2022-12-03 16:38:27'),
(817, 'Palau', 1, 0, 0, '2022-12-03 16:38:27', '2022-12-03 16:38:27'),
(818, 'Rhode Island', 1, 0, 0, '2022-12-03 16:38:27', '2022-12-03 16:38:27'),
(819, 'South Carolina', 1, 0, 0, '2022-12-03 16:38:27', '2022-12-03 16:38:27'),
(820, 'South Dakota', 1, 0, 0, '2022-12-03 16:38:27', '2022-12-03 16:38:27'),
(821, 'Tennessee', 1, 0, 0, '2022-12-03 16:38:27', '2022-12-03 16:38:27'),
(822, 'Texas', 1, 0, 0, '2022-12-03 16:38:27', '2022-12-03 16:38:27'),
(823, 'Utah', 1, 0, 0, '2022-12-03 16:38:27', '2022-12-03 16:38:27'),
(824, 'Virginia', 1, 0, 0, '2022-12-03 16:38:27', '2022-12-03 16:38:27'),
(825, 'Virgin Islands', 1, 0, 0, '2022-12-03 16:38:27', '2022-12-03 16:38:27'),
(826, 'Vermont', 1, 0, 0, '2022-12-03 16:38:27', '2022-12-03 16:38:27'),
(827, 'Washington', 1, 0, 0, '2022-12-03 16:38:27', '2022-12-03 16:38:27'),
(828, 'West Virginia', 1, 0, 0, '2022-12-03 16:38:27', '2022-12-03 16:38:27'),
(829, 'Wisconsin', 1, 0, 0, '2022-12-03 16:38:27', '2022-12-03 16:38:27'),
(830, 'Wyoming', 1, 0, 0, '2022-12-03 16:38:27', '2022-12-03 16:38:27'),
(831, 'Greenland', 1, 0, 0, '2022-12-03 16:38:27', '2022-12-03 16:38:27'),
(832, 'Brandenburg', 1, 0, 0, '2022-12-03 16:38:27', '2022-12-03 16:38:27'),
(833, 'Baden-Württemberg', 1, 0, 0, '2022-12-03 16:38:27', '2022-12-03 16:38:27'),
(834, 'Bayern', 1, 0, 0, '2022-12-03 16:38:27', '2022-12-03 16:38:27'),
(835, 'Hessen', 1, 0, 0, '2022-12-03 16:38:27', '2022-12-03 16:38:27'),
(836, 'Hamburg', 1, 0, 0, '2022-12-03 16:38:27', '2022-12-03 16:38:27'),
(837, 'Mecklenburg-Vorpommern', 1, 0, 0, '2022-12-03 16:38:27', '2022-12-03 16:38:27'),
(838, 'Niedersachsen', 1, 0, 0, '2022-12-03 16:38:27', '2022-12-03 16:38:27'),
(839, 'Nordrhein-Westfalen', 1, 0, 0, '2022-12-03 16:38:27', '2022-12-03 16:38:27'),
(840, 'Rheinland-Pfalz', 1, 0, 0, '2022-12-03 16:38:27', '2022-12-03 16:38:27'),
(841, 'Schleswig-Holstein', 1, 0, 0, '2022-12-03 16:38:27', '2022-12-03 16:38:27'),
(842, 'Sachsen', 1, 0, 0, '2022-12-03 16:38:27', '2022-12-03 16:38:27'),
(843, 'Sachsen-Anhalt', 1, 0, 0, '2022-12-03 16:38:27', '2022-12-03 16:38:27'),
(844, 'Thüringen', 1, 0, 0, '2022-12-03 16:38:27', '2022-12-03 16:38:27'),
(845, 'Berlin', 1, 0, 0, '2022-12-03 16:38:27', '2022-12-03 16:38:27'),
(846, 'Bremen', 1, 0, 0, '2022-12-03 16:38:27', '2022-12-03 16:38:27'),
(847, 'Saarland', 1, 0, 0, '2022-12-03 16:38:27', '2022-12-03 16:38:27'),
(848, 'Scotland North', 1, 0, 0, '2022-12-03 16:38:27', '2022-12-03 16:38:27'),
(849, 'England - East', 1, 0, 0, '2022-12-03 16:38:27', '2022-12-03 16:38:27'),
(850, 'England - West Midlands', 1, 0, 0, '2022-12-03 16:38:27', '2022-12-03 16:38:27'),
(851, 'England - South West', 1, 0, 0, '2022-12-03 16:38:27', '2022-12-03 16:38:27'),
(852, 'England - North West', 1, 0, 0, '2022-12-03 16:38:27', '2022-12-03 16:38:27'),
(853, 'England - Yorks &amp; Humber', 1, 0, 0, '2022-12-03 16:38:27', '2022-12-03 16:38:27'),
(854, 'England - South East', 1, 0, 0, '2022-12-03 16:38:27', '2022-12-03 16:38:27'),
(855, 'England - London', 1, 0, 0, '2022-12-03 16:38:27', '2022-12-03 16:38:27'),
(856, 'Northern Ireland', 1, 0, 0, '2022-12-03 16:38:27', '2022-12-03 16:38:27'),
(857, 'England - North East', 1, 0, 0, '2022-12-03 16:38:27', '2022-12-03 16:38:27'),
(858, 'Wales South', 1, 0, 0, '2022-12-03 16:38:27', '2022-12-03 16:38:27'),
(859, 'Wales North', 1, 0, 0, '2022-12-03 16:38:27', '2022-12-03 16:38:27'),
(860, 'England - East Midlands', 1, 0, 0, '2022-12-03 16:38:27', '2022-12-03 16:38:27'),
(861, 'Scotland Central', 1, 0, 0, '2022-12-03 16:38:27', '2022-12-03 16:38:27'),
(862, 'Scotland South', 1, 0, 0, '2022-12-03 16:38:27', '2022-12-03 16:38:27'),
(863, 'Channel Islands', 1, 0, 0, '2022-12-03 16:38:27', '2022-12-03 16:38:27'),
(864, 'Isle of Man', 1, 0, 0, '2022-12-03 16:38:27', '2022-12-03 16:38:27'),
(865, 'Burgenland', 1, 0, 0, '2022-12-03 16:38:27', '2022-12-03 16:38:27'),
(866, 'Kärnten', 1, 0, 0, '2022-12-03 16:38:27', '2022-12-03 16:38:27'),
(867, 'Niederösterreich', 1, 0, 0, '2022-12-03 16:38:27', '2022-12-03 16:38:27'),
(868, 'Oberösterreich', 1, 0, 0, '2022-12-03 16:38:27', '2022-12-03 16:38:27'),
(869, 'Salzburg', 1, 0, 0, '2022-12-03 16:38:27', '2022-12-03 16:38:27'),
(870, 'Steiermark', 1, 0, 0, '2022-12-03 16:38:27', '2022-12-03 16:38:27'),
(871, 'Tirol', 1, 0, 0, '2022-12-03 16:38:27', '2022-12-03 16:38:27'),
(872, 'Vorarlberg', 1, 0, 0, '2022-12-03 16:38:27', '2022-12-03 16:38:27'),
(873, 'Wien', 1, 0, 0, '2022-12-03 16:38:27', '2022-12-03 16:38:27'),
(874, 'Bruxelles', 1, 0, 0, '2022-12-03 16:38:27', '2022-12-03 16:38:27'),
(875, 'West-Vlaanderen', 1, 0, 0, '2022-12-03 16:38:27', '2022-12-03 16:38:27'),
(876, 'Oost-Vlaanderen', 1, 0, 0, '2022-12-03 16:38:27', '2022-12-03 16:38:27'),
(877, 'Limburg', 1, 0, 0, '2022-12-03 16:38:27', '2022-12-03 16:38:27'),
(878, 'Vlaams Brabant', 1, 0, 0, '2022-12-03 16:38:27', '2022-12-03 16:38:27'),
(879, 'Antwerpen', 1, 0, 0, '2022-12-03 16:38:27', '2022-12-03 16:38:27'),
(880, 'LiÄge', 1, 0, 0, '2022-12-03 16:38:27', '2022-12-03 16:38:27'),
(881, 'Namur', 1, 0, 0, '2022-12-03 16:38:27', '2022-12-03 16:38:27'),
(882, 'Hainaut', 1, 0, 0, '2022-12-03 16:38:27', '2022-12-03 16:38:27'),
(883, 'Luxembourg', 1, 0, 0, '2022-12-03 16:38:27', '2022-12-03 16:38:27'),
(884, 'Brabant Wallon', 1, 0, 0, '2022-12-03 16:38:27', '2022-12-03 16:38:27'),
(887, 'Blekinge Lan', 1, 0, 0, '2022-12-03 16:38:27', '2022-12-03 16:38:27'),
(888, 'Gavleborgs Lan', 1, 0, 0, '2022-12-03 16:38:27', '2022-12-03 16:38:27'),
(890, 'Gotlands Lan', 1, 0, 0, '2022-12-03 16:38:27', '2022-12-03 16:38:27'),
(891, 'Hallands Lan', 1, 0, 0, '2022-12-03 16:38:27', '2022-12-03 16:38:27'),
(892, 'Jamtlands Lan', 1, 0, 0, '2022-12-03 16:38:27', '2022-12-03 16:38:27'),
(893, 'Jonkopings Lan', 1, 0, 0, '2022-12-03 16:38:27', '2022-12-03 16:38:27'),
(894, 'Kalmar Lan', 1, 0, 0, '2022-12-03 16:38:27', '2022-12-03 16:38:27'),
(895, 'Dalarnas Lan', 1, 0, 0, '2022-12-03 16:38:27', '2022-12-03 16:38:27'),
(897, 'Kronobergs Lan', 1, 0, 0, '2022-12-03 16:38:27', '2022-12-03 16:38:27'),
(899, 'Norrbottens Lan', 1, 0, 0, '2022-12-03 16:38:27', '2022-12-03 16:38:27'),
(900, 'Orebro Lan', 1, 0, 0, '2022-12-03 16:38:27', '2022-12-03 16:38:27'),
(901, 'Ostergotlands Lan', 1, 0, 0, '2022-12-03 16:38:27', '2022-12-03 16:38:27'),
(903, 'Sodermanlands Lan', 1, 0, 0, '2022-12-03 16:38:27', '2022-12-03 16:38:27'),
(904, 'Uppsala Lan', 1, 0, 0, '2022-12-03 16:38:27', '2022-12-03 16:38:27'),
(905, 'Varmlands Lan', 1, 0, 0, '2022-12-03 16:38:27', '2022-12-03 16:38:27'),
(906, 'Vasterbottens Lan', 1, 0, 0, '2022-12-03 16:38:27', '2022-12-03 16:38:27'),
(907, 'Vasternorrlands Lan', 1, 0, 0, '2022-12-03 16:38:27', '2022-12-03 16:38:27'),
(908, 'Vastmanlands Lan', 1, 0, 0, '2022-12-03 16:38:27', '2022-12-03 16:38:27'),
(909, 'Stockholms Lan', 1, 0, 0, '2022-12-03 16:38:27', '2022-12-03 16:38:27'),
(910, 'Skane Lan', 1, 0, 0, '2022-12-03 16:38:27', '2022-12-03 16:38:27'),
(911, 'Vastra Gotaland', 1, 0, 0, '2022-12-03 16:38:27', '2022-12-03 16:38:27'),
(913, 'Akershus', 1, 0, 0, '2022-12-03 16:38:27', '2022-12-03 16:38:27'),
(914, 'Aust-Agder', 1, 0, 0, '2022-12-03 16:38:27', '2022-12-03 16:38:27'),
(915, 'Buskerud', 1, 0, 0, '2022-12-03 16:38:27', '2022-12-03 16:38:27'),
(916, 'Finnmark', 1, 0, 0, '2022-12-03 16:38:27', '2022-12-03 16:38:27'),
(917, 'Hedmark', 1, 0, 0, '2022-12-03 16:38:27', '2022-12-03 16:38:27'),
(918, 'Hordaland', 1, 0, 0, '2022-12-03 16:38:27', '2022-12-03 16:38:27'),
(919, 'More og Romsdal', 1, 0, 0, '2022-12-03 16:38:27', '2022-12-03 16:38:27'),
(920, 'Nordland', 1, 0, 0, '2022-12-03 16:38:27', '2022-12-03 16:38:27'),
(921, 'Nord-Trondelag', 1, 0, 0, '2022-12-03 16:38:27', '2022-12-03 16:38:27'),
(922, 'Oppland', 1, 0, 0, '2022-12-03 16:38:27', '2022-12-03 16:38:27'),
(923, 'Oslo', 1, 0, 0, '2022-12-03 16:38:27', '2022-12-03 16:38:27'),
(924, 'Ostfold', 1, 0, 0, '2022-12-03 16:38:27', '2022-12-03 16:38:27'),
(925, 'Rogaland', 1, 0, 0, '2022-12-03 16:38:27', '2022-12-03 16:38:27'),
(926, 'Sogn og Fjordane', 1, 0, 0, '2022-12-03 16:38:27', '2022-12-03 16:38:27'),
(927, 'Sor-Trondelag', 1, 0, 0, '2022-12-03 16:38:27', '2022-12-03 16:38:27'),
(928, 'Telemark', 1, 0, 0, '2022-12-03 16:38:27', '2022-12-03 16:38:27'),
(929, 'Troms', 1, 0, 0, '2022-12-03 16:38:27', '2022-12-03 16:38:27'),
(930, 'Vest-Agder', 1, 0, 0, '2022-12-03 16:38:27', '2022-12-03 16:38:27'),
(931, 'Vestfold', 1, 0, 0, '2022-12-03 16:38:27', '2022-12-03 16:38:27'),
(933, '&ETH;&bull;land', 1, 0, 0, '2022-12-03 16:38:27', '2022-12-03 16:38:27'),
(934, 'Lapland', 1, 0, 0, '2022-12-03 16:38:27', '2022-12-03 16:38:27'),
(935, 'Oulu', 1, 0, 0, '2022-12-03 16:38:27', '2022-12-03 16:38:27'),
(936, 'Southern Finland', 1, 0, 0, '2022-12-03 16:38:27', '2022-12-03 16:38:27'),
(937, 'Eastern Finland', 1, 0, 0, '2022-12-03 16:38:27', '2022-12-03 16:38:27'),
(938, 'Western Finland', 1, 0, 0, '2022-12-03 16:38:27', '2022-12-03 16:38:27'),
(940, 'Arhus', 1, 0, 0, '2022-12-03 16:38:27', '2022-12-03 16:38:27'),
(941, 'Bornholm', 1, 0, 0, '2022-12-03 16:38:27', '2022-12-03 16:38:27'),
(942, 'Frederiksborg', 1, 0, 0, '2022-12-03 16:38:27', '2022-12-03 16:38:27'),
(943, 'Fyn', 1, 0, 0, '2022-12-03 16:38:27', '2022-12-03 16:38:27'),
(944, 'Kobenhavn', 1, 0, 0, '2022-12-03 16:38:27', '2022-12-03 16:38:27'),
(945, 'Staden Kobenhavn', 1, 0, 0, '2022-12-03 16:38:27', '2022-12-03 16:38:27'),
(946, 'Nordjylland', 1, 0, 0, '2022-12-03 16:38:27', '2022-12-03 16:38:27'),
(947, 'Ribe', 1, 0, 0, '2022-12-03 16:38:27', '2022-12-03 16:38:27'),
(948, 'Ringkobing', 1, 0, 0, '2022-12-03 16:38:27', '2022-12-03 16:38:27'),
(949, 'Roskilde', 1, 0, 0, '2022-12-03 16:38:27', '2022-12-03 16:38:27'),
(950, 'Sonderjylland', 1, 0, 0, '2022-12-03 16:38:27', '2022-12-03 16:38:27'),
(951, 'Storstrom', 1, 0, 0, '2022-12-03 16:38:27', '2022-12-03 16:38:27'),
(952, 'Vejle', 1, 0, 0, '2022-12-03 16:38:27', '2022-12-03 16:38:27'),
(953, 'Vestsjalland', 1, 0, 0, '2022-12-03 16:38:27', '2022-12-03 16:38:27'),
(954, 'Viborg', 1, 0, 0, '2022-12-03 16:38:27', '2022-12-03 16:38:27'),
(956, 'Hlavni Mesto Praha', 1, 0, 0, '2022-12-03 16:38:27', '2022-12-03 16:38:27'),
(957, 'Jihomoravsky Kraj', 1, 0, 0, '2022-12-03 16:38:27', '2022-12-03 16:38:27'),
(958, 'Jihocesky Kraj', 1, 0, 0, '2022-12-03 16:38:27', '2022-12-03 16:38:27'),
(959, 'Vysocina', 1, 0, 0, '2022-12-03 16:38:27', '2022-12-03 16:38:27'),
(960, 'Karlovarsky Kraj', 1, 0, 0, '2022-12-03 16:38:27', '2022-12-03 16:38:27'),
(961, 'Kralovehradecky Kraj', 1, 0, 0, '2022-12-03 16:38:27', '2022-12-03 16:38:27'),
(962, 'Liberecky Kraj', 1, 0, 0, '2022-12-03 16:38:27', '2022-12-03 16:38:27'),
(963, 'Olomoucky Kraj', 1, 0, 0, '2022-12-03 16:38:27', '2022-12-03 16:38:27'),
(964, 'Moravskoslezsky Kraj', 1, 0, 0, '2022-12-03 16:38:27', '2022-12-03 16:38:27'),
(965, 'Pardubicky Kraj', 1, 0, 0, '2022-12-03 16:38:27', '2022-12-03 16:38:27'),
(966, 'Plzensky Kraj', 1, 0, 0, '2022-12-03 16:38:27', '2022-12-03 16:38:27'),
(967, 'Stredocesky Kraj', 1, 0, 0, '2022-12-03 16:38:27', '2022-12-03 16:38:27'),
(968, 'Ustecky Kraj', 1, 0, 0, '2022-12-03 16:38:27', '2022-12-03 16:38:27'),
(969, 'Zlinsky Kraj', 1, 0, 0, '2022-12-03 16:38:27', '2022-12-03 16:38:27'),
(971, 'Berat', 1, 0, 0, '2022-12-03 16:38:27', '2022-12-03 16:38:27'),
(972, 'Diber', 1, 0, 0, '2022-12-03 16:38:27', '2022-12-03 16:38:27'),
(973, 'Durres', 1, 0, 0, '2022-12-03 16:38:27', '2022-12-03 16:38:27'),
(974, 'Elbasan', 1, 0, 0, '2022-12-03 16:38:27', '2022-12-03 16:38:27'),
(975, 'Fier', 1, 0, 0, '2022-12-03 16:38:27', '2022-12-03 16:38:27'),
(976, 'Gjirokaster', 1, 0, 0, '2022-12-03 16:38:27', '2022-12-03 16:38:27'),
(977, 'Korce', 1, 0, 0, '2022-12-03 16:38:27', '2022-12-03 16:38:27'),
(978, 'Kukes', 1, 0, 0, '2022-12-03 16:38:27', '2022-12-03 16:38:27'),
(979, 'Lezhe', 1, 0, 0, '2022-12-03 16:38:27', '2022-12-03 16:38:27'),
(980, 'Shkoder', 1, 0, 0, '2022-12-03 16:38:27', '2022-12-03 16:38:27'),
(981, 'Tirane', 1, 0, 0, '2022-12-03 16:38:27', '2022-12-03 16:38:27'),
(982, 'Vlore', 1, 0, 0, '2022-12-03 16:38:27', '2022-12-03 16:38:27'),
(984, 'Canillo', 1, 0, 0, '2022-12-03 16:38:27', '2022-12-03 16:38:27'),
(985, 'Encamp', 1, 0, 0, '2022-12-03 16:38:27', '2022-12-03 16:38:27'),
(986, 'La Massana', 1, 0, 0, '2022-12-03 16:38:27', '2022-12-03 16:38:27'),
(987, 'Ordino', 1, 0, 0, '2022-12-03 16:38:27', '2022-12-03 16:38:27'),
(988, 'Sant Julia de Loria', 1, 0, 0, '2022-12-03 16:38:27', '2022-12-03 16:38:27'),
(989, 'Andorra la Vella', 1, 0, 0, '2022-12-03 16:38:27', '2022-12-03 16:38:27'),
(990, 'Escaldes-Engordany', 1, 0, 0, '2022-12-03 16:38:27', '2022-12-03 16:38:27'),
(992, 'Aragatsotn', 1, 0, 0, '2022-12-03 16:38:27', '2022-12-03 16:38:27'),
(993, 'Ararat', 1, 0, 0, '2022-12-03 16:38:27', '2022-12-03 16:38:27'),
(994, 'Armavir', 1, 0, 0, '2022-12-03 16:38:27', '2022-12-03 16:38:27'),
(995, 'Geghark&#039;unik&#039;', 1, 0, 0, '2022-12-03 16:38:27', '2022-12-03 16:38:27'),
(996, 'Kotayk&#039;', 1, 0, 0, '2022-12-03 16:38:27', '2022-12-03 16:38:27'),
(997, 'Lorri', 1, 0, 0, '2022-12-03 16:38:27', '2022-12-03 16:38:27'),
(998, 'Shirak', 1, 0, 0, '2022-12-03 16:38:27', '2022-12-03 16:38:27'),
(999, 'Syunik&#039;', 1, 0, 0, '2022-12-03 16:38:27', '2022-12-03 16:38:27'),
(1000, 'Tavush', 1, 0, 0, '2022-12-03 16:38:27', '2022-12-03 16:38:27'),
(1001, 'Vayots&#039; Dzor', 1, 0, 0, '2022-12-03 16:38:27', '2022-12-03 16:38:27'),
(1002, 'Yerevan', 1, 0, 0, '2022-12-03 16:38:27', '2022-12-03 16:38:27'),
(1004, 'Federation of Bosnia and Herzegovina', 1, 0, 0, '2022-12-03 16:38:27', '2022-12-03 16:38:27'),
(1005, 'Republika Srpska', 1, 0, 0, '2022-12-03 16:38:27', '2022-12-03 16:38:27'),
(1007, 'Mikhaylovgrad', 1, 0, 0, '2022-12-03 16:38:27', '2022-12-03 16:38:27'),
(1008, 'Blagoevgrad', 1, 0, 0, '2022-12-03 16:38:27', '2022-12-03 16:38:27'),
(1009, 'Burgas', 1, 0, 0, '2022-12-03 16:38:27', '2022-12-03 16:38:27'),
(1010, 'Dobrich', 1, 0, 0, '2022-12-03 16:38:27', '2022-12-03 16:38:27'),
(1011, 'Gabrovo', 1, 0, 0, '2022-12-03 16:38:27', '2022-12-03 16:38:27'),
(1012, 'Grad Sofiya', 1, 0, 0, '2022-12-03 16:38:27', '2022-12-03 16:38:27'),
(1013, 'Khaskovo', 1, 0, 0, '2022-12-03 16:38:27', '2022-12-03 16:38:27'),
(1014, 'Kurdzhali', 1, 0, 0, '2022-12-03 16:38:27', '2022-12-03 16:38:27'),
(1015, 'Kyustendil', 1, 0, 0, '2022-12-03 16:38:27', '2022-12-03 16:38:27'),
(1016, 'Lovech', 1, 0, 0, '2022-12-03 16:38:27', '2022-12-03 16:38:27'),
(1017, 'Montana', 1, 0, 0, '2022-12-03 16:38:27', '2022-12-03 16:38:27'),
(1018, 'Pazardzhik', 1, 0, 0, '2022-12-03 16:38:27', '2022-12-03 16:38:27'),
(1019, 'Pernik', 1, 0, 0, '2022-12-03 16:38:27', '2022-12-03 16:38:27'),
(1020, 'Pleven', 1, 0, 0, '2022-12-03 16:38:27', '2022-12-03 16:38:27'),
(1021, 'Plovdiv', 1, 0, 0, '2022-12-03 16:38:27', '2022-12-03 16:38:27'),
(1022, 'Razgrad', 1, 0, 0, '2022-12-03 16:38:27', '2022-12-03 16:38:27'),
(1023, 'Ruse', 1, 0, 0, '2022-12-03 16:38:27', '2022-12-03 16:38:27'),
(1024, 'Shumen', 1, 0, 0, '2022-12-03 16:38:27', '2022-12-03 16:38:27'),
(1025, 'Silistra', 1, 0, 0, '2022-12-03 16:38:27', '2022-12-03 16:38:27'),
(1026, 'Sliven', 1, 0, 0, '2022-12-03 16:38:27', '2022-12-03 16:38:27'),
(1027, 'Smolyan', 1, 0, 0, '2022-12-03 16:38:27', '2022-12-03 16:38:27'),
(1028, 'Sofiya', 1, 0, 0, '2022-12-03 16:38:27', '2022-12-03 16:38:27'),
(1029, 'Stara Zagora', 1, 0, 0, '2022-12-03 16:38:27', '2022-12-03 16:38:27'),
(1030, 'Turgovishte', 1, 0, 0, '2022-12-03 16:38:27', '2022-12-03 16:38:27'),
(1031, 'Varna', 1, 0, 0, '2022-12-03 16:38:27', '2022-12-03 16:38:27'),
(1032, 'Veliko Turnovo', 1, 0, 0, '2022-12-03 16:38:27', '2022-12-03 16:38:27'),
(1033, 'Vidin', 1, 0, 0, '2022-12-03 16:38:27', '2022-12-03 16:38:27'),
(1034, 'Vratsa', 1, 0, 0, '2022-12-03 16:38:27', '2022-12-03 16:38:27'),
(1035, 'Yambol', 1, 0, 0, '2022-12-03 16:38:27', '2022-12-03 16:38:27'),
(1037, 'Bjelovarsko-Bilogorska', 1, 0, 0, '2022-12-03 16:38:27', '2022-12-03 16:38:27'),
(1038, 'Brodsko-Posavska', 1, 0, 0, '2022-12-03 16:38:27', '2022-12-03 16:38:27'),
(1039, 'Dubrovacko-Neretvanska', 1, 0, 0, '2022-12-03 16:38:27', '2022-12-03 16:38:27'),
(1040, 'Istarska', 1, 0, 0, '2022-12-03 16:38:27', '2022-12-03 16:38:27'),
(1041, 'Karlovacka', 1, 0, 0, '2022-12-03 16:38:27', '2022-12-03 16:38:27'),
(1042, 'Koprivnicko-Krizevacka', 1, 0, 0, '2022-12-03 16:38:27', '2022-12-03 16:38:27'),
(1043, 'Krapinsko-Zagorska', 1, 0, 0, '2022-12-03 16:38:27', '2022-12-03 16:38:27'),
(1044, 'Licko-Senjska', 1, 0, 0, '2022-12-03 16:38:27', '2022-12-03 16:38:27'),
(1045, 'Medimurska', 1, 0, 0, '2022-12-03 16:38:27', '2022-12-03 16:38:27'),
(1046, 'Osjecko-Baranjska', 1, 0, 0, '2022-12-03 16:38:27', '2022-12-03 16:38:27'),
(1047, 'Pozesko-Slavonska', 1, 0, 0, '2022-12-03 16:38:27', '2022-12-03 16:38:27'),
(1048, 'Primorsko-Goranska', 1, 0, 0, '2022-12-03 16:38:27', '2022-12-03 16:38:27'),
(1049, 'Sibensko-Kninska', 1, 0, 0, '2022-12-03 16:38:27', '2022-12-03 16:38:27'),
(1050, 'Sisacko-Moslavacka', 1, 0, 0, '2022-12-03 16:38:27', '2022-12-03 16:38:27'),
(1051, 'Splitsko-Dalmatinska', 1, 0, 0, '2022-12-03 16:38:27', '2022-12-03 16:38:27'),
(1052, 'Varazdinska', 1, 0, 0, '2022-12-03 16:38:27', '2022-12-03 16:38:27'),
(1053, 'Viroviticko-Podravska', 1, 0, 0, '2022-12-03 16:38:27', '2022-12-03 16:38:27'),
(1054, 'Vukovarsko-Srijemska', 1, 0, 0, '2022-12-03 16:38:27', '2022-12-03 16:38:27'),
(1055, 'Zadarska', 1, 0, 0, '2022-12-03 16:38:27', '2022-12-03 16:38:27'),
(1056, 'Zagrebacka', 1, 0, 0, '2022-12-03 16:38:27', '2022-12-03 16:38:27'),
(1057, 'Grad Zagreb', 1, 0, 0, '2022-12-03 16:38:27', '2022-12-03 16:38:27'),
(1059, 'Gibraltar', 1, 0, 0, '2022-12-03 16:38:27', '2022-12-03 16:38:27'),
(1060, 'Evros', 1, 0, 0, '2022-12-03 16:38:27', '2022-12-03 16:38:27'),
(1061, 'Rodhopi', 1, 0, 0, '2022-12-03 16:38:27', '2022-12-03 16:38:27'),
(1062, 'Xanthi', 1, 0, 0, '2022-12-03 16:38:27', '2022-12-03 16:38:27'),
(1063, 'Drama', 1, 0, 0, '2022-12-03 16:38:27', '2022-12-03 16:38:27'),
(1064, 'Serrai', 1, 0, 0, '2022-12-03 16:38:27', '2022-12-03 16:38:27'),
(1065, 'Kilkis', 1, 0, 0, '2022-12-03 16:38:27', '2022-12-03 16:38:27'),
(1066, 'Pella', 1, 0, 0, '2022-12-03 16:38:27', '2022-12-03 16:38:27'),
(1067, 'Florina', 1, 0, 0, '2022-12-03 16:38:27', '2022-12-03 16:38:27'),
(1068, 'Kastoria', 1, 0, 0, '2022-12-03 16:38:27', '2022-12-03 16:38:27'),
(1069, 'Grevena', 1, 0, 0, '2022-12-03 16:38:27', '2022-12-03 16:38:27'),
(1070, 'Kozani', 1, 0, 0, '2022-12-03 16:38:27', '2022-12-03 16:38:27'),
(1071, 'Imathia', 1, 0, 0, '2022-12-03 16:38:27', '2022-12-03 16:38:27'),
(1072, 'Thessaloniki', 1, 0, 0, '2022-12-03 16:38:27', '2022-12-03 16:38:27'),
(1073, 'Kavala', 1, 0, 0, '2022-12-03 16:38:27', '2022-12-03 16:38:27'),
(1074, 'Khalkidhiki', 1, 0, 0, '2022-12-03 16:38:27', '2022-12-03 16:38:27'),
(1075, 'Pieria', 1, 0, 0, '2022-12-03 16:38:27', '2022-12-03 16:38:27'),
(1076, 'Ioannina', 1, 0, 0, '2022-12-03 16:38:27', '2022-12-03 16:38:27'),
(1077, 'Thesprotia', 1, 0, 0, '2022-12-03 16:38:27', '2022-12-03 16:38:27'),
(1078, 'Preveza', 1, 0, 0, '2022-12-03 16:38:27', '2022-12-03 16:38:27'),
(1079, 'Arta', 1, 0, 0, '2022-12-03 16:38:27', '2022-12-03 16:38:27'),
(1080, 'Larisa', 1, 0, 0, '2022-12-03 16:38:27', '2022-12-03 16:38:27'),
(1081, 'Trikala', 1, 0, 0, '2022-12-03 16:38:27', '2022-12-03 16:38:27'),
(1082, 'Kardhitsa', 1, 0, 0, '2022-12-03 16:38:27', '2022-12-03 16:38:27'),
(1083, 'Magnisia', 1, 0, 0, '2022-12-03 16:38:27', '2022-12-03 16:38:27'),
(1084, 'Kerkira', 1, 0, 0, '2022-12-03 16:38:27', '2022-12-03 16:38:27'),
(1085, 'Levkas', 1, 0, 0, '2022-12-03 16:38:27', '2022-12-03 16:38:27'),
(1086, 'Kefallinia', 1, 0, 0, '2022-12-03 16:38:27', '2022-12-03 16:38:27'),
(1087, 'Zakinthos', 1, 0, 0, '2022-12-03 16:38:27', '2022-12-03 16:38:27'),
(1088, 'Fthiotis', 1, 0, 0, '2022-12-03 16:38:27', '2022-12-03 16:38:27'),
(1089, 'Evritania', 1, 0, 0, '2022-12-03 16:38:27', '2022-12-03 16:38:27'),
(1090, 'Aitolia kai Akarnania', 1, 0, 0, '2022-12-03 16:38:27', '2022-12-03 16:38:27'),
(1091, 'Fokis', 1, 0, 0, '2022-12-03 16:38:27', '2022-12-03 16:38:27'),
(1092, 'Voiotia', 1, 0, 0, '2022-12-03 16:38:27', '2022-12-03 16:38:27'),
(1093, 'Evvoia', 1, 0, 0, '2022-12-03 16:38:27', '2022-12-03 16:38:27'),
(1094, 'Attiki', 1, 0, 0, '2022-12-03 16:38:27', '2022-12-03 16:38:27'),
(1095, 'Argolis', 1, 0, 0, '2022-12-03 16:38:27', '2022-12-03 16:38:27'),
(1096, 'Korinthia', 1, 0, 0, '2022-12-03 16:38:27', '2022-12-03 16:38:27'),
(1097, 'Akhaia', 1, 0, 0, '2022-12-03 16:38:27', '2022-12-03 16:38:27'),
(1098, 'Ilia', 1, 0, 0, '2022-12-03 16:38:27', '2022-12-03 16:38:27'),
(1099, 'Messinia', 1, 0, 0, '2022-12-03 16:38:27', '2022-12-03 16:38:27'),
(1100, 'Arkadhia', 1, 0, 0, '2022-12-03 16:38:27', '2022-12-03 16:38:27'),
(1101, 'Lakonia', 1, 0, 0, '2022-12-03 16:38:27', '2022-12-03 16:38:27'),
(1102, 'Khania', 1, 0, 0, '2022-12-03 16:38:27', '2022-12-03 16:38:27'),
(1103, 'Rethimni', 1, 0, 0, '2022-12-03 16:38:27', '2022-12-03 16:38:27'),
(1104, 'Iraklion', 1, 0, 0, '2022-12-03 16:38:27', '2022-12-03 16:38:27'),
(1105, 'Lasithi', 1, 0, 0, '2022-12-03 16:38:27', '2022-12-03 16:38:27'),
(1106, 'Dhodhekanisos', 1, 0, 0, '2022-12-03 16:38:27', '2022-12-03 16:38:27'),
(1107, 'Samos', 1, 0, 0, '2022-12-03 16:38:27', '2022-12-03 16:38:27'),
(1108, 'Kikladhes', 1, 0, 0, '2022-12-03 16:38:27', '2022-12-03 16:38:27'),
(1109, 'Khios', 1, 0, 0, '2022-12-03 16:38:27', '2022-12-03 16:38:27'),
(1110, 'Lesvos', 1, 0, 0, '2022-12-03 16:38:27', '2022-12-03 16:38:27'),
(1112, 'Bacs-Kiskun', 1, 0, 0, '2022-12-03 16:38:27', '2022-12-03 16:38:27'),
(1113, 'Baranya', 1, 0, 0, '2022-12-03 16:38:27', '2022-12-03 16:38:27'),
(1114, 'Bekes', 1, 0, 0, '2022-12-03 16:38:27', '2022-12-03 16:38:27'),
(1115, 'Borsod-Abauj-Zemplen', 1, 0, 0, '2022-12-03 16:38:27', '2022-12-03 16:38:27'),
(1116, 'Budapest', 1, 0, 0, '2022-12-03 16:38:27', '2022-12-03 16:38:27'),
(1117, 'Csongrad', 1, 0, 0, '2022-12-03 16:38:27', '2022-12-03 16:38:27'),
(1118, 'Debrecen', 1, 0, 0, '2022-12-03 16:38:27', '2022-12-03 16:38:27'),
(1119, 'Fejer', 1, 0, 0, '2022-12-03 16:38:27', '2022-12-03 16:38:27'),
(1120, 'Gyor-Moson-Sopron', 1, 0, 0, '2022-12-03 16:38:27', '2022-12-03 16:38:27'),
(1121, 'Hajdu-Bihar', 1, 0, 0, '2022-12-03 16:38:27', '2022-12-03 16:38:27'),
(1122, 'Heves', 1, 0, 0, '2022-12-03 16:38:27', '2022-12-03 16:38:27'),
(1123, 'Komarom-Esztergom', 1, 0, 0, '2022-12-03 16:38:27', '2022-12-03 16:38:27'),
(1124, 'Miskolc', 1, 0, 0, '2022-12-03 16:38:27', '2022-12-03 16:38:27'),
(1125, 'Nograd', 1, 0, 0, '2022-12-03 16:38:27', '2022-12-03 16:38:27'),
(1126, 'Pecs', 1, 0, 0, '2022-12-03 16:38:27', '2022-12-03 16:38:27'),
(1127, 'Pest', 1, 0, 0, '2022-12-03 16:38:27', '2022-12-03 16:38:27'),
(1128, 'Somogy', 1, 0, 0, '2022-12-03 16:38:27', '2022-12-03 16:38:27'),
(1129, 'Szabolcs-Szatmar-Bereg', 1, 0, 0, '2022-12-03 16:38:27', '2022-12-03 16:38:27'),
(1130, 'Szeged', 1, 0, 0, '2022-12-03 16:38:27', '2022-12-03 16:38:27'),
(1131, 'Jasz-Nagykun-Szolnok', 1, 0, 0, '2022-12-03 16:38:27', '2022-12-03 16:38:27'),
(1132, 'Tolna', 1, 0, 0, '2022-12-03 16:38:27', '2022-12-03 16:38:27'),
(1133, 'Vas', 1, 0, 0, '2022-12-03 16:38:27', '2022-12-03 16:38:27'),
(1134, 'Veszprem', 1, 0, 0, '2022-12-03 16:38:27', '2022-12-03 16:38:27'),
(1135, 'Zala', 1, 0, 0, '2022-12-03 16:38:27', '2022-12-03 16:38:27'),
(1136, 'Gyor', 1, 0, 0, '2022-12-03 16:38:27', '2022-12-03 16:38:27'),
(1150, 'Veszprem', 1, 0, 0, '2022-12-03 16:38:27', '2022-12-03 16:38:27'),
(1152, 'Balzers', 1, 0, 0, '2022-12-03 16:38:27', '2022-12-03 16:38:27'),
(1153, 'Eschen', 1, 0, 0, '2022-12-03 16:38:27', '2022-12-03 16:38:27'),
(1154, 'Gamprin', 1, 0, 0, '2022-12-03 16:38:27', '2022-12-03 16:38:27'),
(1155, 'Mauren', 1, 0, 0, '2022-12-03 16:38:27', '2022-12-03 16:38:27'),
(1156, 'Planken', 1, 0, 0, '2022-12-03 16:38:27', '2022-12-03 16:38:27'),
(1157, 'Ruggell', 1, 0, 0, '2022-12-03 16:38:27', '2022-12-03 16:38:27'),
(1158, 'Schaan', 1, 0, 0, '2022-12-03 16:38:27', '2022-12-03 16:38:27'),
(1159, 'Schellenberg', 1, 0, 0, '2022-12-03 16:38:27', '2022-12-03 16:38:27'),
(1160, 'Triesen', 1, 0, 0, '2022-12-03 16:38:27', '2022-12-03 16:38:27'),
(1161, 'Triesenberg', 1, 0, 0, '2022-12-03 16:38:27', '2022-12-03 16:38:27'),
(1162, 'Vaduz', 1, 0, 0, '2022-12-03 16:38:27', '2022-12-03 16:38:27'),
(1163, 'Diekirch', 1, 0, 0, '2022-12-03 16:38:27', '2022-12-03 16:38:27'),
(1164, 'Grevenmacher', 1, 0, 0, '2022-12-03 16:38:27', '2022-12-03 16:38:27'),
(1165, 'Luxembourg', 1, 0, 0, '2022-12-03 16:38:27', '2022-12-03 16:38:27'),
(1167, 'Aracinovo', 1, 0, 0, '2022-12-03 16:38:27', '2022-12-03 16:38:27'),
(1168, 'Bac', 1, 0, 0, '2022-12-03 16:38:27', '2022-12-03 16:38:27'),
(1169, 'Belcista', 1, 0, 0, '2022-12-03 16:38:27', '2022-12-03 16:38:27'),
(1170, 'Berovo', 1, 0, 0, '2022-12-03 16:38:27', '2022-12-03 16:38:27'),
(1171, 'Bistrica', 1, 0, 0, '2022-12-03 16:38:27', '2022-12-03 16:38:27'),
(1172, 'Bitola', 1, 0, 0, '2022-12-03 16:38:27', '2022-12-03 16:38:27'),
(1173, 'Blatec', 1, 0, 0, '2022-12-03 16:38:27', '2022-12-03 16:38:27'),
(1174, 'Bogdanci', 1, 0, 0, '2022-12-03 16:38:27', '2022-12-03 16:38:27'),
(1175, 'Bogomila', 1, 0, 0, '2022-12-03 16:38:27', '2022-12-03 16:38:27'),
(1176, 'Bogovinje', 1, 0, 0, '2022-12-03 16:38:27', '2022-12-03 16:38:27'),
(1177, 'Bosilovo', 1, 0, 0, '2022-12-03 16:38:27', '2022-12-03 16:38:27'),
(1179, 'Cair', 1, 0, 0, '2022-12-03 16:38:27', '2022-12-03 16:38:27'),
(1180, 'Capari', 1, 0, 0, '2022-12-03 16:38:27', '2022-12-03 16:38:27'),
(1181, 'Caska', 1, 0, 0, '2022-12-03 16:38:27', '2022-12-03 16:38:27'),
(1182, 'Cegrane', 1, 0, 0, '2022-12-03 16:38:27', '2022-12-03 16:38:27'),
(1184, 'Centar Zupa', 1, 0, 0, '2022-12-03 16:38:27', '2022-12-03 16:38:27'),
(1187, 'Debar', 1, 0, 0, '2022-12-03 16:38:27', '2022-12-03 16:38:27'),
(1188, 'Delcevo', 1, 0, 0, '2022-12-03 16:38:27', '2022-12-03 16:38:27'),
(1190, 'Demir Hisar', 1, 0, 0, '2022-12-03 16:38:27', '2022-12-03 16:38:27'),
(1191, 'Demir Kapija', 1, 0, 0, '2022-12-03 16:38:27', '2022-12-03 16:38:27'),
(1195, 'Dorce Petrov', 1, 0, 0, '2022-12-03 16:38:27', '2022-12-03 16:38:27'),
(1198, 'Gazi Baba', 1, 0, 0, '2022-12-03 16:38:27', '2022-12-03 16:38:27'),
(1199, 'Gevgelija', 1, 0, 0, '2022-12-03 16:38:27', '2022-12-03 16:38:27'),
(1200, 'Gostivar', 1, 0, 0, '2022-12-03 16:38:27', '2022-12-03 16:38:27'),
(1201, 'Gradsko', 1, 0, 0, '2022-12-03 16:38:27', '2022-12-03 16:38:27'),
(1204, 'Jegunovce', 1, 0, 0, '2022-12-03 16:38:27', '2022-12-03 16:38:27'),
(1205, 'Kamenjane', 1, 0, 0, '2022-12-03 16:38:27', '2022-12-03 16:38:27'),
(1207, 'Karpos', 1, 0, 0, '2022-12-03 16:38:27', '2022-12-03 16:38:27'),
(1208, 'Kavadarci', 1, 0, 0, '2022-12-03 16:38:27', '2022-12-03 16:38:27'),
(1209, 'Kicevo', 1, 0, 0, '2022-12-03 16:38:27', '2022-12-03 16:38:27'),
(1210, 'Kisela Voda', 1, 0, 0, '2022-12-03 16:38:27', '2022-12-03 16:38:27'),
(1211, 'Klecevce', 1, 0, 0, '2022-12-03 16:38:27', '2022-12-03 16:38:27'),
(1212, 'Kocani', 1, 0, 0, '2022-12-03 16:38:27', '2022-12-03 16:38:27'),
(1214, 'Kondovo', 1, 0, 0, '2022-12-03 16:38:27', '2022-12-03 16:38:27'),
(1217, 'Kratovo', 1, 0, 0, '2022-12-03 16:38:27', '2022-12-03 16:38:27'),
(1219, 'Krivogastani', 1, 0, 0, '2022-12-03 16:38:27', '2022-12-03 16:38:27'),
(1220, 'Krusevo', 1, 0, 0, '2022-12-03 16:38:27', '2022-12-03 16:38:27'),
(1223, 'Kumanovo', 1, 0, 0, '2022-12-03 16:38:27', '2022-12-03 16:38:27'),
(1224, 'Labunista', 1, 0, 0, '2022-12-03 16:38:27', '2022-12-03 16:38:27'),
(1225, 'Lipkovo', 1, 0, 0, '2022-12-03 16:38:27', '2022-12-03 16:38:27'),
(1228, 'Makedonska Kamenica', 1, 0, 0, '2022-12-03 16:38:27', '2022-12-03 16:38:27'),
(1229, 'Makedonski Brod', 1, 0, 0, '2022-12-03 16:38:27', '2022-12-03 16:38:27'),
(1234, 'Murtino', 1, 0, 0, '2022-12-03 16:38:27', '2022-12-03 16:38:27'),
(1235, 'Negotino', 1, 0, 0, '2022-12-03 16:38:27', '2022-12-03 16:38:27'),
(1238, 'Novo Selo', 1, 0, 0, '2022-12-03 16:38:27', '2022-12-03 16:38:27'),
(1240, 'Ohrid', 1, 0, 0, '2022-12-03 16:38:27', '2022-12-03 16:38:27'),
(1242, 'Orizari', 1, 0, 0, '2022-12-03 16:38:27', '2022-12-03 16:38:27'),
(1245, 'Petrovec', 1, 0, 0, '2022-12-03 16:38:27', '2022-12-03 16:38:27'),
(1248, 'Prilep', 1, 0, 0, '2022-12-03 16:38:27', '2022-12-03 16:38:27'),
(1249, 'Probistip', 1, 0, 0, '2022-12-03 16:38:27', '2022-12-03 16:38:27'),
(1250, 'Radovis', 1, 0, 0, '2022-12-03 16:38:27', '2022-12-03 16:38:27'),
(1252, 'Resen', 1, 0, 0, '2022-12-03 16:38:27', '2022-12-03 16:38:27'),
(1253, 'Rosoman', 1, 0, 0, '2022-12-03 16:38:27', '2022-12-03 16:38:27'),
(1256, 'Saraj', 1, 0, 0, '2022-12-03 16:38:27', '2022-12-03 16:38:27'),
(1260, 'Srbinovo', 1, 0, 0, '2022-12-03 16:38:27', '2022-12-03 16:38:27'),
(1262, 'Star Dojran', 1, 0, 0, '2022-12-03 16:38:27', '2022-12-03 16:38:27'),
(1264, 'Stip', 1, 0, 0, '2022-12-03 16:38:27', '2022-12-03 16:38:27'),
(1265, 'Struga', 1, 0, 0, '2022-12-03 16:38:27', '2022-12-03 16:38:27'),
(1266, 'Strumica', 1, 0, 0, '2022-12-03 16:38:27', '2022-12-03 16:38:27'),
(1267, 'Studenicani', 1, 0, 0, '2022-12-03 16:38:27', '2022-12-03 16:38:27'),
(1268, 'Suto Orizari', 1, 0, 0, '2022-12-03 16:38:27', '2022-12-03 16:38:27'),
(1269, 'Sveti Nikole', 1, 0, 0, '2022-12-03 16:38:27', '2022-12-03 16:38:27'),
(1270, 'Tearce', 1, 0, 0, '2022-12-03 16:38:27', '2022-12-03 16:38:27'),
(1271, 'Tetovo', 1, 0, 0, '2022-12-03 16:38:27', '2022-12-03 16:38:27'),
(1273, 'Valandovo', 1, 0, 0, '2022-12-03 16:38:27', '2022-12-03 16:38:27'),
(1275, 'Veles', 1, 0, 0, '2022-12-03 16:38:27', '2022-12-03 16:38:27'),
(1277, 'Vevcani', 1, 0, 0, '2022-12-03 16:38:27', '2022-12-03 16:38:27'),
(1278, 'Vinica', 1, 0, 0, '2022-12-03 16:38:27', '2022-12-03 16:38:27'),
(1281, 'Vrapciste', 1, 0, 0, '2022-12-03 16:38:27', '2022-12-03 16:38:27'),
(1286, 'Zelino', 1, 0, 0, '2022-12-03 16:38:27', '2022-12-03 16:38:27'),
(1289, 'Zrnovci', 1, 0, 0, '2022-12-03 16:38:27', '2022-12-03 16:38:27'),
(1291, 'Malta', 1, 0, 0, '2022-12-03 16:38:27', '2022-12-03 16:38:27'),
(1292, 'La Condamine', 1, 0, 0, '2022-12-03 16:38:27', '2022-12-03 16:38:27'),
(1293, 'Monaco', 1, 0, 0, '2022-12-03 16:38:27', '2022-12-03 16:38:27'),
(1294, 'Monte-Carlo', 1, 0, 0, '2022-12-03 16:38:27', '2022-12-03 16:38:27'),
(1295, 'Biala Podlaska', 1, 0, 0, '2022-12-03 16:38:27', '2022-12-03 16:38:27'),
(1296, 'Bialystok', 1, 0, 0, '2022-12-03 16:38:27', '2022-12-03 16:38:27'),
(1297, 'Bielsko', 1, 0, 0, '2022-12-03 16:38:27', '2022-12-03 16:38:27'),
(1298, 'Bydgoszcz', 1, 0, 0, '2022-12-03 16:38:27', '2022-12-03 16:38:27'),
(1299, 'Chelm', 1, 0, 0, '2022-12-03 16:38:27', '2022-12-03 16:38:27'),
(1300, 'Ciechanow', 1, 0, 0, '2022-12-03 16:38:27', '2022-12-03 16:38:27'),
(1301, 'Czestochowa', 1, 0, 0, '2022-12-03 16:38:27', '2022-12-03 16:38:27'),
(1302, 'Elblag', 1, 0, 0, '2022-12-03 16:38:27', '2022-12-03 16:38:27'),
(1303, 'Gdansk', 1, 0, 0, '2022-12-03 16:38:27', '2022-12-03 16:38:27'),
(1304, 'Gorzow', 1, 0, 0, '2022-12-03 16:38:27', '2022-12-03 16:38:27'),
(1305, 'Jelenia Gora', 1, 0, 0, '2022-12-03 16:38:27', '2022-12-03 16:38:27'),
(1306, 'Kalisz', 1, 0, 0, '2022-12-03 16:38:27', '2022-12-03 16:38:27'),
(1307, 'Katowice', 1, 0, 0, '2022-12-03 16:38:27', '2022-12-03 16:38:27'),
(1308, 'Kielce', 1, 0, 0, '2022-12-03 16:38:27', '2022-12-03 16:38:27'),
(1309, 'Konin', 1, 0, 0, '2022-12-03 16:38:27', '2022-12-03 16:38:27'),
(1310, 'Koszalin', 1, 0, 0, '2022-12-03 16:38:27', '2022-12-03 16:38:27'),
(1311, 'Krakow', 1, 0, 0, '2022-12-03 16:38:27', '2022-12-03 16:38:27'),
(1312, 'Krosno', 1, 0, 0, '2022-12-03 16:38:27', '2022-12-03 16:38:27'),
(1313, 'Legnica', 1, 0, 0, '2022-12-03 16:38:27', '2022-12-03 16:38:27'),
(1314, 'Leszno', 1, 0, 0, '2022-12-03 16:38:27', '2022-12-03 16:38:27'),
(1315, 'Lodz', 1, 0, 0, '2022-12-03 16:38:27', '2022-12-03 16:38:27'),
(1316, 'Lomza', 1, 0, 0, '2022-12-03 16:38:27', '2022-12-03 16:38:27'),
(1317, 'Lublin', 1, 0, 0, '2022-12-03 16:38:27', '2022-12-03 16:38:27'),
(1318, 'Nowy Sacz', 1, 0, 0, '2022-12-03 16:38:27', '2022-12-03 16:38:27'),
(1319, 'Olsztyn', 1, 0, 0, '2022-12-03 16:38:27', '2022-12-03 16:38:27'),
(1320, 'Opole', 1, 0, 0, '2022-12-03 16:38:27', '2022-12-03 16:38:27'),
(1321, 'Ostroleka', 1, 0, 0, '2022-12-03 16:38:27', '2022-12-03 16:38:27'),
(1322, 'Pila', 1, 0, 0, '2022-12-03 16:38:27', '2022-12-03 16:38:27'),
(1323, 'Piotrkow', 1, 0, 0, '2022-12-03 16:38:27', '2022-12-03 16:38:27'),
(1324, 'Plock', 1, 0, 0, '2022-12-03 16:38:27', '2022-12-03 16:38:27'),
(1325, 'Poznan', 1, 0, 0, '2022-12-03 16:38:27', '2022-12-03 16:38:27'),
(1326, 'Przemysl', 1, 0, 0, '2022-12-03 16:38:27', '2022-12-03 16:38:27'),
(1327, 'Radom', 1, 0, 0, '2022-12-03 16:38:27', '2022-12-03 16:38:27'),
(1328, 'Rzeszow', 1, 0, 0, '2022-12-03 16:38:27', '2022-12-03 16:38:27'),
(1329, 'Siedlce', 1, 0, 0, '2022-12-03 16:38:27', '2022-12-03 16:38:27'),
(1330, 'Sieradz', 1, 0, 0, '2022-12-03 16:38:27', '2022-12-03 16:38:27'),
(1331, 'Skierniewice', 1, 0, 0, '2022-12-03 16:38:27', '2022-12-03 16:38:27'),
(1332, 'Slupsk', 1, 0, 0, '2022-12-03 16:38:27', '2022-12-03 16:38:27'),
(1333, 'Suwalki', 1, 0, 0, '2022-12-03 16:38:27', '2022-12-03 16:38:27'),
(1335, 'Tarnobrzeg', 1, 0, 0, '2022-12-03 16:38:27', '2022-12-03 16:38:27'),
(1336, 'Tarnow', 1, 0, 0, '2022-12-03 16:38:27', '2022-12-03 16:38:27'),
(1337, 'Torun', 1, 0, 0, '2022-12-03 16:38:27', '2022-12-03 16:38:27'),
(1338, 'Walbrzych', 1, 0, 0, '2022-12-03 16:38:27', '2022-12-03 16:38:27'),
(1339, 'Warszawa', 1, 0, 0, '2022-12-03 16:38:27', '2022-12-03 16:38:27'),
(1340, 'Wloclawek', 1, 0, 0, '2022-12-03 16:38:27', '2022-12-03 16:38:27'),
(1341, 'Wroclaw', 1, 0, 0, '2022-12-03 16:38:27', '2022-12-03 16:38:27'),
(1342, 'Zamosc', 1, 0, 0, '2022-12-03 16:38:27', '2022-12-03 16:38:27'),
(1343, 'Zielona Gora', 1, 0, 0, '2022-12-03 16:38:27', '2022-12-03 16:38:27'),
(1344, 'Dolnoslaskie', 1, 0, 0, '2022-12-03 16:38:27', '2022-12-03 16:38:27'),
(1345, 'Kujawsko-Pomorskie', 1, 0, 0, '2022-12-03 16:38:27', '2022-12-03 16:38:27'),
(1346, 'Lodzkie', 1, 0, 0, '2022-12-03 16:38:27', '2022-12-03 16:38:27'),
(1347, 'Lubelskie', 1, 0, 0, '2022-12-03 16:38:27', '2022-12-03 16:38:27'),
(1348, 'Lubuskie', 1, 0, 0, '2022-12-03 16:38:27', '2022-12-03 16:38:27'),
(1349, 'Malopolskie', 1, 0, 0, '2022-12-03 16:38:27', '2022-12-03 16:38:27'),
(1350, 'Mazowieckie', 1, 0, 0, '2022-12-03 16:38:27', '2022-12-03 16:38:27'),
(1351, 'Opolskie', 1, 0, 0, '2022-12-03 16:38:27', '2022-12-03 16:38:27'),
(1352, 'Podkarpackie', 1, 0, 0, '2022-12-03 16:38:27', '2022-12-03 16:38:27'),
(1353, 'Podlaskie', 1, 0, 0, '2022-12-03 16:38:27', '2022-12-03 16:38:27'),
(1354, 'Pomorskie', 1, 0, 0, '2022-12-03 16:38:27', '2022-12-03 16:38:27'),
(1355, 'Slaskie', 1, 0, 0, '2022-12-03 16:38:27', '2022-12-03 16:38:27'),
(1356, 'Swietokrzyskie', 1, 0, 0, '2022-12-03 16:38:27', '2022-12-03 16:38:27'),
(1357, 'Warminsko-Mazurskie', 1, 0, 0, '2022-12-03 16:38:27', '2022-12-03 16:38:27'),
(1358, 'Wielkopolskie', 1, 0, 0, '2022-12-03 16:38:27', '2022-12-03 16:38:27'),
(1359, 'Zachodniopomorskie', 1, 0, 0, '2022-12-03 16:38:27', '2022-12-03 16:38:27'),
(1361, 'Alba', 1, 0, 0, '2022-12-03 16:38:27', '2022-12-03 16:38:27'),
(1362, 'Arad', 1, 0, 0, '2022-12-03 16:38:27', '2022-12-03 16:38:27'),
(1363, 'Arges', 1, 0, 0, '2022-12-03 16:38:27', '2022-12-03 16:38:27'),
(1364, 'Bacau', 1, 0, 0, '2022-12-03 16:38:27', '2022-12-03 16:38:27'),
(1365, 'Bihor', 1, 0, 0, '2022-12-03 16:38:27', '2022-12-03 16:38:27'),
(1366, 'Bistrita-Nasaud', 1, 0, 0, '2022-12-03 16:38:27', '2022-12-03 16:38:27'),
(1367, 'Botosani', 1, 0, 0, '2022-12-03 16:38:27', '2022-12-03 16:38:27'),
(1368, 'Braila', 1, 0, 0, '2022-12-03 16:38:27', '2022-12-03 16:38:27'),
(1369, 'Brasov', 1, 0, 0, '2022-12-03 16:38:27', '2022-12-03 16:38:27'),
(1370, 'Bucuresti', 1, 0, 0, '2022-12-03 16:38:27', '2022-12-03 16:38:27'),
(1371, 'Buzau', 1, 0, 0, '2022-12-03 16:38:27', '2022-12-03 16:38:27'),
(1372, 'Caras-Severin', 1, 0, 0, '2022-12-03 16:38:27', '2022-12-03 16:38:27'),
(1373, 'Cluj', 1, 0, 0, '2022-12-03 16:38:27', '2022-12-03 16:38:27'),
(1374, 'Constanta', 1, 0, 0, '2022-12-03 16:38:27', '2022-12-03 16:38:27'),
(1375, 'Covasna', 1, 0, 0, '2022-12-03 16:38:27', '2022-12-03 16:38:27'),
(1376, 'Dambovita', 1, 0, 0, '2022-12-03 16:38:27', '2022-12-03 16:38:27'),
(1377, 'Dolj', 1, 0, 0, '2022-12-03 16:38:27', '2022-12-03 16:38:27'),
(1378, 'Galati', 1, 0, 0, '2022-12-03 16:38:27', '2022-12-03 16:38:27'),
(1379, 'Gorj', 1, 0, 0, '2022-12-03 16:38:27', '2022-12-03 16:38:27'),
(1380, 'Harghita', 1, 0, 0, '2022-12-03 16:38:27', '2022-12-03 16:38:27'),
(1381, 'Hunedoara', 1, 0, 0, '2022-12-03 16:38:27', '2022-12-03 16:38:27'),
(1382, 'Ialomita', 1, 0, 0, '2022-12-03 16:38:27', '2022-12-03 16:38:27'),
(1383, 'Iasi', 1, 0, 0, '2022-12-03 16:38:27', '2022-12-03 16:38:27'),
(1384, 'Maramures', 1, 0, 0, '2022-12-03 16:38:27', '2022-12-03 16:38:27'),
(1385, 'Mehedinti', 1, 0, 0, '2022-12-03 16:38:27', '2022-12-03 16:38:27'),
(1386, 'Mures', 1, 0, 0, '2022-12-03 16:38:27', '2022-12-03 16:38:27'),
(1387, 'Neamt', 1, 0, 0, '2022-12-03 16:38:27', '2022-12-03 16:38:27'),
(1388, 'Olt', 1, 0, 0, '2022-12-03 16:38:27', '2022-12-03 16:38:27'),
(1389, 'Prahova', 1, 0, 0, '2022-12-03 16:38:27', '2022-12-03 16:38:27'),
(1390, 'Salaj', 1, 0, 0, '2022-12-03 16:38:27', '2022-12-03 16:38:27'),
(1391, 'Satu Mare', 1, 0, 0, '2022-12-03 16:38:27', '2022-12-03 16:38:27'),
(1392, 'Sibiu', 1, 0, 0, '2022-12-03 16:38:27', '2022-12-03 16:38:27'),
(1393, 'Suceava', 1, 0, 0, '2022-12-03 16:38:27', '2022-12-03 16:38:27'),
(1394, 'Teleorman', 1, 0, 0, '2022-12-03 16:38:27', '2022-12-03 16:38:27'),
(1395, 'Timis', 1, 0, 0, '2022-12-03 16:38:27', '2022-12-03 16:38:27'),
(1396, 'Tulcea', 1, 0, 0, '2022-12-03 16:38:27', '2022-12-03 16:38:27'),
(1397, 'Vaslui', 1, 0, 0, '2022-12-03 16:38:27', '2022-12-03 16:38:27'),
(1398, 'Valcea', 1, 0, 0, '2022-12-03 16:38:27', '2022-12-03 16:38:27'),
(1399, 'Vrancea', 1, 0, 0, '2022-12-03 16:38:27', '2022-12-03 16:38:27'),
(1400, 'Calarasi', 1, 0, 0, '2022-12-03 16:38:27', '2022-12-03 16:38:27'),
(1401, 'Giurgiu', 1, 0, 0, '2022-12-03 16:38:27', '2022-12-03 16:38:27'),
(1404, 'Acquaviva', 1, 0, 0, '2022-12-03 16:38:27', '2022-12-03 16:38:27'),
(1405, 'Chiesanuova', 1, 0, 0, '2022-12-03 16:38:27', '2022-12-03 16:38:27'),
(1406, 'Domagnano', 1, 0, 0, '2022-12-03 16:38:27', '2022-12-03 16:38:27'),
(1407, 'Faetano', 1, 0, 0, '2022-12-03 16:38:27', '2022-12-03 16:38:27'),
(1408, 'Fiorentino', 1, 0, 0, '2022-12-03 16:38:27', '2022-12-03 16:38:27'),
(1409, 'Borgo Maggiore', 1, 0, 0, '2022-12-03 16:38:27', '2022-12-03 16:38:27'),
(1410, 'San Marino', 1, 0, 0, '2022-12-03 16:38:27', '2022-12-03 16:38:27'),
(1411, 'Monte Giardino', 1, 0, 0, '2022-12-03 16:38:27', '2022-12-03 16:38:27'),
(1412, 'Serravalle', 1, 0, 0, '2022-12-03 16:38:27', '2022-12-03 16:38:27'),
(1413, 'Banska Bystrica', 1, 0, 0, '2022-12-03 16:38:27', '2022-12-03 16:38:27'),
(1414, 'Bratislava', 1, 0, 0, '2022-12-03 16:38:27', '2022-12-03 16:38:27'),
(1415, 'Kosice', 1, 0, 0, '2022-12-03 16:38:27', '2022-12-03 16:38:27'),
(1416, 'Nitra', 1, 0, 0, '2022-12-03 16:38:27', '2022-12-03 16:38:27'),
(1417, 'Presov', 1, 0, 0, '2022-12-03 16:38:27', '2022-12-03 16:38:27'),
(1418, 'Trencin', 1, 0, 0, '2022-12-03 16:38:27', '2022-12-03 16:38:27'),
(1419, 'Trnava', 1, 0, 0, '2022-12-03 16:38:27', '2022-12-03 16:38:27'),
(1420, 'Zilina', 1, 0, 0, '2022-12-03 16:38:27', '2022-12-03 16:38:27'),
(1423, 'Beltinci', 1, 0, 0, '2022-12-03 16:38:27', '2022-12-03 16:38:27'),
(1425, 'Bohinj', 1, 0, 0, '2022-12-03 16:38:27', '2022-12-03 16:38:27'),
(1426, 'Borovnica', 1, 0, 0, '2022-12-03 16:38:27', '2022-12-03 16:38:27'),
(1427, 'Bovec', 1, 0, 0, '2022-12-03 16:38:27', '2022-12-03 16:38:27'),
(1428, 'Brda', 1, 0, 0, '2022-12-03 16:38:27', '2022-12-03 16:38:27'),
(1429, 'Brezice', 1, 0, 0, '2022-12-03 16:38:27', '2022-12-03 16:38:27'),
(1430, 'Brezovica', 1, 0, 0, '2022-12-03 16:38:27', '2022-12-03 16:38:27');
INSERT INTO `states` (`id_state`, `state`, `available`, `created_by`, `updated_by`, `created_at`, `updated_at`) VALUES
(1432, 'Cerklje na Gorenjskem', 1, 0, 0, '2022-12-03 16:38:27', '2022-12-03 16:38:27'),
(1434, 'Cerkno', 1, 0, 0, '2022-12-03 16:38:27', '2022-12-03 16:38:27'),
(1436, 'Crna na Koroskem', 1, 0, 0, '2022-12-03 16:38:27', '2022-12-03 16:38:27'),
(1437, 'Crnomelj', 1, 0, 0, '2022-12-03 16:38:27', '2022-12-03 16:38:27'),
(1438, 'Divaca', 1, 0, 0, '2022-12-03 16:38:27', '2022-12-03 16:38:27'),
(1439, 'Dobrepolje', 1, 0, 0, '2022-12-03 16:38:27', '2022-12-03 16:38:27'),
(1440, 'Dol pri Ljubljani', 1, 0, 0, '2022-12-03 16:38:27', '2022-12-03 16:38:27'),
(1443, 'Duplek', 1, 0, 0, '2022-12-03 16:38:27', '2022-12-03 16:38:27'),
(1447, 'Gornji Grad', 1, 0, 0, '2022-12-03 16:38:27', '2022-12-03 16:38:27'),
(1450, 'Hrastnik', 1, 0, 0, '2022-12-03 16:38:27', '2022-12-03 16:38:27'),
(1451, 'Hrpelje-Kozina', 1, 0, 0, '2022-12-03 16:38:27', '2022-12-03 16:38:27'),
(1452, 'Idrija', 1, 0, 0, '2022-12-03 16:38:27', '2022-12-03 16:38:27'),
(1453, 'Ig', 1, 0, 0, '2022-12-03 16:38:27', '2022-12-03 16:38:27'),
(1454, 'Ilirska Bistrica', 1, 0, 0, '2022-12-03 16:38:27', '2022-12-03 16:38:27'),
(1455, 'Ivancna Gorica', 1, 0, 0, '2022-12-03 16:38:27', '2022-12-03 16:38:27'),
(1462, 'Komen', 1, 0, 0, '2022-12-03 16:38:27', '2022-12-03 16:38:27'),
(1463, 'Koper-Capodistria', 1, 0, 0, '2022-12-03 16:38:27', '2022-12-03 16:38:27'),
(1464, 'Kozje', 1, 0, 0, '2022-12-03 16:38:27', '2022-12-03 16:38:27'),
(1465, 'Kranj', 1, 0, 0, '2022-12-03 16:38:27', '2022-12-03 16:38:27'),
(1466, 'Kranjska Gora', 1, 0, 0, '2022-12-03 16:38:27', '2022-12-03 16:38:27'),
(1467, 'Krsko', 1, 0, 0, '2022-12-03 16:38:27', '2022-12-03 16:38:27'),
(1469, 'Lasko', 1, 0, 0, '2022-12-03 16:38:27', '2022-12-03 16:38:27'),
(1470, 'Ljubljana', 1, 0, 0, '2022-12-03 16:38:27', '2022-12-03 16:38:27'),
(1471, 'Ljubno', 1, 0, 0, '2022-12-03 16:38:27', '2022-12-03 16:38:27'),
(1472, 'Logatec', 1, 0, 0, '2022-12-03 16:38:27', '2022-12-03 16:38:27'),
(1475, 'Medvode', 1, 0, 0, '2022-12-03 16:38:27', '2022-12-03 16:38:27'),
(1476, 'Menges', 1, 0, 0, '2022-12-03 16:38:27', '2022-12-03 16:38:27'),
(1478, 'Mezica', 1, 0, 0, '2022-12-03 16:38:27', '2022-12-03 16:38:27'),
(1480, 'Moravce', 1, 0, 0, '2022-12-03 16:38:27', '2022-12-03 16:38:27'),
(1482, 'Mozirje', 1, 0, 0, '2022-12-03 16:38:27', '2022-12-03 16:38:27'),
(1483, 'Murska Sobota', 1, 0, 0, '2022-12-03 16:38:27', '2022-12-03 16:38:27'),
(1487, 'Nova Gorica', 1, 0, 0, '2022-12-03 16:38:27', '2022-12-03 16:38:27'),
(1489, 'Ormoz', 1, 0, 0, '2022-12-03 16:38:27', '2022-12-03 16:38:27'),
(1491, 'Pesnica', 1, 0, 0, '2022-12-03 16:38:27', '2022-12-03 16:38:27'),
(1494, 'Postojna', 1, 0, 0, '2022-12-03 16:38:27', '2022-12-03 16:38:27'),
(1497, 'Radece', 1, 0, 0, '2022-12-03 16:38:27', '2022-12-03 16:38:27'),
(1498, 'Radenci', 1, 0, 0, '2022-12-03 16:38:27', '2022-12-03 16:38:27'),
(1500, 'Radovljica', 1, 0, 0, '2022-12-03 16:38:27', '2022-12-03 16:38:27'),
(1502, 'Rogaska Slatina', 1, 0, 0, '2022-12-03 16:38:27', '2022-12-03 16:38:27'),
(1505, 'Sencur', 1, 0, 0, '2022-12-03 16:38:27', '2022-12-03 16:38:27'),
(1506, 'Sentilj', 1, 0, 0, '2022-12-03 16:38:27', '2022-12-03 16:38:27'),
(1508, 'Sevnica', 1, 0, 0, '2022-12-03 16:38:27', '2022-12-03 16:38:27'),
(1509, 'Sezana', 1, 0, 0, '2022-12-03 16:38:27', '2022-12-03 16:38:27'),
(1511, 'Skofja Loka', 1, 0, 0, '2022-12-03 16:38:27', '2022-12-03 16:38:27'),
(1513, 'Slovenj Gradec', 1, 0, 0, '2022-12-03 16:38:27', '2022-12-03 16:38:27'),
(1514, 'Slovenske Konjice', 1, 0, 0, '2022-12-03 16:38:27', '2022-12-03 16:38:27'),
(1515, 'Smarje pri Jelsah', 1, 0, 0, '2022-12-03 16:38:27', '2022-12-03 16:38:27'),
(1521, 'Tolmin', 1, 0, 0, '2022-12-03 16:38:27', '2022-12-03 16:38:27'),
(1522, 'Trbovlje', 1, 0, 0, '2022-12-03 16:38:27', '2022-12-03 16:38:27'),
(1524, 'Trzic', 1, 0, 0, '2022-12-03 16:38:27', '2022-12-03 16:38:27'),
(1526, 'Velenje', 1, 0, 0, '2022-12-03 16:38:27', '2022-12-03 16:38:27'),
(1528, 'Vipava', 1, 0, 0, '2022-12-03 16:38:27', '2022-12-03 16:38:27'),
(1531, 'Vrhnika', 1, 0, 0, '2022-12-03 16:38:27', '2022-12-03 16:38:27'),
(1532, 'Vuzenica', 1, 0, 0, '2022-12-03 16:38:27', '2022-12-03 16:38:27'),
(1533, 'Zagorje ob Savi', 1, 0, 0, '2022-12-03 16:38:27', '2022-12-03 16:38:27'),
(1535, 'Zelezniki', 1, 0, 0, '2022-12-03 16:38:27', '2022-12-03 16:38:27'),
(1536, 'Ziri', 1, 0, 0, '2022-12-03 16:38:27', '2022-12-03 16:38:27'),
(1537, 'Zrece', 1, 0, 0, '2022-12-03 16:38:27', '2022-12-03 16:38:27'),
(1539, 'Domzale', 1, 0, 0, '2022-12-03 16:38:27', '2022-12-03 16:38:27'),
(1540, 'Jesenice', 1, 0, 0, '2022-12-03 16:38:27', '2022-12-03 16:38:27'),
(1541, 'Kamnik', 1, 0, 0, '2022-12-03 16:38:27', '2022-12-03 16:38:27'),
(1542, 'Kocevje', 1, 0, 0, '2022-12-03 16:38:27', '2022-12-03 16:38:27'),
(1544, 'Lenart', 1, 0, 0, '2022-12-03 16:38:27', '2022-12-03 16:38:27'),
(1545, 'Litija', 1, 0, 0, '2022-12-03 16:38:27', '2022-12-03 16:38:27'),
(1546, 'Ljutomer', 1, 0, 0, '2022-12-03 16:38:27', '2022-12-03 16:38:27'),
(1550, 'Maribor', 1, 0, 0, '2022-12-03 16:38:27', '2022-12-03 16:38:27'),
(1552, 'Novo Mesto', 1, 0, 0, '2022-12-03 16:38:27', '2022-12-03 16:38:27'),
(1553, 'Piran', 1, 0, 0, '2022-12-03 16:38:27', '2022-12-03 16:38:27'),
(1554, 'Preddvor', 1, 0, 0, '2022-12-03 16:38:27', '2022-12-03 16:38:27'),
(1555, 'Ptuj', 1, 0, 0, '2022-12-03 16:38:27', '2022-12-03 16:38:27'),
(1556, 'Ribnica', 1, 0, 0, '2022-12-03 16:38:27', '2022-12-03 16:38:27'),
(1558, 'Sentjur pri Celju', 1, 0, 0, '2022-12-03 16:38:27', '2022-12-03 16:38:27'),
(1559, 'Slovenska Bistrica', 1, 0, 0, '2022-12-03 16:38:27', '2022-12-03 16:38:27'),
(1560, 'Videm', 1, 0, 0, '2022-12-03 16:38:27', '2022-12-03 16:38:27'),
(1562, 'Zalec', 1, 0, 0, '2022-12-03 16:38:27', '2022-12-03 16:38:27'),
(1564, 'Seychelles', 1, 0, 0, '2022-12-03 16:38:27', '2022-12-03 16:38:27'),
(1565, 'Mauritania', 1, 0, 0, '2022-12-03 16:38:27', '2022-12-03 16:38:27'),
(1566, 'Senegal', 1, 0, 0, '2022-12-03 16:38:27', '2022-12-03 16:38:27'),
(1567, 'Road Town', 1, 0, 0, '2022-12-03 16:38:27', '2022-12-03 16:38:27'),
(1568, 'Congo', 1, 0, 0, '2022-12-03 16:38:27', '2022-12-03 16:38:27'),
(1569, 'Avarua', 1, 0, 0, '2022-12-03 16:38:27', '2022-12-03 16:38:27'),
(1570, 'Malabo', 1, 0, 0, '2022-12-03 16:38:27', '2022-12-03 16:38:27'),
(1571, 'Torshavn', 1, 0, 0, '2022-12-03 16:38:27', '2022-12-03 16:38:27'),
(1572, 'Papeete', 1, 0, 0, '2022-12-03 16:38:27', '2022-12-03 16:38:27'),
(1573, 'St George&#039;s', 1, 0, 0, '2022-12-03 16:38:27', '2022-12-03 16:38:27'),
(1574, 'St Peter Port', 1, 0, 0, '2022-12-03 16:38:27', '2022-12-03 16:38:27'),
(1575, 'Bissau', 1, 0, 0, '2022-12-03 16:38:27', '2022-12-03 16:38:27'),
(1576, 'Saint Helier', 1, 0, 0, '2022-12-03 16:38:27', '2022-12-03 16:38:27'),
(1577, 'Fort-de-France', 1, 0, 0, '2022-12-03 16:38:27', '2022-12-03 16:38:27'),
(1578, 'Willemstad', 1, 0, 0, '2022-12-03 16:38:27', '2022-12-03 16:38:27'),
(1579, 'Noumea', 1, 0, 0, '2022-12-03 16:38:27', '2022-12-03 16:38:27'),
(1580, 'Kingston', 1, 0, 0, '2022-12-03 16:38:27', '2022-12-03 16:38:27'),
(1581, 'Adamstown', 1, 0, 0, '2022-12-03 16:38:27', '2022-12-03 16:38:27'),
(1582, 'Doha', 1, 0, 0, '2022-12-03 16:38:27', '2022-12-03 16:38:27'),
(1583, 'Jamestown', 1, 0, 0, '2022-12-03 16:38:27', '2022-12-03 16:38:27'),
(1584, 'Basseterre', 1, 0, 0, '2022-12-03 16:38:27', '2022-12-03 16:38:27'),
(1585, 'Castries', 1, 0, 0, '2022-12-03 16:38:27', '2022-12-03 16:38:27'),
(1586, 'Saint Pierre', 1, 0, 0, '2022-12-03 16:38:27', '2022-12-03 16:38:27'),
(1587, 'Kingstown', 1, 0, 0, '2022-12-03 16:38:27', '2022-12-03 16:38:27'),
(1588, 'San Tome', 1, 0, 0, '2022-12-03 16:38:27', '2022-12-03 16:38:27'),
(1589, 'Belgrade', 1, 0, 0, '2022-12-03 16:38:27', '2022-12-03 16:38:27'),
(1590, 'Freetown', 1, 0, 0, '2022-12-03 16:38:27', '2022-12-03 16:38:27'),
(1591, 'Mogadishu', 1, 0, 0, '2022-12-03 16:38:27', '2022-12-03 16:38:27'),
(1592, 'Fakaofo', 1, 0, 0, '2022-12-03 16:38:27', '2022-12-03 16:38:27'),
(1593, 'Port of Spain', 1, 0, 0, '2022-12-03 16:38:27', '2022-12-03 16:38:27'),
(1594, 'Mata-Utu', 1, 0, 0, '2022-12-03 16:38:27', '2022-12-03 16:38:27'),
(1596, 'Amazonas', 1, 0, 0, '2022-12-03 16:38:27', '2022-12-03 16:38:27'),
(1597, 'Ancash', 1, 0, 0, '2022-12-03 16:38:27', '2022-12-03 16:38:27'),
(1598, 'Apurímac', 1, 0, 0, '2022-12-03 16:38:27', '2022-12-03 16:38:27'),
(1599, 'Arequipa', 1, 0, 0, '2022-12-03 16:38:27', '2022-12-03 16:38:27'),
(1600, 'Ayacucho', 1, 0, 0, '2022-12-03 16:38:27', '2022-12-03 16:38:27'),
(1601, 'Cajamarca', 1, 0, 0, '2022-12-03 16:38:27', '2022-12-03 16:38:27'),
(1602, 'Callao', 1, 0, 0, '2022-12-03 16:38:27', '2022-12-03 16:38:27'),
(1603, 'Cusco', 1, 0, 0, '2022-12-03 16:38:27', '2022-12-03 16:38:27'),
(1604, 'Huancavelica', 1, 0, 0, '2022-12-03 16:38:27', '2022-12-03 16:38:27'),
(1605, 'Huánuco', 1, 0, 0, '2022-12-03 16:38:27', '2022-12-03 16:38:27'),
(1606, 'Ica', 1, 0, 0, '2022-12-03 16:38:27', '2022-12-03 16:38:27'),
(1607, 'Junín', 1, 0, 0, '2022-12-03 16:38:27', '2022-12-03 16:38:27'),
(1608, 'La Libertad', 1, 0, 0, '2022-12-03 16:38:27', '2022-12-03 16:38:27'),
(1609, 'Lambayeque', 1, 0, 0, '2022-12-03 16:38:27', '2022-12-03 16:38:27'),
(1610, 'Lima', 1, 0, 0, '2022-12-03 16:38:27', '2022-12-03 16:38:27'),
(1611, 'Loreto', 1, 0, 0, '2022-12-03 16:38:27', '2022-12-03 16:38:27'),
(1612, 'Madre de Dios', 1, 0, 0, '2022-12-03 16:38:27', '2022-12-03 16:38:27'),
(1613, 'Moquegua', 1, 0, 0, '2022-12-03 16:38:27', '2022-12-03 16:38:27'),
(1614, 'Pasco', 1, 0, 0, '2022-12-03 16:38:27', '2022-12-03 16:38:27'),
(1615, 'Piura', 1, 0, 0, '2022-12-03 16:38:27', '2022-12-03 16:38:27'),
(1616, 'Puno', 1, 0, 0, '2022-12-03 16:38:27', '2022-12-03 16:38:27'),
(1617, 'San Martín', 1, 0, 0, '2022-12-03 16:38:27', '2022-12-03 16:38:27'),
(1618, 'Tacna', 1, 0, 0, '2022-12-03 16:38:27', '2022-12-03 16:38:27'),
(1619, 'Tumbes', 1, 0, 0, '2022-12-03 16:38:27', '2022-12-03 16:38:27'),
(1620, 'Ucayali', 1, 0, 0, '2022-12-03 16:38:27', '2022-12-03 16:38:27'),
(1622, 'Alto Paraná', 1, 0, 0, '2022-12-03 16:38:27', '2022-12-03 16:38:27'),
(1623, 'Amambay', 1, 0, 0, '2022-12-03 16:38:27', '2022-12-03 16:38:27'),
(1624, 'Boquerón', 1, 0, 0, '2022-12-03 16:38:27', '2022-12-03 16:38:27'),
(1625, 'Caaguaz&uacute;', 1, 0, 0, '2022-12-03 16:38:27', '2022-12-03 16:38:27'),
(1626, 'Caazapá', 1, 0, 0, '2022-12-03 16:38:27', '2022-12-03 16:38:27'),
(1627, 'Central', 1, 0, 0, '2022-12-03 16:38:27', '2022-12-03 16:38:27'),
(1628, 'Concepción', 1, 0, 0, '2022-12-03 16:38:27', '2022-12-03 16:38:27'),
(1629, 'Cordillera', 1, 0, 0, '2022-12-03 16:38:27', '2022-12-03 16:38:27'),
(1630, 'Guairá', 1, 0, 0, '2022-12-03 16:38:27', '2022-12-03 16:38:27'),
(1631, 'Itap&uacute;a', 1, 0, 0, '2022-12-03 16:38:27', '2022-12-03 16:38:27'),
(1632, 'Misiones', 1, 0, 0, '2022-12-03 16:38:27', '2022-12-03 16:38:27'),
(1633, 'Neembuc&uacute;', 1, 0, 0, '2022-12-03 16:38:27', '2022-12-03 16:38:27'),
(1634, 'Paraguarí', 1, 0, 0, '2022-12-03 16:38:27', '2022-12-03 16:38:27'),
(1635, 'Presidente Hayes', 1, 0, 0, '2022-12-03 16:38:27', '2022-12-03 16:38:27'),
(1636, 'San Pedro', 1, 0, 0, '2022-12-03 16:38:27', '2022-12-03 16:38:27'),
(1637, 'Alto Paraguay', 1, 0, 0, '2022-12-03 16:38:27', '2022-12-03 16:38:27'),
(1638, 'Canindey&uacute;', 1, 0, 0, '2022-12-03 16:38:27', '2022-12-03 16:38:27'),
(1639, 'Chaco', 1, 0, 0, '2022-12-03 16:38:27', '2022-12-03 16:38:27'),
(1642, 'Artigas', 1, 0, 0, '2022-12-03 16:38:27', '2022-12-03 16:38:27'),
(1643, 'Canelones', 1, 0, 0, '2022-12-03 16:38:27', '2022-12-03 16:38:27'),
(1644, 'Cerro Largo', 1, 0, 0, '2022-12-03 16:38:27', '2022-12-03 16:38:27'),
(1645, 'Colonia', 1, 0, 0, '2022-12-03 16:38:27', '2022-12-03 16:38:27'),
(1646, 'Durazno', 1, 0, 0, '2022-12-03 16:38:27', '2022-12-03 16:38:27'),
(1647, 'Flores', 1, 0, 0, '2022-12-03 16:38:27', '2022-12-03 16:38:27'),
(1648, 'Florida', 1, 0, 0, '2022-12-03 16:38:27', '2022-12-03 16:38:27'),
(1649, 'Lavalleja', 1, 0, 0, '2022-12-03 16:38:27', '2022-12-03 16:38:27'),
(1650, 'Maldonado', 1, 0, 0, '2022-12-03 16:38:27', '2022-12-03 16:38:27'),
(1651, 'Montevideo', 1, 0, 0, '2022-12-03 16:38:27', '2022-12-03 16:38:27'),
(1652, 'Paysand&uacute;', 1, 0, 0, '2022-12-03 16:38:27', '2022-12-03 16:38:27'),
(1653, 'Río Negro', 1, 0, 0, '2022-12-03 16:38:27', '2022-12-03 16:38:27'),
(1654, 'Rivera', 1, 0, 0, '2022-12-03 16:38:27', '2022-12-03 16:38:27'),
(1655, 'Rocha', 1, 0, 0, '2022-12-03 16:38:27', '2022-12-03 16:38:27'),
(1656, 'Salto', 1, 0, 0, '2022-12-03 16:38:27', '2022-12-03 16:38:27'),
(1657, 'San José', 1, 0, 0, '2022-12-03 16:38:27', '2022-12-03 16:38:27'),
(1658, 'Soriano', 1, 0, 0, '2022-12-03 16:38:27', '2022-12-03 16:38:27'),
(1659, 'Tacuarembó', 1, 0, 0, '2022-12-03 16:38:27', '2022-12-03 16:38:27'),
(1660, 'Treinta y Tres', 1, 0, 0, '2022-12-03 16:38:27', '2022-12-03 16:38:27'),
(1662, 'Región de Tarapacá', 1, 0, 0, '2022-12-03 16:38:27', '2022-12-03 16:38:27'),
(1663, 'Región de Antofagasta', 1, 0, 0, '2022-12-03 16:38:27', '2022-12-03 16:38:27'),
(1664, 'Región de Atacama', 1, 0, 0, '2022-12-03 16:38:27', '2022-12-03 16:38:27'),
(1665, 'Región de Coquimbo', 1, 0, 0, '2022-12-03 16:38:27', '2022-12-03 16:38:27'),
(1666, 'Región de Valparaíso', 1, 0, 0, '2022-12-03 16:38:27', '2022-12-03 16:38:27'),
(1667, 'Región del Libertador General Bernardo O&#039;Higgins', 1, 0, 0, '2022-12-03 16:38:27', '2022-12-03 16:38:27'),
(1668, 'Región del Maule', 1, 0, 0, '2022-12-03 16:38:27', '2022-12-03 16:38:27'),
(1669, 'Región del Bío Bío', 1, 0, 0, '2022-12-03 16:38:27', '2022-12-03 16:38:27'),
(1670, 'Región de La Araucanía', 1, 0, 0, '2022-12-03 16:38:27', '2022-12-03 16:38:27'),
(1671, 'Región de Los Lagos', 1, 0, 0, '2022-12-03 16:38:27', '2022-12-03 16:38:27'),
(1672, 'Región Aisén del General Carlos Ibáñez del Campo', 1, 0, 0, '2022-12-03 16:38:27', '2022-12-03 16:38:27'),
(1673, 'Región de Magallanes y de la Antártica Chilena', 1, 0, 0, '2022-12-03 16:38:27', '2022-12-03 16:38:27'),
(1674, 'Región Metropolitana de Santiago', 1, 0, 0, '2022-12-03 16:38:27', '2022-12-03 16:38:27'),
(1676, 'Alta Verapaz', 1, 0, 0, '2022-12-03 16:38:27', '2022-12-03 16:38:27'),
(1677, 'Baja Verapaz', 1, 0, 0, '2022-12-03 16:38:27', '2022-12-03 16:38:27'),
(1678, 'Chimaltenango', 1, 0, 0, '2022-12-03 16:38:27', '2022-12-03 16:38:27'),
(1679, 'Chiquimula', 1, 0, 0, '2022-12-03 16:38:27', '2022-12-03 16:38:27'),
(1680, 'El Progreso', 1, 0, 0, '2022-12-03 16:38:27', '2022-12-03 16:38:27'),
(1681, 'Escuintla', 1, 0, 0, '2022-12-03 16:38:27', '2022-12-03 16:38:27'),
(1682, 'Guatemala', 1, 0, 0, '2022-12-03 16:38:27', '2022-12-03 16:38:27'),
(1683, 'Huehuetenango', 1, 0, 0, '2022-12-03 16:38:27', '2022-12-03 16:38:27'),
(1684, 'Izabal', 1, 0, 0, '2022-12-03 16:38:27', '2022-12-03 16:38:27'),
(1685, 'Jalapa', 1, 0, 0, '2022-12-03 16:38:27', '2022-12-03 16:38:27'),
(1686, 'Jutiapa', 1, 0, 0, '2022-12-03 16:38:27', '2022-12-03 16:38:27'),
(1687, 'Petén', 1, 0, 0, '2022-12-03 16:38:27', '2022-12-03 16:38:27'),
(1688, 'Quetzaltenango', 1, 0, 0, '2022-12-03 16:38:27', '2022-12-03 16:38:27'),
(1689, 'Quiché', 1, 0, 0, '2022-12-03 16:38:27', '2022-12-03 16:38:27'),
(1690, 'Retalhuleu', 1, 0, 0, '2022-12-03 16:38:27', '2022-12-03 16:38:27'),
(1691, 'Sacatepéquez', 1, 0, 0, '2022-12-03 16:38:27', '2022-12-03 16:38:27'),
(1692, 'San Marcos', 1, 0, 0, '2022-12-03 16:38:27', '2022-12-03 16:38:27'),
(1693, 'Santa Rosa', 1, 0, 0, '2022-12-03 16:38:27', '2022-12-03 16:38:27'),
(1694, 'Sololá', 1, 0, 0, '2022-12-03 16:38:27', '2022-12-03 16:38:27'),
(1695, 'Suchitepequez', 1, 0, 0, '2022-12-03 16:38:27', '2022-12-03 16:38:27'),
(1696, 'Totonicapán', 1, 0, 0, '2022-12-03 16:38:27', '2022-12-03 16:38:27'),
(1697, 'Zacapa', 1, 0, 0, '2022-12-03 16:38:27', '2022-12-03 16:38:27'),
(1699, 'Amazonas', 1, 0, 0, '2022-12-03 16:38:27', '2022-12-03 16:38:27'),
(1700, 'Antioquia', 1, 0, 0, '2022-12-03 16:38:27', '2022-12-03 16:38:27'),
(1701, 'Arauca', 1, 0, 0, '2022-12-03 16:38:27', '2022-12-03 16:38:27'),
(1702, 'Atlántico', 1, 0, 0, '2022-12-03 16:38:27', '2022-12-03 16:38:27'),
(1703, 'Caquetá', 1, 0, 0, '2022-12-03 16:38:27', '2022-12-03 16:38:27'),
(1704, 'Cauca', 1, 0, 0, '2022-12-03 16:38:27', '2022-12-03 16:38:27'),
(1705, 'César', 1, 0, 0, '2022-12-03 16:38:27', '2022-12-03 16:38:27'),
(1706, 'Chocó', 1, 0, 0, '2022-12-03 16:38:27', '2022-12-03 16:38:27'),
(1707, 'Córdoba', 1, 0, 0, '2022-12-03 16:38:27', '2022-12-03 16:38:27'),
(1708, 'Guaviare', 1, 0, 0, '2022-12-03 16:38:27', '2022-12-03 16:38:27'),
(1709, 'Guainía', 1, 0, 0, '2022-12-03 16:38:27', '2022-12-03 16:38:27'),
(1710, 'Huila', 1, 0, 0, '2022-12-03 16:38:27', '2022-12-03 16:38:27'),
(1711, 'La Guajira', 1, 0, 0, '2022-12-03 16:38:27', '2022-12-03 16:38:27'),
(1712, 'Meta', 1, 0, 0, '2022-12-03 16:38:27', '2022-12-03 16:38:27'),
(1713, 'Narino', 1, 0, 0, '2022-12-03 16:38:27', '2022-12-03 16:38:27'),
(1714, 'Norte de Santander', 1, 0, 0, '2022-12-03 16:38:27', '2022-12-03 16:38:27'),
(1715, 'Putumayo', 1, 0, 0, '2022-12-03 16:38:27', '2022-12-03 16:38:27'),
(1716, 'Quindío', 1, 0, 0, '2022-12-03 16:38:27', '2022-12-03 16:38:27'),
(1717, 'Risaralda', 1, 0, 0, '2022-12-03 16:38:27', '2022-12-03 16:38:27'),
(1718, 'San Andrés y Providencia', 1, 0, 0, '2022-12-03 16:38:27', '2022-12-03 16:38:27'),
(1719, 'Santander', 1, 0, 0, '2022-12-03 16:38:27', '2022-12-03 16:38:27'),
(1720, 'Sucre', 1, 0, 0, '2022-12-03 16:38:27', '2022-12-03 16:38:27'),
(1721, 'Tolima', 1, 0, 0, '2022-12-03 16:38:27', '2022-12-03 16:38:27'),
(1722, 'Valle del Cauca', 1, 0, 0, '2022-12-03 16:38:27', '2022-12-03 16:38:27'),
(1723, 'Vaupés', 1, 0, 0, '2022-12-03 16:38:27', '2022-12-03 16:38:27'),
(1724, 'Vichada', 1, 0, 0, '2022-12-03 16:38:27', '2022-12-03 16:38:27'),
(1725, 'Casanare', 1, 0, 0, '2022-12-03 16:38:27', '2022-12-03 16:38:27'),
(1726, 'Cundinamarca', 1, 0, 0, '2022-12-03 16:38:27', '2022-12-03 16:38:27'),
(1727, 'Distrito Especial', 1, 0, 0, '2022-12-03 16:38:27', '2022-12-03 16:38:27'),
(1730, 'Caldas', 1, 0, 0, '2022-12-03 16:38:27', '2022-12-03 16:38:27'),
(1731, 'Magdalena', 1, 0, 0, '2022-12-03 16:38:27', '2022-12-03 16:38:27'),
(1733, 'Aguascalientes', 1, 0, 0, '2022-12-03 16:38:27', '2022-12-03 16:38:27'),
(1734, 'Baja California', 1, 0, 0, '2022-12-03 16:38:27', '2022-12-03 16:38:27'),
(1735, 'Baja California Sur', 1, 0, 0, '2022-12-03 16:38:27', '2022-12-03 16:38:27'),
(1736, 'Campeche', 1, 0, 0, '2022-12-03 16:38:27', '2022-12-03 16:38:27'),
(1737, 'Chiapas', 1, 0, 0, '2022-12-03 16:38:27', '2022-12-03 16:38:27'),
(1738, 'Chihuahua', 1, 0, 0, '2022-12-03 16:38:27', '2022-12-03 16:38:27'),
(1739, 'Coahuila de Zaragoza', 1, 0, 0, '2022-12-03 16:38:27', '2022-12-03 16:38:27'),
(1740, 'Colima', 1, 0, 0, '2022-12-03 16:38:27', '2022-12-03 16:38:27'),
(1741, 'Ciudad de México', 1, 0, 0, '2022-12-03 16:38:27', '2023-05-03 18:26:03'),
(1742, 'Durango', 1, 0, 0, '2022-12-03 16:38:27', '2022-12-03 16:38:27'),
(1743, 'Guanajuato', 1, 0, 0, '2022-12-03 16:38:27', '2022-12-03 16:38:27'),
(1744, 'Guerrero', 1, 0, 0, '2022-12-03 16:38:27', '2022-12-03 16:38:27'),
(1745, 'Hidalgo', 1, 0, 0, '2022-12-03 16:38:27', '2022-12-03 16:38:27'),
(1746, 'Jalisco', 1, 0, 0, '2022-12-03 16:38:27', '2022-12-03 16:38:27'),
(1747, 'Estado de México', 1, 0, 0, '2022-12-03 16:38:27', '2023-12-12 00:07:57'),
(1748, 'Michoacán de Ocampo', 1, 0, 0, '2022-12-03 16:38:27', '2022-12-03 16:38:27'),
(1749, 'Morelos', 1, 0, 0, '2022-12-03 16:38:27', '2022-12-03 16:38:27'),
(1750, 'Nayarit', 1, 0, 0, '2022-12-03 16:38:27', '2022-12-03 16:38:27'),
(1751, 'Nuevo León', 1, 0, 0, '2022-12-03 16:38:27', '2022-12-03 16:38:27'),
(1752, 'Oaxaca', 1, 0, 0, '2022-12-03 16:38:27', '2022-12-03 16:38:27'),
(1753, 'Puebla', 1, 0, 0, '2022-12-03 16:38:27', '2022-12-03 16:38:27'),
(1754, 'Querétaro de Arteaga', 1, 0, 0, '2022-12-03 16:38:27', '2022-12-03 16:38:27'),
(1755, 'Quintana Roo', 1, 0, 0, '2022-12-03 16:38:27', '2022-12-03 16:38:27'),
(1756, 'San Luis Potosí', 1, 0, 0, '2022-12-03 16:38:27', '2022-12-03 16:38:27'),
(1757, 'Sinaloa', 1, 0, 0, '2022-12-03 16:38:27', '2022-12-03 16:38:27'),
(1758, 'Sonora', 1, 0, 0, '2022-12-03 16:38:27', '2022-12-03 16:38:27'),
(1759, 'Tabasco', 1, 0, 0, '2022-12-03 16:38:27', '2022-12-03 16:38:27'),
(1760, 'Tamaulipas', 1, 0, 0, '2022-12-03 16:38:27', '2022-12-03 16:38:27'),
(1761, 'Tlaxcala', 1, 0, 0, '2022-12-03 16:38:27', '2022-12-03 16:38:27'),
(1762, 'Veracruz-Llave', 1, 0, 0, '2022-12-03 16:38:27', '2022-12-03 16:38:27'),
(1763, 'Yucatán', 1, 0, 0, '2022-12-03 16:38:27', '2022-12-03 16:38:27'),
(1764, 'Zacatecas', 1, 0, 0, '2022-12-03 16:38:27', '2022-12-03 16:38:27'),
(1766, 'Bocas del Toro', 1, 0, 0, '2022-12-03 16:38:27', '2022-12-03 16:38:27'),
(1767, 'Chiriquí', 1, 0, 0, '2022-12-03 16:38:27', '2022-12-03 16:38:27'),
(1768, 'Coclé', 1, 0, 0, '2022-12-03 16:38:27', '2022-12-03 16:38:27'),
(1769, 'Colón', 1, 0, 0, '2022-12-03 16:38:27', '2022-12-03 16:38:27'),
(1770, 'Darién', 1, 0, 0, '2022-12-03 16:38:27', '2022-12-03 16:38:27'),
(1771, 'Herrera', 1, 0, 0, '2022-12-03 16:38:27', '2022-12-03 16:38:27'),
(1772, 'Los Santos', 1, 0, 0, '2022-12-03 16:38:27', '2022-12-03 16:38:27'),
(1773, 'Panamá', 1, 0, 0, '2022-12-03 16:38:27', '2022-12-03 16:38:27'),
(1774, 'San Blas', 1, 0, 0, '2022-12-03 16:38:27', '2022-12-03 16:38:27'),
(1775, 'Veraguas', 1, 0, 0, '2022-12-03 16:38:27', '2022-12-03 16:38:27'),
(1777, 'Chuquisaca', 1, 0, 0, '2022-12-03 16:38:27', '2022-12-03 16:38:27'),
(1778, 'Cochabamba', 1, 0, 0, '2022-12-03 16:38:27', '2022-12-03 16:38:27'),
(1779, 'El Beni', 1, 0, 0, '2022-12-03 16:38:27', '2022-12-03 16:38:27'),
(1780, 'La Paz', 1, 0, 0, '2022-12-03 16:38:27', '2022-12-03 16:38:27'),
(1781, 'Oruro', 1, 0, 0, '2022-12-03 16:38:27', '2022-12-03 16:38:27'),
(1782, 'Pando', 1, 0, 0, '2022-12-03 16:38:27', '2022-12-03 16:38:27'),
(1783, 'Potosí', 1, 0, 0, '2022-12-03 16:38:27', '2022-12-03 16:38:27'),
(1784, 'Santa Cruz', 1, 0, 0, '2022-12-03 16:38:27', '2022-12-03 16:38:27'),
(1785, 'Tarija', 1, 0, 0, '2022-12-03 16:38:27', '2022-12-03 16:38:27'),
(1787, 'Alajuela', 1, 0, 0, '2022-12-03 16:38:27', '2022-12-03 16:38:27'),
(1788, 'Cartago', 1, 0, 0, '2022-12-03 16:38:27', '2022-12-03 16:38:27'),
(1789, 'Guanacaste', 1, 0, 0, '2022-12-03 16:38:27', '2022-12-03 16:38:27'),
(1790, 'Heredia', 1, 0, 0, '2022-12-03 16:38:27', '2022-12-03 16:38:27'),
(1791, 'Limón', 1, 0, 0, '2022-12-03 16:38:27', '2022-12-03 16:38:27'),
(1792, 'Puntarenas', 1, 0, 0, '2022-12-03 16:38:27', '2022-12-03 16:38:27'),
(1793, 'San José', 1, 0, 0, '2022-12-03 16:38:27', '2022-12-03 16:38:27'),
(1795, 'Galápagos', 1, 0, 0, '2022-12-03 16:38:27', '2022-12-03 16:38:27'),
(1796, 'Azuay', 1, 0, 0, '2022-12-03 16:38:27', '2022-12-03 16:38:27'),
(1797, 'Bolívar', 1, 0, 0, '2022-12-03 16:38:27', '2022-12-03 16:38:27'),
(1798, 'Canar', 1, 0, 0, '2022-12-03 16:38:27', '2022-12-03 16:38:27'),
(1799, 'Carchi', 1, 0, 0, '2022-12-03 16:38:27', '2022-12-03 16:38:27'),
(1800, 'Chimborazo', 1, 0, 0, '2022-12-03 16:38:27', '2022-12-03 16:38:27'),
(1801, 'Cotopaxi', 1, 0, 0, '2022-12-03 16:38:27', '2022-12-03 16:38:27'),
(1802, 'El Oro', 1, 0, 0, '2022-12-03 16:38:27', '2022-12-03 16:38:27'),
(1803, 'Esmeraldas', 1, 0, 0, '2022-12-03 16:38:27', '2022-12-03 16:38:27'),
(1804, 'Guayas', 1, 0, 0, '2022-12-03 16:38:27', '2022-12-03 16:38:27'),
(1805, 'Imbabura', 1, 0, 0, '2022-12-03 16:38:27', '2022-12-03 16:38:27'),
(1806, 'Loja', 1, 0, 0, '2022-12-03 16:38:27', '2022-12-03 16:38:27'),
(1807, 'Los Ríos', 1, 0, 0, '2022-12-03 16:38:27', '2022-12-03 16:38:27'),
(1808, 'Manabí', 1, 0, 0, '2022-12-03 16:38:27', '2022-12-03 16:38:27'),
(1809, 'Morona-Santiago', 1, 0, 0, '2022-12-03 16:38:27', '2022-12-03 16:38:27'),
(1810, 'Pastaza', 1, 0, 0, '2022-12-03 16:38:27', '2022-12-03 16:38:27'),
(1811, 'Pichincha', 1, 0, 0, '2022-12-03 16:38:27', '2022-12-03 16:38:27'),
(1812, 'Tungurahua', 1, 0, 0, '2022-12-03 16:38:27', '2022-12-03 16:38:27'),
(1813, 'Zamora-Chinchipe', 1, 0, 0, '2022-12-03 16:38:27', '2022-12-03 16:38:27'),
(1814, 'Sucumbíos', 1, 0, 0, '2022-12-03 16:38:27', '2022-12-03 16:38:27'),
(1815, 'Napo', 1, 0, 0, '2022-12-03 16:38:27', '2022-12-03 16:38:27'),
(1816, 'Orellana', 1, 0, 0, '2022-12-03 16:38:27', '2022-12-03 16:38:27'),
(1818, 'Buenos Aires', 1, 0, 0, '2022-12-03 16:38:27', '2022-12-03 16:38:27'),
(1819, 'Catamarca', 1, 0, 0, '2022-12-03 16:38:27', '2022-12-03 16:38:27'),
(1820, 'Chaco', 1, 0, 0, '2022-12-03 16:38:27', '2022-12-03 16:38:27'),
(1821, 'Chubut', 1, 0, 0, '2022-12-03 16:38:27', '2022-12-03 16:38:27'),
(1822, 'Córdoba', 1, 0, 0, '2022-12-03 16:38:27', '2022-12-03 16:38:27'),
(1823, 'Corrientes', 1, 0, 0, '2022-12-03 16:38:27', '2022-12-03 16:38:27'),
(1824, 'Distrito Federal', 1, 0, 0, '2022-12-03 16:38:27', '2022-12-03 16:38:27'),
(1825, 'Entre Ríos', 1, 0, 0, '2022-12-03 16:38:27', '2022-12-03 16:38:27'),
(1826, 'Formosa', 1, 0, 0, '2022-12-03 16:38:27', '2022-12-03 16:38:27'),
(1827, 'Jujuy', 1, 0, 0, '2022-12-03 16:38:27', '2022-12-03 16:38:27'),
(1828, 'La Pampa', 1, 0, 0, '2022-12-03 16:38:27', '2022-12-03 16:38:27'),
(1829, 'La Rioja', 1, 0, 0, '2022-12-03 16:38:27', '2022-12-03 16:38:27'),
(1830, 'Mendoza', 1, 0, 0, '2022-12-03 16:38:27', '2022-12-03 16:38:27'),
(1831, 'Misiones', 1, 0, 0, '2022-12-03 16:38:27', '2022-12-03 16:38:27'),
(1832, 'Neuquén', 1, 0, 0, '2022-12-03 16:38:27', '2022-12-03 16:38:27'),
(1833, 'Río Negro', 1, 0, 0, '2022-12-03 16:38:27', '2022-12-03 16:38:27'),
(1834, 'Salta', 1, 0, 0, '2022-12-03 16:38:27', '2022-12-03 16:38:27'),
(1835, 'San Juan', 1, 0, 0, '2022-12-03 16:38:27', '2022-12-03 16:38:27'),
(1836, 'San Luis', 1, 0, 0, '2022-12-03 16:38:27', '2022-12-03 16:38:27'),
(1837, 'Santa Cruz', 1, 0, 0, '2022-12-03 16:38:27', '2022-12-03 16:38:27'),
(1838, 'Santa Fe', 1, 0, 0, '2022-12-03 16:38:27', '2022-12-03 16:38:27'),
(1839, 'Santiago del Estero', 1, 0, 0, '2022-12-03 16:38:27', '2022-12-03 16:38:27'),
(1840, 'Tierra del Fuego', 1, 0, 0, '2022-12-03 16:38:27', '2022-12-03 16:38:27'),
(1841, 'Tucumán', 1, 0, 0, '2022-12-03 16:38:27', '2022-12-03 16:38:27'),
(1843, 'Amazonas', 1, 0, 0, '2022-12-03 16:38:27', '2022-12-03 16:38:27'),
(1844, 'Anzoategui', 1, 0, 0, '2022-12-03 16:38:27', '2022-12-03 16:38:27'),
(1845, 'Apure', 1, 0, 0, '2022-12-03 16:38:27', '2022-12-03 16:38:27'),
(1846, 'Aragua', 1, 0, 0, '2022-12-03 16:38:27', '2022-12-03 16:38:27'),
(1847, 'Barinas', 1, 0, 0, '2022-12-03 16:38:27', '2022-12-03 16:38:27'),
(1848, 'Bolívar', 1, 0, 0, '2022-12-03 16:38:27', '2022-12-03 16:38:27'),
(1849, 'Carabobo', 1, 0, 0, '2022-12-03 16:38:27', '2022-12-03 16:38:27'),
(1850, 'Cojedes', 1, 0, 0, '2022-12-03 16:38:27', '2022-12-03 16:38:27'),
(1851, 'Delta Amacuro', 1, 0, 0, '2022-12-03 16:38:27', '2022-12-03 16:38:27'),
(1852, 'Falcón', 1, 0, 0, '2022-12-03 16:38:27', '2022-12-03 16:38:27'),
(1853, 'Guárico', 1, 0, 0, '2022-12-03 16:38:27', '2022-12-03 16:38:27'),
(1854, 'Lara', 1, 0, 0, '2022-12-03 16:38:27', '2022-12-03 16:38:27'),
(1855, 'Mérida', 1, 0, 0, '2022-12-03 16:38:27', '2022-12-03 16:38:27'),
(1856, 'Miranda', 1, 0, 0, '2022-12-03 16:38:27', '2022-12-03 16:38:27'),
(1857, 'Monagas', 1, 0, 0, '2022-12-03 16:38:27', '2022-12-03 16:38:27'),
(1858, 'Nueva Esparta', 1, 0, 0, '2022-12-03 16:38:27', '2022-12-03 16:38:27'),
(1859, 'Portuguesa', 1, 0, 0, '2022-12-03 16:38:27', '2022-12-03 16:38:27'),
(1860, 'Sucre', 1, 0, 0, '2022-12-03 16:38:27', '2022-12-03 16:38:27'),
(1861, 'Táchira', 1, 0, 0, '2022-12-03 16:38:27', '2022-12-03 16:38:27'),
(1862, 'Trujillo', 1, 0, 0, '2022-12-03 16:38:27', '2022-12-03 16:38:27'),
(1863, 'Yaracuy', 1, 0, 0, '2022-12-03 16:38:27', '2022-12-03 16:38:27'),
(1864, 'Zulia', 1, 0, 0, '2022-12-03 16:38:27', '2022-12-03 16:38:27'),
(1865, 'Dependencias Federales', 1, 0, 0, '2022-12-03 16:38:27', '2022-12-03 16:38:27'),
(1866, 'Distrito Capital', 1, 0, 0, '2022-12-03 16:38:27', '2022-12-03 16:38:27'),
(1867, 'Vargas', 1, 0, 0, '2022-12-03 16:38:27', '2022-12-03 16:38:27'),
(1869, 'Boaco', 1, 0, 0, '2022-12-03 16:38:27', '2022-12-03 16:38:27'),
(1870, 'Carazo', 1, 0, 0, '2022-12-03 16:38:27', '2022-12-03 16:38:27'),
(1871, 'Chinandega', 1, 0, 0, '2022-12-03 16:38:27', '2022-12-03 16:38:27'),
(1872, 'Chontales', 1, 0, 0, '2022-12-03 16:38:27', '2022-12-03 16:38:27'),
(1873, 'Estelí', 1, 0, 0, '2022-12-03 16:38:27', '2022-12-03 16:38:27'),
(1874, 'Granada', 1, 0, 0, '2022-12-03 16:38:27', '2022-12-03 16:38:27'),
(1875, 'Jinotega', 1, 0, 0, '2022-12-03 16:38:27', '2022-12-03 16:38:27'),
(1876, 'León', 1, 0, 0, '2022-12-03 16:38:27', '2022-12-03 16:38:27'),
(1877, 'Madriz', 1, 0, 0, '2022-12-03 16:38:27', '2022-12-03 16:38:27'),
(1878, 'Managua', 1, 0, 0, '2022-12-03 16:38:27', '2022-12-03 16:38:27'),
(1879, 'Masaya', 1, 0, 0, '2022-12-03 16:38:27', '2022-12-03 16:38:27'),
(1880, 'Matagalpa', 1, 0, 0, '2022-12-03 16:38:27', '2022-12-03 16:38:27'),
(1881, 'Nueva Segovia', 1, 0, 0, '2022-12-03 16:38:27', '2022-12-03 16:38:27'),
(1882, 'Rio San Juan', 1, 0, 0, '2022-12-03 16:38:27', '2022-12-03 16:38:27'),
(1883, 'Rivas', 1, 0, 0, '2022-12-03 16:38:27', '2022-12-03 16:38:27'),
(1884, 'Zelaya', 1, 0, 0, '2022-12-03 16:38:27', '2022-12-03 16:38:27'),
(1886, 'Pinar del Rio', 1, 0, 0, '2022-12-03 16:38:27', '2022-12-03 16:38:27'),
(1887, 'Ciudad de la Habana', 1, 0, 0, '2022-12-03 16:38:27', '2022-12-03 16:38:27'),
(1888, 'Matanzas', 1, 0, 0, '2022-12-03 16:38:27', '2022-12-03 16:38:27'),
(1889, 'Isla de la Juventud', 1, 0, 0, '2022-12-03 16:38:27', '2022-12-03 16:38:27'),
(1890, 'Camaguey', 1, 0, 0, '2022-12-03 16:38:27', '2022-12-03 16:38:27'),
(1891, 'Ciego de Avila', 1, 0, 0, '2022-12-03 16:38:27', '2022-12-03 16:38:27'),
(1892, 'Cienfuegos', 1, 0, 0, '2022-12-03 16:38:27', '2022-12-03 16:38:27'),
(1893, 'Granma', 1, 0, 0, '2022-12-03 16:38:27', '2022-12-03 16:38:27'),
(1894, 'Guantanamo', 1, 0, 0, '2022-12-03 16:38:27', '2022-12-03 16:38:27'),
(1895, 'La Habana', 1, 0, 0, '2022-12-03 16:38:27', '2022-12-03 16:38:27'),
(1896, 'Holguin', 1, 0, 0, '2022-12-03 16:38:27', '2022-12-03 16:38:27'),
(1897, 'Las Tunas', 1, 0, 0, '2022-12-03 16:38:27', '2022-12-03 16:38:27'),
(1898, 'Sancti Spiritus', 1, 0, 0, '2022-12-03 16:38:27', '2022-12-03 16:38:27'),
(1899, 'Santiago de Cuba', 1, 0, 0, '2022-12-03 16:38:27', '2022-12-03 16:38:27'),
(1900, 'Villa Clara', 1, 0, 0, '2022-12-03 16:38:27', '2022-12-03 16:38:27'),
(1901, 'Acre', 1, 0, 0, '2022-12-03 16:38:27', '2022-12-03 16:38:27'),
(1902, 'Alagoas', 1, 0, 0, '2022-12-03 16:38:27', '2022-12-03 16:38:27'),
(1903, 'Amapa', 1, 0, 0, '2022-12-03 16:38:27', '2022-12-03 16:38:27'),
(1904, 'Amazonas', 1, 0, 0, '2022-12-03 16:38:27', '2022-12-03 16:38:27'),
(1905, 'Bahia', 1, 0, 0, '2022-12-03 16:38:27', '2022-12-03 16:38:27'),
(1906, 'Ceara', 1, 0, 0, '2022-12-03 16:38:27', '2022-12-03 16:38:27'),
(1907, 'Distrito Federal', 1, 0, 0, '2022-12-03 16:38:27', '2022-12-03 16:38:27'),
(1908, 'Espirito Santo', 1, 0, 0, '2022-12-03 16:38:27', '2022-12-03 16:38:27'),
(1909, 'Mato Grosso do Sul', 1, 0, 0, '2022-12-03 16:38:27', '2022-12-03 16:38:27'),
(1910, 'Maranhao', 1, 0, 0, '2022-12-03 16:38:27', '2022-12-03 16:38:27'),
(1911, 'Mato Grosso', 1, 0, 0, '2022-12-03 16:38:27', '2022-12-03 16:38:27'),
(1912, 'Minas Gerais', 1, 0, 0, '2022-12-03 16:38:27', '2022-12-03 16:38:27'),
(1913, 'Para', 1, 0, 0, '2022-12-03 16:38:27', '2022-12-03 16:38:27'),
(1914, 'Paraiba', 1, 0, 0, '2022-12-03 16:38:27', '2022-12-03 16:38:27'),
(1915, 'Parana', 1, 0, 0, '2022-12-03 16:38:27', '2022-12-03 16:38:27'),
(1916, 'Piaui', 1, 0, 0, '2022-12-03 16:38:27', '2022-12-03 16:38:27'),
(1917, 'Rio de Janeiro', 1, 0, 0, '2022-12-03 16:38:27', '2022-12-03 16:38:27'),
(1918, 'Rio Grande do Norte', 1, 0, 0, '2022-12-03 16:38:27', '2022-12-03 16:38:27'),
(1919, 'Rio Grande do Sul', 1, 0, 0, '2022-12-03 16:38:27', '2022-12-03 16:38:27'),
(1920, 'Rondonia', 1, 0, 0, '2022-12-03 16:38:27', '2022-12-03 16:38:27'),
(1921, 'Roraima', 1, 0, 0, '2022-12-03 16:38:27', '2022-12-03 16:38:27'),
(1922, 'Santa Catarina', 1, 0, 0, '2022-12-03 16:38:27', '2022-12-03 16:38:27'),
(1923, 'Sao Paulo', 1, 0, 0, '2022-12-03 16:38:27', '2022-12-03 16:38:27'),
(1924, 'Sergipe', 1, 0, 0, '2022-12-03 16:38:27', '2022-12-03 16:38:27'),
(1925, 'Goias', 1, 0, 0, '2022-12-03 16:38:27', '2022-12-03 16:38:27'),
(1926, 'Pernambuco', 1, 0, 0, '2022-12-03 16:38:27', '2022-12-03 16:38:27'),
(1927, 'Tocantins', 1, 0, 0, '2022-12-03 16:38:27', '2022-12-03 16:38:27'),
(1930, 'Akureyri', 1, 0, 0, '2022-12-03 16:38:27', '2022-12-03 16:38:27'),
(1931, 'Arnessysla', 1, 0, 0, '2022-12-03 16:38:27', '2022-12-03 16:38:27'),
(1932, 'Austur-Bardastrandarsysla', 1, 0, 0, '2022-12-03 16:38:27', '2022-12-03 16:38:27'),
(1933, 'Austur-Hunavatnssysla', 1, 0, 0, '2022-12-03 16:38:27', '2022-12-03 16:38:27'),
(1934, 'Austur-Skaftafellssysla', 1, 0, 0, '2022-12-03 16:38:27', '2022-12-03 16:38:27'),
(1935, 'Borgarfjardarsysla', 1, 0, 0, '2022-12-03 16:38:27', '2022-12-03 16:38:27'),
(1936, 'Dalasysla', 1, 0, 0, '2022-12-03 16:38:27', '2022-12-03 16:38:27'),
(1937, 'Eyjafjardarsysla', 1, 0, 0, '2022-12-03 16:38:27', '2022-12-03 16:38:27'),
(1938, 'Gullbringusysla', 1, 0, 0, '2022-12-03 16:38:27', '2022-12-03 16:38:27'),
(1939, 'Hafnarfjordur', 1, 0, 0, '2022-12-03 16:38:27', '2022-12-03 16:38:27'),
(1943, 'Kjosarsysla', 1, 0, 0, '2022-12-03 16:38:27', '2022-12-03 16:38:27'),
(1944, 'Kopavogur', 1, 0, 0, '2022-12-03 16:38:27', '2022-12-03 16:38:27'),
(1945, 'Myrasysla', 1, 0, 0, '2022-12-03 16:38:27', '2022-12-03 16:38:27'),
(1946, 'Neskaupstadur', 1, 0, 0, '2022-12-03 16:38:27', '2022-12-03 16:38:27'),
(1947, 'Nordur-Isafjardarsysla', 1, 0, 0, '2022-12-03 16:38:27', '2022-12-03 16:38:27'),
(1948, 'Nordur-Mulasysla', 1, 0, 0, '2022-12-03 16:38:27', '2022-12-03 16:38:27'),
(1949, 'Nordur-Tingeyjarsysla', 1, 0, 0, '2022-12-03 16:38:27', '2022-12-03 16:38:27'),
(1950, 'Olafsfjordur', 1, 0, 0, '2022-12-03 16:38:27', '2022-12-03 16:38:27'),
(1951, 'Rangarvallasysla', 1, 0, 0, '2022-12-03 16:38:27', '2022-12-03 16:38:27'),
(1952, 'Reykjavik', 1, 0, 0, '2022-12-03 16:38:27', '2022-12-03 16:38:27'),
(1953, 'Saudarkrokur', 1, 0, 0, '2022-12-03 16:38:27', '2022-12-03 16:38:27'),
(1954, 'Seydisfjordur', 1, 0, 0, '2022-12-03 16:38:27', '2022-12-03 16:38:27'),
(1956, 'Skagafjardarsysla', 1, 0, 0, '2022-12-03 16:38:27', '2022-12-03 16:38:27'),
(1957, 'Snafellsnes- og Hnappadalssysla', 1, 0, 0, '2022-12-03 16:38:27', '2022-12-03 16:38:27'),
(1958, 'Strandasysla', 1, 0, 0, '2022-12-03 16:38:27', '2022-12-03 16:38:27'),
(1959, 'Sudur-Mulasysla', 1, 0, 0, '2022-12-03 16:38:27', '2022-12-03 16:38:27'),
(1960, 'Sudur-Tingeyjarsysla', 1, 0, 0, '2022-12-03 16:38:27', '2022-12-03 16:38:27'),
(1961, 'Vestmannaeyjar', 1, 0, 0, '2022-12-03 16:38:27', '2022-12-03 16:38:27'),
(1962, 'Vestur-Bardastrandarsysla', 1, 0, 0, '2022-12-03 16:38:27', '2022-12-03 16:38:27'),
(1964, 'Vestur-Isafjardarsysla', 1, 0, 0, '2022-12-03 16:38:27', '2022-12-03 16:38:27'),
(1965, 'Vestur-Skaftafellssysla', 1, 0, 0, '2022-12-03 16:38:27', '2022-12-03 16:38:27'),
(1966, 'Anhui', 1, 0, 0, '2022-12-03 16:38:27', '2022-12-03 16:38:27'),
(1967, 'Zhejiang', 1, 0, 0, '2022-12-03 16:38:27', '2022-12-03 16:38:27'),
(1968, 'Jiangxi', 1, 0, 0, '2022-12-03 16:38:27', '2022-12-03 16:38:27'),
(1969, 'Jiangsu', 1, 0, 0, '2022-12-03 16:38:27', '2022-12-03 16:38:27'),
(1970, 'Jilin', 1, 0, 0, '2022-12-03 16:38:27', '2022-12-03 16:38:27'),
(1971, 'Qinghai', 1, 0, 0, '2022-12-03 16:38:27', '2022-12-03 16:38:27'),
(1972, 'Fujian', 1, 0, 0, '2022-12-03 16:38:27', '2022-12-03 16:38:27'),
(1973, 'Heilongjiang', 1, 0, 0, '2022-12-03 16:38:27', '2022-12-03 16:38:27'),
(1974, 'Henan', 1, 0, 0, '2022-12-03 16:38:27', '2022-12-03 16:38:27'),
(1975, 'Hebei', 1, 0, 0, '2022-12-03 16:38:27', '2022-12-03 16:38:27'),
(1976, 'Hunan', 1, 0, 0, '2022-12-03 16:38:27', '2022-12-03 16:38:27'),
(1977, 'Hubei', 1, 0, 0, '2022-12-03 16:38:27', '2022-12-03 16:38:27'),
(1978, 'Xinjiang', 1, 0, 0, '2022-12-03 16:38:27', '2022-12-03 16:38:27'),
(1979, 'Xizang', 1, 0, 0, '2022-12-03 16:38:27', '2022-12-03 16:38:27'),
(1980, 'Gansu', 1, 0, 0, '2022-12-03 16:38:27', '2022-12-03 16:38:27'),
(1981, 'Guangxi', 1, 0, 0, '2022-12-03 16:38:27', '2022-12-03 16:38:27'),
(1982, 'Guizhou', 1, 0, 0, '2022-12-03 16:38:27', '2022-12-03 16:38:27'),
(1983, 'Liaoning', 1, 0, 0, '2022-12-03 16:38:27', '2022-12-03 16:38:27'),
(1984, 'Nei Mongol', 1, 0, 0, '2022-12-03 16:38:27', '2022-12-03 16:38:27'),
(1985, 'Ningxia', 1, 0, 0, '2022-12-03 16:38:27', '2022-12-03 16:38:27'),
(1986, 'Beijing', 1, 0, 0, '2022-12-03 16:38:27', '2022-12-03 16:38:27'),
(1987, 'Shanghai', 1, 0, 0, '2022-12-03 16:38:27', '2022-12-03 16:38:27'),
(1988, 'Shanxi', 1, 0, 0, '2022-12-03 16:38:27', '2022-12-03 16:38:27'),
(1989, 'Shandong', 1, 0, 0, '2022-12-03 16:38:27', '2022-12-03 16:38:27'),
(1990, 'Shaanxi', 1, 0, 0, '2022-12-03 16:38:27', '2022-12-03 16:38:27'),
(1991, 'Sichuan', 1, 0, 0, '2022-12-03 16:38:27', '2022-12-03 16:38:27'),
(1992, 'Tianjin', 1, 0, 0, '2022-12-03 16:38:27', '2022-12-03 16:38:27'),
(1993, 'Yunnan', 1, 0, 0, '2022-12-03 16:38:27', '2022-12-03 16:38:27'),
(1994, 'Guangdong', 1, 0, 0, '2022-12-03 16:38:27', '2022-12-03 16:38:27'),
(1995, 'Hainan', 1, 0, 0, '2022-12-03 16:38:27', '2022-12-03 16:38:27'),
(1996, 'Chongqing', 1, 0, 0, '2022-12-03 16:38:27', '2022-12-03 16:38:27'),
(1997, 'Central', 1, 0, 0, '2022-12-03 16:38:27', '2022-12-03 16:38:27'),
(1998, 'Coast', 1, 0, 0, '2022-12-03 16:38:27', '2022-12-03 16:38:27'),
(1999, 'Eastern', 1, 0, 0, '2022-12-03 16:38:27', '2022-12-03 16:38:27'),
(2000, 'Nairobi Area', 1, 0, 0, '2022-12-03 16:38:27', '2022-12-03 16:38:27'),
(2001, 'North-Eastern', 1, 0, 0, '2022-12-03 16:38:27', '2022-12-03 16:38:27'),
(2002, 'Nyanza', 1, 0, 0, '2022-12-03 16:38:27', '2022-12-03 16:38:27'),
(2003, 'Rift Valley', 1, 0, 0, '2022-12-03 16:38:27', '2022-12-03 16:38:27'),
(2004, 'Western', 1, 0, 0, '2022-12-03 16:38:27', '2022-12-03 16:38:27'),
(2006, 'Gilbert Islands', 1, 0, 0, '2022-12-03 16:38:27', '2022-12-03 16:38:27'),
(2007, 'Line Islands', 1, 0, 0, '2022-12-03 16:38:27', '2022-12-03 16:38:27'),
(2008, 'Phoenix Islands', 1, 0, 0, '2022-12-03 16:38:27', '2022-12-03 16:38:27'),
(2010, 'Australian Capital Territory', 1, 0, 0, '2022-12-03 16:38:27', '2022-12-03 16:38:27'),
(2011, 'New South Wales', 1, 0, 0, '2022-12-03 16:38:27', '2022-12-03 16:38:27'),
(2012, 'Northern Territory', 1, 0, 0, '2022-12-03 16:38:27', '2022-12-03 16:38:27'),
(2013, 'Queensland', 1, 0, 0, '2022-12-03 16:38:27', '2022-12-03 16:38:27'),
(2014, 'South Australia', 1, 0, 0, '2022-12-03 16:38:27', '2022-12-03 16:38:27'),
(2015, 'Tasmania', 1, 0, 0, '2022-12-03 16:38:27', '2022-12-03 16:38:27'),
(2016, 'Victoria', 1, 0, 0, '2022-12-03 16:38:27', '2022-12-03 16:38:27'),
(2017, 'Western Australia', 1, 0, 0, '2022-12-03 16:38:27', '2022-12-03 16:38:27'),
(2018, 'Dublin', 1, 0, 0, '2022-12-03 16:38:27', '2022-12-03 16:38:27'),
(2019, 'Galway', 1, 0, 0, '2022-12-03 16:38:27', '2022-12-03 16:38:27'),
(2020, 'Kildare', 1, 0, 0, '2022-12-03 16:38:27', '2022-12-03 16:38:27'),
(2021, 'Leitrim', 1, 0, 0, '2022-12-03 16:38:27', '2022-12-03 16:38:27'),
(2022, 'Limerick', 1, 0, 0, '2022-12-03 16:38:27', '2022-12-03 16:38:27'),
(2023, 'Mayo', 1, 0, 0, '2022-12-03 16:38:27', '2022-12-03 16:38:27'),
(2024, 'Meath', 1, 0, 0, '2022-12-03 16:38:27', '2022-12-03 16:38:27'),
(2025, 'Carlow', 1, 0, 0, '2022-12-03 16:38:27', '2022-12-03 16:38:27'),
(2026, 'Kilkenny', 1, 0, 0, '2022-12-03 16:38:27', '2022-12-03 16:38:27'),
(2027, 'Laois', 1, 0, 0, '2022-12-03 16:38:27', '2022-12-03 16:38:27'),
(2028, 'Longford', 1, 0, 0, '2022-12-03 16:38:27', '2022-12-03 16:38:27'),
(2029, 'Louth', 1, 0, 0, '2022-12-03 16:38:27', '2022-12-03 16:38:27'),
(2030, 'Offaly', 1, 0, 0, '2022-12-03 16:38:27', '2022-12-03 16:38:27'),
(2031, 'Westmeath', 1, 0, 0, '2022-12-03 16:38:27', '2022-12-03 16:38:27'),
(2032, 'Wexford', 1, 0, 0, '2022-12-03 16:38:27', '2022-12-03 16:38:27'),
(2033, 'Wicklow', 1, 0, 0, '2022-12-03 16:38:27', '2022-12-03 16:38:27'),
(2034, 'Roscommon', 1, 0, 0, '2022-12-03 16:38:27', '2022-12-03 16:38:27'),
(2035, 'Sligo', 1, 0, 0, '2022-12-03 16:38:27', '2022-12-03 16:38:27'),
(2036, 'Clare', 1, 0, 0, '2022-12-03 16:38:27', '2022-12-03 16:38:27'),
(2037, 'Cork', 1, 0, 0, '2022-12-03 16:38:27', '2022-12-03 16:38:27'),
(2038, 'Kerry', 1, 0, 0, '2022-12-03 16:38:27', '2022-12-03 16:38:27'),
(2039, 'Tipperary', 1, 0, 0, '2022-12-03 16:38:27', '2022-12-03 16:38:27'),
(2040, 'Waterford', 1, 0, 0, '2022-12-03 16:38:27', '2022-12-03 16:38:27'),
(2041, 'Cavan', 1, 0, 0, '2022-12-03 16:38:27', '2022-12-03 16:38:27'),
(2042, 'Donegal', 1, 0, 0, '2022-12-03 16:38:27', '2022-12-03 16:38:27'),
(2043, 'Monaghan', 1, 0, 0, '2022-12-03 16:38:27', '2022-12-03 16:38:27'),
(2044, 'Karachaeva-Cherkesskaya Respublica', 1, 0, 0, '2022-12-03 16:38:27', '2022-12-03 16:38:27'),
(2045, 'Raimirskii (Dolgano-Nenetskii) AO', 1, 0, 0, '2022-12-03 16:38:27', '2022-12-03 16:38:27'),
(2046, 'Respublica Tiva', 1, 0, 0, '2022-12-03 16:38:27', '2022-12-03 16:38:27'),
(2047, 'Newfoundland', 1, 0, 0, '2022-12-03 16:38:27', '2022-12-03 16:38:27'),
(2048, 'Nova Scotia', 1, 0, 0, '2022-12-03 16:38:27', '2022-12-03 16:38:27'),
(2049, 'Prince Edward Island', 1, 0, 0, '2022-12-03 16:38:27', '2022-12-03 16:38:27'),
(2050, 'New Brunswick', 1, 0, 0, '2022-12-03 16:38:27', '2022-12-03 16:38:27'),
(2051, 'Quebec', 1, 0, 0, '2022-12-03 16:38:27', '2022-12-03 16:38:27'),
(2052, 'Ontario', 1, 0, 0, '2022-12-03 16:38:27', '2022-12-03 16:38:27'),
(2053, 'Manitoba', 1, 0, 0, '2022-12-03 16:38:27', '2022-12-03 16:38:27'),
(2054, 'Saskatchewan', 1, 0, 0, '2022-12-03 16:38:27', '2022-12-03 16:38:27'),
(2055, 'Alberta', 1, 0, 0, '2022-12-03 16:38:27', '2022-12-03 16:38:27'),
(2056, 'British Columbia', 1, 0, 0, '2022-12-03 16:38:27', '2022-12-03 16:38:27'),
(2057, 'Nunavut', 1, 0, 0, '2022-12-03 16:38:27', '2022-12-03 16:38:27'),
(2058, 'Northwest Territories', 1, 0, 0, '2022-12-03 16:38:27', '2022-12-03 16:38:27'),
(2059, 'Yukon Territory', 1, 0, 0, '2022-12-03 16:38:27', '2022-12-03 16:38:27'),
(2060, 'Drenthe', 1, 0, 0, '2022-12-03 16:38:27', '2022-12-03 16:38:27'),
(2061, 'Friesland', 1, 0, 0, '2022-12-03 16:38:27', '2022-12-03 16:38:27'),
(2062, 'Gelderland', 1, 0, 0, '2022-12-03 16:38:27', '2022-12-03 16:38:27'),
(2063, 'Groningen', 1, 0, 0, '2022-12-03 16:38:27', '2022-12-03 16:38:27'),
(2064, 'Limburg', 1, 0, 0, '2022-12-03 16:38:27', '2022-12-03 16:38:27'),
(2065, 'Noord-Brabant', 1, 0, 0, '2022-12-03 16:38:27', '2022-12-03 16:38:27'),
(2066, 'Noord-Holland', 1, 0, 0, '2022-12-03 16:38:27', '2022-12-03 16:38:27'),
(2067, 'Utrecht', 1, 0, 0, '2022-12-03 16:38:27', '2022-12-03 16:38:27'),
(2068, 'Zeeland', 1, 0, 0, '2022-12-03 16:38:27', '2022-12-03 16:38:27'),
(2069, 'Zuid-Holland', 1, 0, 0, '2022-12-03 16:38:27', '2022-12-03 16:38:27'),
(2071, 'Overijssel', 1, 0, 0, '2022-12-03 16:38:27', '2022-12-03 16:38:27'),
(2072, 'Flevoland', 1, 0, 0, '2022-12-03 16:38:27', '2022-12-03 16:38:27'),
(2073, 'Duarte', 1, 0, 0, '2022-12-03 16:38:27', '2022-12-03 16:38:27'),
(2074, 'Puerto Plata', 1, 0, 0, '2022-12-03 16:38:27', '2022-12-03 16:38:27'),
(2075, 'Valverde', 1, 0, 0, '2022-12-03 16:38:27', '2022-12-03 16:38:27'),
(2076, 'María Trinidad Sánchez', 1, 0, 0, '2022-12-03 16:38:27', '2022-12-03 16:38:27'),
(2077, 'Azua', 1, 0, 0, '2022-12-03 16:38:27', '2022-12-03 16:38:27'),
(2078, 'Santiago', 1, 0, 0, '2022-12-03 16:38:27', '2022-12-03 16:38:27'),
(2079, 'San Cristóbal', 1, 0, 0, '2022-12-03 16:38:27', '2022-12-03 16:38:27'),
(2080, 'Peravia', 1, 0, 0, '2022-12-03 16:38:27', '2022-12-03 16:38:27'),
(2081, 'Elías Piña', 1, 0, 0, '2022-12-03 16:38:27', '2022-12-03 16:38:27'),
(2082, 'Barahona', 1, 0, 0, '2022-12-03 16:38:27', '2022-12-03 16:38:27'),
(2083, 'Monte Plata', 1, 0, 0, '2022-12-03 16:38:27', '2022-12-03 16:38:27'),
(2084, 'Salcedo', 1, 0, 0, '2022-12-03 16:38:27', '2022-12-03 16:38:27'),
(2085, 'La Altagracia', 1, 0, 0, '2022-12-03 16:38:27', '2022-12-03 16:38:27'),
(2086, 'San Juan', 1, 0, 0, '2022-12-03 16:38:27', '2022-12-03 16:38:27'),
(2087, 'Monseñor Nouel', 1, 0, 0, '2022-12-03 16:38:27', '2022-12-03 16:38:27'),
(2088, 'Monte Cristi', 1, 0, 0, '2022-12-03 16:38:27', '2022-12-03 16:38:27'),
(2089, 'Espaillat', 1, 0, 0, '2022-12-03 16:38:27', '2022-12-03 16:38:27'),
(2090, 'Sánchez Ramírez', 1, 0, 0, '2022-12-03 16:38:27', '2022-12-03 16:38:27'),
(2091, 'La Vega', 1, 0, 0, '2022-12-03 16:38:27', '2022-12-03 16:38:27'),
(2092, 'San Pedro de Macorís', 1, 0, 0, '2022-12-03 16:38:27', '2022-12-03 16:38:27'),
(2093, 'Independencia', 1, 0, 0, '2022-12-03 16:38:27', '2022-12-03 16:38:27'),
(2094, 'Dajabón', 1, 0, 0, '2022-12-03 16:38:27', '2022-12-03 16:38:27'),
(2095, 'Baoruco', 1, 0, 0, '2022-12-03 16:38:27', '2022-12-03 16:38:27'),
(2096, 'El Seibo', 1, 0, 0, '2022-12-03 16:38:27', '2022-12-03 16:38:27'),
(2097, 'Hato Mayor', 1, 0, 0, '2022-12-03 16:38:27', '2022-12-03 16:38:27'),
(2098, 'La Romana', 1, 0, 0, '2022-12-03 16:38:27', '2022-12-03 16:38:27'),
(2099, 'Pedernales', 1, 0, 0, '2022-12-03 16:38:27', '2022-12-03 16:38:27'),
(2100, 'Samaná', 1, 0, 0, '2022-12-03 16:38:27', '2022-12-03 16:38:27'),
(2101, 'Santiago Rodríguez', 1, 0, 0, '2022-12-03 16:38:27', '2022-12-03 16:38:27'),
(2102, 'San José de Ocoa', 1, 0, 0, '2022-12-03 16:38:27', '2022-12-03 16:38:27'),
(2103, 'Chiba', 1, 0, 0, '2022-12-03 16:38:27', '2022-12-03 16:38:27'),
(2104, 'Ehime', 1, 0, 0, '2022-12-03 16:38:27', '2022-12-03 16:38:27'),
(2105, 'Oita', 1, 0, 0, '2022-12-03 16:38:27', '2022-12-03 16:38:27'),
(2106, 'Skopje', 1, 0, 0, '2022-12-03 16:38:27', '2022-12-03 16:38:27'),
(2108, 'Schanghai', 1, 0, 0, '2022-12-03 16:38:27', '2022-12-03 16:38:27'),
(2109, 'Hongkong', 1, 0, 0, '2022-12-03 16:38:27', '2022-12-03 16:38:27'),
(2110, 'Neimenggu', 1, 0, 0, '2022-12-03 16:38:27', '2022-12-03 16:38:27'),
(2111, 'Aomen', 1, 0, 0, '2022-12-03 16:38:27', '2022-12-03 16:38:27'),
(2112, 'Amnat Charoen', 1, 0, 0, '2022-12-03 16:38:27', '2022-12-03 16:38:27'),
(2113, 'Ang Thong', 1, 0, 0, '2022-12-03 16:38:27', '2022-12-03 16:38:27'),
(2114, 'Bangkok', 1, 0, 0, '2022-12-03 16:38:27', '2022-12-03 16:38:27'),
(2115, 'Buri Ram', 1, 0, 0, '2022-12-03 16:38:27', '2022-12-03 16:38:27'),
(2116, 'Chachoengsao', 1, 0, 0, '2022-12-03 16:38:27', '2022-12-03 16:38:27'),
(2117, 'Chai Nat', 1, 0, 0, '2022-12-03 16:38:27', '2022-12-03 16:38:27'),
(2118, 'Chaiyaphum', 1, 0, 0, '2022-12-03 16:38:27', '2022-12-03 16:38:27'),
(2119, 'Chanthaburi', 1, 0, 0, '2022-12-03 16:38:27', '2022-12-03 16:38:27'),
(2120, 'Chiang Mai', 1, 0, 0, '2022-12-03 16:38:27', '2022-12-03 16:38:27'),
(2121, 'Chiang Rai', 1, 0, 0, '2022-12-03 16:38:27', '2022-12-03 16:38:27'),
(2122, 'Chon Buri', 1, 0, 0, '2022-12-03 16:38:27', '2022-12-03 16:38:27'),
(2124, 'Kalasin', 1, 0, 0, '2022-12-03 16:38:27', '2022-12-03 16:38:27'),
(2126, 'Kanchanaburi', 1, 0, 0, '2022-12-03 16:38:27', '2022-12-03 16:38:27'),
(2127, 'Khon Kaen', 1, 0, 0, '2022-12-03 16:38:27', '2022-12-03 16:38:27'),
(2128, 'Krabi', 1, 0, 0, '2022-12-03 16:38:27', '2022-12-03 16:38:27'),
(2129, 'Lampang', 1, 0, 0, '2022-12-03 16:38:27', '2022-12-03 16:38:27'),
(2131, 'Loei', 1, 0, 0, '2022-12-03 16:38:27', '2022-12-03 16:38:27'),
(2132, 'Lop Buri', 1, 0, 0, '2022-12-03 16:38:27', '2022-12-03 16:38:27'),
(2133, 'Mae Hong Son', 1, 0, 0, '2022-12-03 16:38:27', '2022-12-03 16:38:27'),
(2134, 'Maha Sarakham', 1, 0, 0, '2022-12-03 16:38:27', '2022-12-03 16:38:27'),
(2137, 'Nakhon Pathom', 1, 0, 0, '2022-12-03 16:38:27', '2022-12-03 16:38:27'),
(2139, 'Nakhon Ratchasima', 1, 0, 0, '2022-12-03 16:38:27', '2022-12-03 16:38:27'),
(2140, 'Nakhon Sawan', 1, 0, 0, '2022-12-03 16:38:27', '2022-12-03 16:38:27'),
(2141, 'Nakhon Si Thammarat', 1, 0, 0, '2022-12-03 16:38:27', '2022-12-03 16:38:27'),
(2143, 'Narathiwat', 1, 0, 0, '2022-12-03 16:38:27', '2022-12-03 16:38:27'),
(2144, 'Nong Bua Lam Phu', 1, 0, 0, '2022-12-03 16:38:27', '2022-12-03 16:38:27'),
(2145, 'Nong Khai', 1, 0, 0, '2022-12-03 16:38:27', '2022-12-03 16:38:27'),
(2146, 'Nonthaburi', 1, 0, 0, '2022-12-03 16:38:27', '2022-12-03 16:38:27'),
(2147, 'Pathum Thani', 1, 0, 0, '2022-12-03 16:38:27', '2022-12-03 16:38:27'),
(2148, 'Pattani', 1, 0, 0, '2022-12-03 16:38:27', '2022-12-03 16:38:27'),
(2149, 'Phangnga', 1, 0, 0, '2022-12-03 16:38:27', '2022-12-03 16:38:27'),
(2150, 'Phatthalung', 1, 0, 0, '2022-12-03 16:38:27', '2022-12-03 16:38:27'),
(2154, 'Phichit', 1, 0, 0, '2022-12-03 16:38:27', '2022-12-03 16:38:27'),
(2155, 'Phitsanulok', 1, 0, 0, '2022-12-03 16:38:27', '2022-12-03 16:38:27'),
(2156, 'Phra Nakhon Si Ayutthaya', 1, 0, 0, '2022-12-03 16:38:27', '2022-12-03 16:38:27'),
(2157, 'Phrae', 1, 0, 0, '2022-12-03 16:38:27', '2022-12-03 16:38:27'),
(2158, 'Phuket', 1, 0, 0, '2022-12-03 16:38:27', '2022-12-03 16:38:27'),
(2159, 'Prachin Buri', 1, 0, 0, '2022-12-03 16:38:27', '2022-12-03 16:38:27'),
(2160, 'Prachuap Khiri Khan', 1, 0, 0, '2022-12-03 16:38:27', '2022-12-03 16:38:27'),
(2162, 'Ratchaburi', 1, 0, 0, '2022-12-03 16:38:27', '2022-12-03 16:38:27'),
(2163, 'Rayong', 1, 0, 0, '2022-12-03 16:38:27', '2022-12-03 16:38:27'),
(2164, 'Roi Et', 1, 0, 0, '2022-12-03 16:38:27', '2022-12-03 16:38:27'),
(2165, 'Sa Kaeo', 1, 0, 0, '2022-12-03 16:38:27', '2022-12-03 16:38:27'),
(2166, 'Sakon Nakhon', 1, 0, 0, '2022-12-03 16:38:27', '2022-12-03 16:38:27'),
(2167, 'Samut Prakan', 1, 0, 0, '2022-12-03 16:38:27', '2022-12-03 16:38:27'),
(2168, 'Samut Sakhon', 1, 0, 0, '2022-12-03 16:38:27', '2022-12-03 16:38:27'),
(2169, 'Samut Songkhran', 1, 0, 0, '2022-12-03 16:38:27', '2022-12-03 16:38:27'),
(2170, 'Saraburi', 1, 0, 0, '2022-12-03 16:38:27', '2022-12-03 16:38:27'),
(2172, 'Si Sa Ket', 1, 0, 0, '2022-12-03 16:38:27', '2022-12-03 16:38:27'),
(2173, 'Sing Buri', 1, 0, 0, '2022-12-03 16:38:27', '2022-12-03 16:38:27'),
(2174, 'Songkhla', 1, 0, 0, '2022-12-03 16:38:27', '2022-12-03 16:38:27'),
(2175, 'Sukhothai', 1, 0, 0, '2022-12-03 16:38:27', '2022-12-03 16:38:27'),
(2176, 'Suphan Buri', 1, 0, 0, '2022-12-03 16:38:27', '2022-12-03 16:38:27'),
(2177, 'Surat Thani', 1, 0, 0, '2022-12-03 16:38:27', '2022-12-03 16:38:27'),
(2178, 'Surin', 1, 0, 0, '2022-12-03 16:38:27', '2022-12-03 16:38:27'),
(2180, 'Trang', 1, 0, 0, '2022-12-03 16:38:27', '2022-12-03 16:38:27'),
(2182, 'Ubon Ratchathani', 1, 0, 0, '2022-12-03 16:38:27', '2022-12-03 16:38:27'),
(2183, 'Udon Thani', 1, 0, 0, '2022-12-03 16:38:27', '2022-12-03 16:38:27'),
(2184, 'Uthai Thani', 1, 0, 0, '2022-12-03 16:38:27', '2022-12-03 16:38:27'),
(2185, 'Uttaradit', 1, 0, 0, '2022-12-03 16:38:27', '2022-12-03 16:38:27'),
(2186, 'Yala', 1, 0, 0, '2022-12-03 16:38:27', '2022-12-03 16:38:27'),
(2187, 'Yasothon', 1, 0, 0, '2022-12-03 16:38:27', '2022-12-03 16:38:27'),
(2188, 'Busan', 1, 0, 0, '2022-12-03 16:38:27', '2022-12-03 16:38:27'),
(2189, 'Daegu', 1, 0, 0, '2022-12-03 16:38:27', '2022-12-03 16:38:27'),
(2191, 'Gangwon', 1, 0, 0, '2022-12-03 16:38:27', '2022-12-03 16:38:27'),
(2192, 'Gwangju', 1, 0, 0, '2022-12-03 16:38:27', '2022-12-03 16:38:27'),
(2193, 'Gyeonggi', 1, 0, 0, '2022-12-03 16:38:27', '2022-12-03 16:38:27'),
(2194, 'Gyeongsangbuk', 1, 0, 0, '2022-12-03 16:38:27', '2022-12-03 16:38:27'),
(2195, 'Gyeongsangnam', 1, 0, 0, '2022-12-03 16:38:27', '2022-12-03 16:38:27'),
(2196, 'Jeju', 1, 0, 0, '2022-12-03 16:38:27', '2022-12-03 16:38:27'),
(2201, 'Delhi', 1, 0, 0, '2022-12-03 16:38:27', '2022-12-03 16:38:27'),
(2202, 'Región de Los Ríos', 1, 0, 0, '2022-12-03 16:38:27', '2022-12-03 16:38:27');
INSERT INTO `states` (`id_state`, `state`, `available`, `created_by`, `updated_by`, `created_at`, `updated_at`) VALUES
(2203, 'Región de Arica y Parinacota', 1, 0, 0, '2022-12-03 16:38:27', '2022-12-03 16:38:27'),
(2204, 'Otro', 1, 0, 0, '2023-05-03 20:33:46', '2023-05-03 20:33:46');

-- --------------------------------------------------------

--
-- Estructura de tabla para la tabla `tablausd`
--

CREATE TABLE `tablausd` (
  `IDsystemUSD` int(11) NOT NULL,
  `preciobaseUSD` float NOT NULL,
  `cantidadUSD` float NOT NULL,
  `comisionUSD` float NOT NULL,
  `descuentoUSD` float DEFAULT NULL
) ENGINE=InnoDB DEFAULT CHARSET=latin1 COLLATE=latin1_swedish_ci ROW_FORMAT=DYNAMIC;

--
-- Índices para tablas volcadas
--

--
-- Indices de la tabla `catalogo_categorias_programas`
--
ALTER TABLE `catalogo_categorias_programas`
  ADD PRIMARY KEY (`idsystemcatproon`) USING BTREE;

--
-- Indices de la tabla `catalogo_clientes`
--
ALTER TABLE `catalogo_clientes`
  ADD PRIMARY KEY (`idsystemcli`) USING BTREE;

--
-- Indices de la tabla `catalogo_cobros`
--
ALTER TABLE `catalogo_cobros`
  ADD PRIMARY KEY (`idsystemcobrocat`) USING BTREE,
  ADD KEY `descuentos_idsystemdescuento` (`descuentos_idsystemdescuento`) USING BTREE,
  ADD KEY `clientes_idsystemcli` (`clientes_idsystemcli`) USING BTREE,
  ADD KEY `forma_depago_IDsystemapades` (`forma_depago_IDsystemapades`) USING BTREE,
  ADD KEY `tablausd_idsystemusd` (`tablausd_idsystemusd`) USING BTREE;

--
-- Indices de la tabla `catalogo_cobros_items`
--
ALTER TABLE `catalogo_cobros_items`
  ADD PRIMARY KEY (`idsystemcobrocataitem`) USING BTREE,
  ADD KEY `cobroscata_idsystemcobrocat` (`cobroscata_idsystemcobrocat`) USING BTREE,
  ADD KEY `catalogo_productos_idsystemcatpro` (`catalogo_productos_idsystemcatpro`) USING BTREE,
  ADD KEY `clientes_idsystemcli` (`clientes_idsystemcli`) USING BTREE,
  ADD KEY `paquetes_idsystempaquete` (`paquetes_idsystempaquete`) USING BTREE;

--
-- Indices de la tabla `catalogo_descuentos`
--
ALTER TABLE `catalogo_descuentos`
  ADD PRIMARY KEY (`idsystemdescuento`) USING BTREE;

--
-- Indices de la tabla `catalogo_forma_depago`
--
ALTER TABLE `catalogo_forma_depago`
  ADD PRIMARY KEY (`IDsystemapades`) USING BTREE;

--
-- Indices de la tabla `catalogo_productos`
--
ALTER TABLE `catalogo_productos`
  ADD PRIMARY KEY (`idsystemcatpro`) USING BTREE,
  ADD KEY `descuentos_idsystemdescuento` (`descuentos_idsystemdescuento`) USING BTREE,
  ADD KEY `catalogo_tipoproductos_idsystemtipopro` (`catalogo_tipoproductos_idsystemtipopro`) USING BTREE,
  ADD KEY `producto_modalidad_idsystemprodmod` (`producto_modalidad_idsystemprodmod`) USING BTREE,
  ADD KEY `categorias_programasonline_idsystemcatproon` (`categorias_programasonline_idsystemcatproon`) USING BTREE,
  ADD KEY `empresa_idsystemEmpresa` (`empresa_idsystemEmpresa`) USING BTREE;

--
-- Indices de la tabla `catalogo_producto_modalidad`
--
ALTER TABLE `catalogo_producto_modalidad`
  ADD PRIMARY KEY (`idsystemprodmod`) USING BTREE;

--
-- Indices de la tabla `catalogo_tipoproductos`
--
ALTER TABLE `catalogo_tipoproductos`
  ADD PRIMARY KEY (`idsystemtipopro`) USING BTREE;

--
-- Indices de la tabla `categories_services`
--
ALTER TABLE `categories_services`
  ADD PRIMARY KEY (`id_category`) USING BTREE;

--
-- Indices de la tabla `comisiones_porcentajes`
--
ALTER TABLE `comisiones_porcentajes`
  ADD PRIMARY KEY (`idsystemcomper`) USING BTREE;

--
-- Indices de la tabla `configuracion`
--
ALTER TABLE `configuracion`
  ADD PRIMARY KEY (`configuracion_id`) USING BTREE;

--
-- Indices de la tabla `countries`
--
ALTER TABLE `countries`
  ADD PRIMARY KEY (`id_country`);

--
-- Indices de la tabla `country_states`
--
ALTER TABLE `country_states`
  ADD PRIMARY KEY (`id_country_state`),
  ADD KEY `id_country` (`id_country`),
  ADD KEY `id_state` (`id_state`);

--
-- Indices de la tabla `deliverables`
--
ALTER TABLE `deliverables`
  ADD PRIMARY KEY (`id_deliverable`);

--
-- Indices de la tabla `document_settings`
--
ALTER TABLE `document_settings`
  ADD PRIMARY KEY (`id_document`),
  ADD KEY `document-setting-a-productos` (`id_producto`);

--
-- Indices de la tabla `empresa`
--
ALTER TABLE `empresa`
  ADD PRIMARY KEY (`idsystemEmpresa`) USING BTREE;

--
-- Indices de la tabla `estados`
--
ALTER TABLE `estados`
  ADD PRIMARY KEY (`id`) USING BTREE;

--
-- Indices de la tabla `estados_municipios`
--
ALTER TABLE `estados_municipios`
  ADD PRIMARY KEY (`id`) USING BTREE,
  ADD UNIQUE KEY `estados_id` (`estados_id`,`municipios_id`) USING BTREE,
  ADD KEY `municipios_id_refs_id_6d8b23ec` (`municipios_id`) USING BTREE;

--
-- Indices de la tabla `fonts_for_desgin`
--
ALTER TABLE `fonts_for_desgin`
  ADD PRIMARY KEY (`id_font`);

--
-- Indices de la tabla `logueo`
--
ALTER TABLE `logueo`
  ADD PRIMARY KEY (`id_logueo`) USING BTREE,
  ADD KEY `logueoroles_IDsystemlogueorol` (`logueoroles_IDsystemlogueorol`) USING BTREE;

--
-- Indices de la tabla `logueoroles`
--
ALTER TABLE `logueoroles`
  ADD PRIMARY KEY (`IDsystemlogueorol`) USING BTREE;

--
-- Indices de la tabla `municipios`
--
ALTER TABLE `municipios`
  ADD PRIMARY KEY (`id`) USING BTREE;

--
-- Indices de la tabla `paquetes`
--
ALTER TABLE `paquetes`
  ADD PRIMARY KEY (`idsystempaquete`) USING BTREE,
  ADD KEY `descuentos_idsystemdescuento` (`descuentos_idsystemdescuento`) USING BTREE;

--
-- Indices de la tabla `paquetes_catalogo_productos`
--
ALTER TABLE `paquetes_catalogo_productos`
  ADD PRIMARY KEY (`paquetes_idsystempaquete`,`catalogo_productos_idsystemcatpro`) USING BTREE,
  ADD KEY `catalogo_productos_idsystemcatpro` (`catalogo_productos_idsystemcatpro`) USING BTREE;

--
-- Indices de la tabla `services`
--
ALTER TABLE `services`
  ADD PRIMARY KEY (`id_service`) USING BTREE,
  ADD KEY `fk_services_key_category` (`id_category`) USING BTREE;

--
-- Indices de la tabla `states`
--
ALTER TABLE `states`
  ADD PRIMARY KEY (`id_state`);

--
-- Indices de la tabla `tablausd`
--
ALTER TABLE `tablausd`
  ADD PRIMARY KEY (`IDsystemUSD`) USING BTREE;

--
-- AUTO_INCREMENT de las tablas volcadas
--

--
-- AUTO_INCREMENT de la tabla `catalogo_categorias_programas`
--
ALTER TABLE `catalogo_categorias_programas`
  MODIFY `idsystemcatproon` int(11) NOT NULL AUTO_INCREMENT, AUTO_INCREMENT=5;

--
-- AUTO_INCREMENT de la tabla `catalogo_clientes`
--
ALTER TABLE `catalogo_clientes`
  MODIFY `idsystemcli` int(11) NOT NULL AUTO_INCREMENT, AUTO_INCREMENT=13;

--
-- AUTO_INCREMENT de la tabla `catalogo_cobros`
--
ALTER TABLE `catalogo_cobros`
  MODIFY `idsystemcobrocat` int(11) NOT NULL AUTO_INCREMENT, AUTO_INCREMENT=13;

--
-- AUTO_INCREMENT de la tabla `catalogo_cobros_items`
--
ALTER TABLE `catalogo_cobros_items`
  MODIFY `idsystemcobrocataitem` int(11) NOT NULL AUTO_INCREMENT, AUTO_INCREMENT=11;

--
-- AUTO_INCREMENT de la tabla `catalogo_descuentos`
--
ALTER TABLE `catalogo_descuentos`
  MODIFY `idsystemdescuento` int(11) NOT NULL AUTO_INCREMENT, AUTO_INCREMENT=3;

--
-- AUTO_INCREMENT de la tabla `catalogo_forma_depago`
--
ALTER TABLE `catalogo_forma_depago`
  MODIFY `IDsystemapades` int(11) NOT NULL AUTO_INCREMENT, AUTO_INCREMENT=7;

--
-- AUTO_INCREMENT de la tabla `catalogo_productos`
--
ALTER TABLE `catalogo_productos`
  MODIFY `idsystemcatpro` int(11) NOT NULL AUTO_INCREMENT, AUTO_INCREMENT=9;

--
-- AUTO_INCREMENT de la tabla `catalogo_producto_modalidad`
--
ALTER TABLE `catalogo_producto_modalidad`
  MODIFY `idsystemprodmod` int(11) NOT NULL AUTO_INCREMENT, AUTO_INCREMENT=4;

--
-- AUTO_INCREMENT de la tabla `catalogo_tipoproductos`
--
ALTER TABLE `catalogo_tipoproductos`
  MODIFY `idsystemtipopro` int(11) NOT NULL AUTO_INCREMENT, AUTO_INCREMENT=3;

--
-- AUTO_INCREMENT de la tabla `categories_services`
--
ALTER TABLE `categories_services`
  MODIFY `id_category` int(11) NOT NULL AUTO_INCREMENT, AUTO_INCREMENT=7;

--
-- AUTO_INCREMENT de la tabla `comisiones_porcentajes`
--
ALTER TABLE `comisiones_porcentajes`
  MODIFY `idsystemcomper` int(11) NOT NULL AUTO_INCREMENT, AUTO_INCREMENT=5;

--
-- AUTO_INCREMENT de la tabla `configuracion`
--
ALTER TABLE `configuracion`
  MODIFY `configuracion_id` int(11) NOT NULL AUTO_INCREMENT, AUTO_INCREMENT=10;

--
-- AUTO_INCREMENT de la tabla `countries`
--
ALTER TABLE `countries`
  MODIFY `id_country` int(3) NOT NULL AUTO_INCREMENT, AUTO_INCREMENT=248;

--
-- AUTO_INCREMENT de la tabla `country_states`
--
ALTER TABLE `country_states`
  MODIFY `id_country_state` int(4) NOT NULL AUTO_INCREMENT, AUTO_INCREMENT=2205;

--
-- AUTO_INCREMENT de la tabla `deliverables`
--
ALTER TABLE `deliverables`
  MODIFY `id_deliverable` int(11) NOT NULL AUTO_INCREMENT, AUTO_INCREMENT=177;

--
-- AUTO_INCREMENT de la tabla `document_settings`
--
ALTER TABLE `document_settings`
  MODIFY `id_document` int(10) NOT NULL AUTO_INCREMENT, AUTO_INCREMENT=10;

--
-- AUTO_INCREMENT de la tabla `empresa`
--
ALTER TABLE `empresa`
  MODIFY `idsystemEmpresa` int(11) NOT NULL AUTO_INCREMENT, AUTO_INCREMENT=2;

--
-- AUTO_INCREMENT de la tabla `estados`
--
ALTER TABLE `estados`
  MODIFY `id` int(11) NOT NULL AUTO_INCREMENT, AUTO_INCREMENT=34;

--
-- AUTO_INCREMENT de la tabla `estados_municipios`
--
ALTER TABLE `estados_municipios`
  MODIFY `id` int(11) NOT NULL AUTO_INCREMENT, AUTO_INCREMENT=2459;

--
-- AUTO_INCREMENT de la tabla `fonts_for_desgin`
--
ALTER TABLE `fonts_for_desgin`
  MODIFY `id_font` int(10) NOT NULL AUTO_INCREMENT, AUTO_INCREMENT=4;

--
-- AUTO_INCREMENT de la tabla `logueo`
--
ALTER TABLE `logueo`
  MODIFY `id_logueo` int(11) NOT NULL AUTO_INCREMENT, AUTO_INCREMENT=5;

--
-- AUTO_INCREMENT de la tabla `logueoroles`
--
ALTER TABLE `logueoroles`
  MODIFY `IDsystemlogueorol` int(11) NOT NULL AUTO_INCREMENT, AUTO_INCREMENT=4;

--
-- AUTO_INCREMENT de la tabla `municipios`
--
ALTER TABLE `municipios`
  MODIFY `id` int(11) NOT NULL AUTO_INCREMENT, AUTO_INCREMENT=2459;

--
-- AUTO_INCREMENT de la tabla `paquetes`
--
ALTER TABLE `paquetes`
  MODIFY `idsystempaquete` int(11) NOT NULL AUTO_INCREMENT;

--
-- AUTO_INCREMENT de la tabla `services`
--
ALTER TABLE `services`
  MODIFY `id_service` int(11) NOT NULL AUTO_INCREMENT;

--
-- AUTO_INCREMENT de la tabla `states`
--
ALTER TABLE `states`
  MODIFY `id_state` int(4) NOT NULL AUTO_INCREMENT, AUTO_INCREMENT=2205;

--
-- AUTO_INCREMENT de la tabla `tablausd`
--
ALTER TABLE `tablausd`
  MODIFY `IDsystemUSD` int(11) NOT NULL AUTO_INCREMENT;

--
-- Restricciones para tablas volcadas
--

--
-- Filtros para la tabla `catalogo_cobros`
--
ALTER TABLE `catalogo_cobros`
  ADD CONSTRAINT `catalogo_cobros_ibfk_1` FOREIGN KEY (`forma_depago_IDsystemapades`) REFERENCES `catalogo_forma_depago` (`IDsystemapades`),
  ADD CONSTRAINT `cobroscata_ibfk_1` FOREIGN KEY (`descuentos_idsystemdescuento`) REFERENCES `catalogo_descuentos` (`idsystemdescuento`),
  ADD CONSTRAINT `cobroscata_ibfk_2` FOREIGN KEY (`clientes_idsystemcli`) REFERENCES `catalogo_clientes` (`idsystemcli`),
  ADD CONSTRAINT `cobroscata_ibfk_4` FOREIGN KEY (`tablausd_idsystemusd`) REFERENCES `tablausd` (`IDsystemUSD`);

--
-- Filtros para la tabla `catalogo_cobros_items`
--
ALTER TABLE `catalogo_cobros_items`
  ADD CONSTRAINT `cobroscata_items_ibfk_1` FOREIGN KEY (`cobroscata_idsystemcobrocat`) REFERENCES `catalogo_cobros` (`idsystemcobrocat`),
  ADD CONSTRAINT `cobroscata_items_ibfk_2` FOREIGN KEY (`catalogo_productos_idsystemcatpro`) REFERENCES `catalogo_productos` (`idsystemcatpro`),
  ADD CONSTRAINT `cobroscata_items_ibfk_3` FOREIGN KEY (`clientes_idsystemcli`) REFERENCES `catalogo_clientes` (`idsystemcli`),
  ADD CONSTRAINT `cobroscata_items_ibfk_4` FOREIGN KEY (`paquetes_idsystempaquete`) REFERENCES `paquetes` (`idsystempaquete`);

--
-- Filtros para la tabla `catalogo_productos`
--
ALTER TABLE `catalogo_productos`
  ADD CONSTRAINT `catalogo_productos_ibfk_1` FOREIGN KEY (`descuentos_idsystemdescuento`) REFERENCES `catalogo_descuentos` (`idsystemdescuento`),
  ADD CONSTRAINT `catalogo_productos_ibfk_2` FOREIGN KEY (`catalogo_tipoproductos_idsystemtipopro`) REFERENCES `catalogo_tipoproductos` (`idsystemtipopro`),
  ADD CONSTRAINT `catalogo_productos_ibfk_4` FOREIGN KEY (`producto_modalidad_idsystemprodmod`) REFERENCES `catalogo_producto_modalidad` (`idsystemprodmod`),
  ADD CONSTRAINT `catalogo_productos_ibfk_5` FOREIGN KEY (`categorias_programasonline_idsystemcatproon`) REFERENCES `catalogo_categorias_programas` (`idsystemcatproon`),
  ADD CONSTRAINT `catalogo_productos_ibfk_6` FOREIGN KEY (`empresa_idsystemEmpresa`) REFERENCES `empresa` (`idsystemEmpresa`);

--
-- Filtros para la tabla `country_states`
--
ALTER TABLE `country_states`
  ADD CONSTRAINT `country_states_ibfk_1` FOREIGN KEY (`id_country`) REFERENCES `countries` (`id_country`),
  ADD CONSTRAINT `country_states_ibfk_2` FOREIGN KEY (`id_state`) REFERENCES `states` (`id_state`);

--
-- Filtros para la tabla `document_settings`
--
ALTER TABLE `document_settings`
  ADD CONSTRAINT `document-setting-a-productos` FOREIGN KEY (`id_producto`) REFERENCES `catalogo_productos` (`idsystemcatpro`) ON DELETE NO ACTION ON UPDATE NO ACTION;

--
-- Filtros para la tabla `estados_municipios`
--
ALTER TABLE `estados_municipios`
  ADD CONSTRAINT `estados_municipios_ibfk_1` FOREIGN KEY (`estados_id`) REFERENCES `estados` (`id`),
  ADD CONSTRAINT `estados_municipios_ibfk_2` FOREIGN KEY (`municipios_id`) REFERENCES `municipios` (`id`);

--
-- Filtros para la tabla `logueo`
--
ALTER TABLE `logueo`
  ADD CONSTRAINT `logueo_ibfk_1` FOREIGN KEY (`logueoroles_IDsystemlogueorol`) REFERENCES `logueoroles` (`IDsystemlogueorol`);

--
-- Filtros para la tabla `paquetes`
--
ALTER TABLE `paquetes`
  ADD CONSTRAINT `paquetes_ibfk_1` FOREIGN KEY (`descuentos_idsystemdescuento`) REFERENCES `catalogo_descuentos` (`idsystemdescuento`);

--
-- Filtros para la tabla `paquetes_catalogo_productos`
--
ALTER TABLE `paquetes_catalogo_productos`
  ADD CONSTRAINT `paquetes_catalogo_productos_ibfk_1` FOREIGN KEY (`paquetes_idsystempaquete`) REFERENCES `paquetes` (`idsystempaquete`),
  ADD CONSTRAINT `paquetes_catalogo_productos_ibfk_2` FOREIGN KEY (`catalogo_productos_idsystemcatpro`) REFERENCES `catalogo_productos` (`idsystemcatpro`);

--
-- Filtros para la tabla `services`
--
ALTER TABLE `services`
  ADD CONSTRAINT `fk_services_key_category` FOREIGN KEY (`id_category`) REFERENCES `categories_services` (`id_category`);
COMMIT;

/*!40101 SET CHARACTER_SET_CLIENT=@OLD_CHARACTER_SET_CLIENT */;
/*!40101 SET CHARACTER_SET_RESULTS=@OLD_CHARACTER_SET_RESULTS */;
/*!40101 SET COLLATION_CONNECTION=@OLD_COLLATION_CONNECTION */;
